codigo_entidad,descripcion_entidad,codigo_dato,descripcion_dato,valor_dato,formato,año,mes,mes_str,origen
00007,BANCO DE GALICIA Y BUENOS AIRES S.A.,100010000000,A C T I V O,36455956408.0,N,2026,1,2026-01,balres
00007,BANCO DE GALICIA Y BUENOS AIRES S.A.,100010100000,Efectivo y deposito en bancos,9249225153.0,N,2026,1,2026-01,balres
00007,BANCO DE GALICIA Y BUENOS AIRES S.A.,100010200000,Títulos Públicos y Privados,5429874246.0,N,2026,1,2026-01,balres
00007,BANCO DE GALICIA Y BUENOS AIRES S.A.,100010300000,Préstamos,17611911301.0,N,2026,1,2026-01,balres
00007,BANCO DE GALICIA Y BUENOS AIRES S.A.,100010301000,Sector Público no Financiero,9744461.0,N,2026,1,2026-01,balres
00007,BANCO DE GALICIA Y BUENOS AIRES S.A.,100010302000,Sector Financiero,691741630.0,N,2026,1,2026-01,balres
00007,BANCO DE GALICIA Y BUENOS AIRES S.A.,100010303000,Sector Privado no Financiero y Residentes en el Ext.,18363382647.0,N,2026,1,2026-01,balres
00007,BANCO DE GALICIA Y BUENOS AIRES S.A.,100010303001,Adelantos,1159874390.0,N,2026,1,2026-01,balres
00007,BANCO DE GALICIA Y BUENOS AIRES S.A.,100010303005,"Doc a sola firma, descont. y comprados",7378303583.0,N,2026,1,2026-01,balres
00007,BANCO DE GALICIA Y BUENOS AIRES S.A.,100010303010,Hipotecarios,1087910112.0,N,2026,1,2026-01,balres
00007,BANCO DE GALICIA Y BUENOS AIRES S.A.,100010303015,Prendarios,658706446.0,N,2026,1,2026-01,balres
00007,BANCO DE GALICIA Y BUENOS AIRES S.A.,100010303020,Personales,2104270587.0,N,2026,1,2026-01,balres
00007,BANCO DE GALICIA Y BUENOS AIRES S.A.,100010303030,Otros,5161383860.0,N,2026,1,2026-01,balres
00007,BANCO DE GALICIA Y BUENOS AIRES S.A.,100010303045,Intereses y dif. cotiz. deveng. a cobrar,1018656345.0,N,2026,1,2026-01,balres
00007,BANCO DE GALICIA Y BUENOS AIRES S.A.,100010303050,Cobros no aplicados,-72460.0,N,2026,1,2026-01,balres
00007,BANCO DE GALICIA Y BUENOS AIRES S.A.,100010303055,Intereses documentados,-55525432.0,N,2026,1,2026-01,balres
00007,BANCO DE GALICIA Y BUENOS AIRES S.A.,100010303060,Ajustes NIIF,-150124784.0,N,2026,1,2026-01,balres
00007,BANCO DE GALICIA Y BUENOS AIRES S.A.,100010304000,Previsiones,-1452957437.0,N,2026,1,2026-01,balres
00007,BANCO DE GALICIA Y BUENOS AIRES S.A.,100010400000,Otros Cred.por Interm.Finan.,1493435982.0,N,2026,1,2026-01,balres
00007,BANCO DE GALICIA Y BUENOS AIRES S.A.,100010500000,Credito por arrendamiento financiero,50471879.0,N,2026,1,2026-01,balres
00007,BANCO DE GALICIA Y BUENOS AIRES S.A.,100010600000,Part. en otras Sociedades,12952846.0,N,2026,1,2026-01,balres
00007,BANCO DE GALICIA Y BUENOS AIRES S.A.,100010600005,En entidades financieras,0.0,N,2026,1,2026-01,balres
00007,BANCO DE GALICIA Y BUENOS AIRES S.A.,100010600020,Otras,12952846.0,N,2026,1,2026-01,balres
00007,BANCO DE GALICIA Y BUENOS AIRES S.A.,100010700000,Créditos Diversos,1004292295.0,N,2026,1,2026-01,balres
00007,BANCO DE GALICIA Y BUENOS AIRES S.A.,100010800000,"Propiedad, plantas y equipo",1151843271.0,N,2026,1,2026-01,balres
00007,BANCO DE GALICIA Y BUENOS AIRES S.A.,100010900000,Bienes Diversos,117704385.0,N,2026,1,2026-01,balres
00007,BANCO DE GALICIA Y BUENOS AIRES S.A.,100011000000,Activos Intangibles,332121833.0,N,2026,1,2026-01,balres
00007,BANCO DE GALICIA Y BUENOS AIRES S.A.,100011200000,Partidas Pend. de Imputación,2123217.0,N,2026,1,2026-01,balres
00007,BANCO DE GALICIA Y BUENOS AIRES S.A.,100020000000,P A S I V O,30268243521.0,N,2026,1,2026-01,balres
00007,BANCO DE GALICIA Y BUENOS AIRES S.A.,100020100000,Depósitos,25161075402.0,N,2026,1,2026-01,balres
00007,BANCO DE GALICIA Y BUENOS AIRES S.A.,100020101000,Sector Público no financiero,456158643.0,N,2026,1,2026-01,balres
00007,BANCO DE GALICIA Y BUENOS AIRES S.A.,100020102000,Sector Financiero,11333983.0,N,2026,1,2026-01,balres
00007,BANCO DE GALICIA Y BUENOS AIRES S.A.,100020103000,Sector Privado no Financiero y Residentes en el Ext.,24693582776.0,N,2026,1,2026-01,balres
00007,BANCO DE GALICIA Y BUENOS AIRES S.A.,100020103001,Cuentas corrientes,2149362219.0,N,2026,1,2026-01,balres
00007,BANCO DE GALICIA Y BUENOS AIRES S.A.,100020103005,Caja de ahorros,13341804104.0,N,2026,1,2026-01,balres
00007,BANCO DE GALICIA Y BUENOS AIRES S.A.,100020103010,Plazo fijo e inversiones a plazo,8915591300.0,N,2026,1,2026-01,balres
00007,BANCO DE GALICIA Y BUENOS AIRES S.A.,100020103015,Otros,98853064.0,N,2026,1,2026-01,balres
00007,BANCO DE GALICIA Y BUENOS AIRES S.A.,100020103020,Intereses y dif. cotiz. deveng. a pagar,187972089.0,N,2026,1,2026-01,balres
00007,BANCO DE GALICIA Y BUENOS AIRES S.A.,100020200000,Otras Oblig.por Intermed. Financ.,3901865297.0,N,2026,1,2026-01,balres
00007,BANCO DE GALICIA Y BUENOS AIRES S.A.,100020300000,Obligaciones Diversas,506811186.0,N,2026,1,2026-01,balres
00007,BANCO DE GALICIA Y BUENOS AIRES S.A.,100020400000,Provisiones,195422202.0,N,2026,1,2026-01,balres
00007,BANCO DE GALICIA Y BUENOS AIRES S.A.,100020500000,Obligaciones Subordinadas,500628943.0,N,2026,1,2026-01,balres
00007,BANCO DE GALICIA Y BUENOS AIRES S.A.,100020600000,Partidas Pendientes de Imputación,2440491.0,N,2026,1,2026-01,balres
00007,BANCO DE GALICIA Y BUENOS AIRES S.A.,100030000000,P A T R I M O N I O   N E T O,6187712887.0,N,2026,1,2026-01,balres
00007,BANCO DE GALICIA Y BUENOS AIRES S.A.,100030100000,"Capital, Aportes, Reservas y ORI acumulado",6276987919.0,N,2026,1,2026-01,balres
00007,BANCO DE GALICIA Y BUENOS AIRES S.A.,100030600000,Resultados no asignados,-89275032.0,N,2026,1,2026-01,balres
00007,BANCO DE GALICIA Y BUENOS AIRES S.A.,100040000000,R D O S. I N T E G R A L E S  A C U M.  D E L  P E R I O D O,-9481753.0,N,2026,1,2026-01,balres
00007,BANCO DE GALICIA Y BUENOS AIRES S.A.,100040100000,Ingresos financieros,685149613.0,N,2026,1,2026-01,balres
00007,BANCO DE GALICIA Y BUENOS AIRES S.A.,100040100005,Por Intereses,471953252.0,N,2026,1,2026-01,balres
00007,BANCO DE GALICIA Y BUENOS AIRES S.A.,100040100090,Otros Ingresos Financieros,213196361.0,N,2026,1,2026-01,balres
00007,BANCO DE GALICIA Y BUENOS AIRES S.A.,100040200000,Egresos financieros,-290924849.0,N,2026,1,2026-01,balres
00007,BANCO DE GALICIA Y BUENOS AIRES S.A.,100040200005,Por Intereses,-226304408.0,N,2026,1,2026-01,balres
00007,BANCO DE GALICIA Y BUENOS AIRES S.A.,100040200090,Otros Egresos Financieros,-64620441.0,N,2026,1,2026-01,balres
00007,BANCO DE GALICIA Y BUENOS AIRES S.A.,100040300000,Cargo por incobrabilidad,-193644953.0,N,2026,1,2026-01,balres
00007,BANCO DE GALICIA Y BUENOS AIRES S.A.,100040400000,Ingresos por servicios,115125602.0,N,2026,1,2026-01,balres
00007,BANCO DE GALICIA Y BUENOS AIRES S.A.,100040500000,Egresos por servicios,-51152255.0,N,2026,1,2026-01,balres
00007,BANCO DE GALICIA Y BUENOS AIRES S.A.,100040700000,Gastos de administración,-144207081.0,N,2026,1,2026-01,balres
00007,BANCO DE GALICIA Y BUENOS AIRES S.A.,100040800000,Créditos recuperados y previsiones desafectadas,3735873.0,N,2026,1,2026-01,balres
00007,BANCO DE GALICIA Y BUENOS AIRES S.A.,100041200000,Resultado monetario,-121265302.0,N,2026,1,2026-01,balres
00007,BANCO DE GALICIA Y BUENOS AIRES S.A.,100041300000,Otros,5971311.0,N,2026,1,2026-01,balres
00007,BANCO DE GALICIA Y BUENOS AIRES S.A.,100041400000,Impuesto a las ganancias,-2817066.0,N,2026,1,2026-01,balres
00007,BANCO DE GALICIA Y BUENOS AIRES S.A.,100041500000,Otro resultado integral,-15452646.0,N,2026,1,2026-01,balres
00007,BANCO DE GALICIA Y BUENOS AIRES S.A.,100050000000,PARTIDAS FUERA DE BALANCE,0.0,N,2026,1,2026-01,balres
00007,BANCO DE GALICIA Y BUENOS AIRES S.A.,100050100000,Créditos irrecuperables en partidas fuera del balance,758437998.0,N,2026,1,2026-01,balres
00007,BANCO DE GALICIA Y BUENOS AIRES S.A.,100050200000,Contingentes acreedoras,22546324091.0,N,2026,1,2026-01,balres
00007,BANCO DE GALICIA Y BUENOS AIRES S.A.,100050300000,De Control acreedoras,263448608.0,N,2026,1,2026-01,balres
00007,BANCO DE GALICIA Y BUENOS AIRES S.A.,100050400000,De Derivados acreedoras,2687738769.0,N,2026,1,2026-01,balres
00007,BANCO DE GALICIA Y BUENOS AIRES S.A.,100050600000,Contingentes deudoras,2308276827.0,N,2026,1,2026-01,balres
00007,BANCO DE GALICIA Y BUENOS AIRES S.A.,100050700000,De Control deudoras,115679668364.0,N,2026,1,2026-01,balres
00007,BANCO DE GALICIA Y BUENOS AIRES S.A.,100050800000,De Derivados deudoras,3140362175.0,N,2026,1,2026-01,balres
00007,BANCO DE GALICIA Y BUENOS AIRES S.A.,100050900000,De Actividad fiduciaria deudoras,27815854.0,N,2026,1,2026-01,balres
00011,BANCO DE LA NACION ARGENTINA,100010000000,A C T I V O,69751747228.0,N,2026,1,2026-01,balres
00011,BANCO DE LA NACION ARGENTINA,100010100000,Efectivo y deposito en bancos,7404392569.0,N,2026,1,2026-01,balres
00011,BANCO DE LA NACION ARGENTINA,100010200000,Títulos Públicos y Privados,26754372259.0,N,2026,1,2026-01,balres
00011,BANCO DE LA NACION ARGENTINA,100010300000,Préstamos,26341152394.0,N,2026,1,2026-01,balres
00011,BANCO DE LA NACION ARGENTINA,100010301000,Sector Público no Financiero,1441109684.0,N,2026,1,2026-01,balres
00011,BANCO DE LA NACION ARGENTINA,100010302000,Sector Financiero,56.0,N,2026,1,2026-01,balres
00011,BANCO DE LA NACION ARGENTINA,100010303000,Sector Privado no Financiero y Residentes en el Ext.,26389943286.0,N,2026,1,2026-01,balres
00011,BANCO DE LA NACION ARGENTINA,100010303001,Adelantos,649340659.0,N,2026,1,2026-01,balres
00011,BANCO DE LA NACION ARGENTINA,100010303005,"Doc a sola firma, descont. y comprados",7325337168.0,N,2026,1,2026-01,balres
00011,BANCO DE LA NACION ARGENTINA,100010303010,Hipotecarios,3451297194.0,N,2026,1,2026-01,balres
00011,BANCO DE LA NACION ARGENTINA,100010303015,Prendarios,1033074370.0,N,2026,1,2026-01,balres
00011,BANCO DE LA NACION ARGENTINA,100010303020,Personales,3592835878.0,N,2026,1,2026-01,balres
00011,BANCO DE LA NACION ARGENTINA,100010303030,Otros,5663867040.0,N,2026,1,2026-01,balres
00011,BANCO DE LA NACION ARGENTINA,100010303045,Intereses y dif. cotiz. deveng. a cobrar,4839770293.0,N,2026,1,2026-01,balres
00011,BANCO DE LA NACION ARGENTINA,100010303050,Cobros no aplicados,-4916279.0,N,2026,1,2026-01,balres
00011,BANCO DE LA NACION ARGENTINA,100010303055,Intereses documentados,-145648985.0,N,2026,1,2026-01,balres
00011,BANCO DE LA NACION ARGENTINA,100010303060,Ajustes NIIF,-15014052.0,N,2026,1,2026-01,balres
00011,BANCO DE LA NACION ARGENTINA,100010304000,Previsiones,-1489900632.0,N,2026,1,2026-01,balres
00011,BANCO DE LA NACION ARGENTINA,100010400000,Otros Cred.por Interm.Finan.,3909137604.0,N,2026,1,2026-01,balres
00011,BANCO DE LA NACION ARGENTINA,100010600000,Part. en otras Sociedades,1561610521.0,N,2026,1,2026-01,balres
00011,BANCO DE LA NACION ARGENTINA,100010600005,En entidades financieras,297996926.0,N,2026,1,2026-01,balres
00011,BANCO DE LA NACION ARGENTINA,100010600020,Otras,1263613595.0,N,2026,1,2026-01,balres
00011,BANCO DE LA NACION ARGENTINA,100010700000,Créditos Diversos,760125552.0,N,2026,1,2026-01,balres
00011,BANCO DE LA NACION ARGENTINA,100010800000,"Propiedad, plantas y equipo",1576648149.0,N,2026,1,2026-01,balres
00011,BANCO DE LA NACION ARGENTINA,100010900000,Bienes Diversos,121863911.0,N,2026,1,2026-01,balres
00011,BANCO DE LA NACION ARGENTINA,100011100000,Filiales en el Exterior,1264813516.0,N,2026,1,2026-01,balres
00011,BANCO DE LA NACION ARGENTINA,100011200000,Partidas Pend. de Imputación,57630753.0,N,2026,1,2026-01,balres
00011,BANCO DE LA NACION ARGENTINA,100020000000,P A S I V O,48216009618.0,N,2026,1,2026-01,balres
00011,BANCO DE LA NACION ARGENTINA,100020100000,Depósitos,44669853512.0,N,2026,1,2026-01,balres
00011,BANCO DE LA NACION ARGENTINA,100020101000,Sector Público no financiero,16502514821.0,N,2026,1,2026-01,balres
00011,BANCO DE LA NACION ARGENTINA,100020102000,Sector Financiero,52556490.0,N,2026,1,2026-01,balres
00011,BANCO DE LA NACION ARGENTINA,100020103000,Sector Privado no Financiero y Residentes en el Ext.,28114782201.0,N,2026,1,2026-01,balres
00011,BANCO DE LA NACION ARGENTINA,100020103001,Cuentas corrientes,1695248780.0,N,2026,1,2026-01,balres
00011,BANCO DE LA NACION ARGENTINA,100020103005,Caja de ahorros,7655356827.0,N,2026,1,2026-01,balres
00011,BANCO DE LA NACION ARGENTINA,100020103010,Plazo fijo e inversiones a plazo,17467556099.0,N,2026,1,2026-01,balres
00011,BANCO DE LA NACION ARGENTINA,100020103015,Otros,1023047917.0,N,2026,1,2026-01,balres
00011,BANCO DE LA NACION ARGENTINA,100020103020,Intereses y dif. cotiz. deveng. a pagar,273572578.0,N,2026,1,2026-01,balres
00011,BANCO DE LA NACION ARGENTINA,100020200000,Otras Oblig.por Intermed. Financ.,1071982101.0,N,2026,1,2026-01,balres
00011,BANCO DE LA NACION ARGENTINA,100020300000,Obligaciones Diversas,2151684770.0,N,2026,1,2026-01,balres
00011,BANCO DE LA NACION ARGENTINA,100020400000,Provisiones,262354608.0,N,2026,1,2026-01,balres
00011,BANCO DE LA NACION ARGENTINA,100020600000,Partidas Pendientes de Imputación,60134627.0,N,2026,1,2026-01,balres
00011,BANCO DE LA NACION ARGENTINA,100030000000,P A T R I M O N I O   N E T O,21535737610.0,N,2026,1,2026-01,balres
00011,BANCO DE LA NACION ARGENTINA,100030100000,"Capital, Aportes, Reservas y ORI acumulado",21010684462.0,N,2026,1,2026-01,balres
00011,BANCO DE LA NACION ARGENTINA,100030600000,Resultados no asignados,525053148.0,N,2026,1,2026-01,balres
00011,BANCO DE LA NACION ARGENTINA,100040000000,R D O S. I N T E G R A L E S  A C U M.  D E L  P E R I O D O,16686745.0,N,2026,1,2026-01,balres
00011,BANCO DE LA NACION ARGENTINA,100040100000,Ingresos financieros,1434209811.0,N,2026,1,2026-01,balres
00011,BANCO DE LA NACION ARGENTINA,100040100005,Por Intereses,954920383.0,N,2026,1,2026-01,balres
00011,BANCO DE LA NACION ARGENTINA,100040100090,Otros Ingresos Financieros,479289428.0,N,2026,1,2026-01,balres
00011,BANCO DE LA NACION ARGENTINA,100040200000,Egresos financieros,-571187735.0,N,2026,1,2026-01,balres
00011,BANCO DE LA NACION ARGENTINA,100040200005,Por Intereses,-485300238.0,N,2026,1,2026-01,balres
00011,BANCO DE LA NACION ARGENTINA,100040200090,Otros Egresos Financieros,-85887497.0,N,2026,1,2026-01,balres
00011,BANCO DE LA NACION ARGENTINA,100040300000,Cargo por incobrabilidad,-330334084.0,N,2026,1,2026-01,balres
00011,BANCO DE LA NACION ARGENTINA,100040400000,Ingresos por servicios,73206818.0,N,2026,1,2026-01,balres
00011,BANCO DE LA NACION ARGENTINA,100040500000,Egresos por servicios,-72670433.0,N,2026,1,2026-01,balres
00011,BANCO DE LA NACION ARGENTINA,100040700000,Gastos de administración,-180237348.0,N,2026,1,2026-01,balres
00011,BANCO DE LA NACION ARGENTINA,100040800000,Créditos recuperados y previsiones desafectadas,152298467.0,N,2026,1,2026-01,balres
00011,BANCO DE LA NACION ARGENTINA,100041200000,Resultado monetario,-478080071.0,N,2026,1,2026-01,balres
00011,BANCO DE LA NACION ARGENTINA,100041300000,Otros,-41814930.0,N,2026,1,2026-01,balres
00011,BANCO DE LA NACION ARGENTINA,100041400000,Impuesto a las ganancias,142924001.0,N,2026,1,2026-01,balres
00011,BANCO DE LA NACION ARGENTINA,100041500000,Otro resultado integral,-111627751.0,N,2026,1,2026-01,balres
00011,BANCO DE LA NACION ARGENTINA,100050000000,PARTIDAS FUERA DE BALANCE,0.0,N,2026,1,2026-01,balres
00011,BANCO DE LA NACION ARGENTINA,100050100000,Créditos irrecuperables en partidas fuera del balance,1140467860.0,N,2026,1,2026-01,balres
00011,BANCO DE LA NACION ARGENTINA,100050200000,Contingentes acreedoras,22341266092.0,N,2026,1,2026-01,balres
00011,BANCO DE LA NACION ARGENTINA,100050300000,De Control acreedoras,106160124.0,N,2026,1,2026-01,balres
00011,BANCO DE LA NACION ARGENTINA,100050400000,De Derivados acreedoras,0.0,N,2026,1,2026-01,balres
00011,BANCO DE LA NACION ARGENTINA,100050600000,Contingentes deudoras,43783191246.0,N,2026,1,2026-01,balres
00011,BANCO DE LA NACION ARGENTINA,100050700000,De Control deudoras,53202717765.0,N,2026,1,2026-01,balres
00011,BANCO DE LA NACION ARGENTINA,100050800000,De Derivados deudoras,0.0,N,2026,1,2026-01,balres
00011,BANCO DE LA NACION ARGENTINA,100050900000,De Actividad fiduciaria deudoras,3802400615.0,N,2026,1,2026-01,balres
00014,BANCO DE LA PROVINCIA DE BUENOS AIRES,100010000000,A C T I V O,20073508419.0,N,2026,1,2026-01,balres
00014,BANCO DE LA PROVINCIA DE BUENOS AIRES,100010100000,Efectivo y deposito en bancos,2969130579.0,N,2026,1,2026-01,balres
00014,BANCO DE LA PROVINCIA DE BUENOS AIRES,100010200000,Títulos Públicos y Privados,4729840082.0,N,2026,1,2026-01,balres
00014,BANCO DE LA PROVINCIA DE BUENOS AIRES,100010300000,Préstamos,9292708895.0,N,2026,1,2026-01,balres
00014,BANCO DE LA PROVINCIA DE BUENOS AIRES,100010301000,Sector Público no Financiero,16011172.0,N,2026,1,2026-01,balres
00014,BANCO DE LA PROVINCIA DE BUENOS AIRES,100010302000,Sector Financiero,8.0,N,2026,1,2026-01,balres
00014,BANCO DE LA PROVINCIA DE BUENOS AIRES,100010303000,Sector Privado no Financiero y Residentes en el Ext.,9900341397.0,N,2026,1,2026-01,balres
00014,BANCO DE LA PROVINCIA DE BUENOS AIRES,100010303001,Adelantos,162320490.0,N,2026,1,2026-01,balres
00014,BANCO DE LA PROVINCIA DE BUENOS AIRES,100010303005,"Doc a sola firma, descont. y comprados",2284866910.0,N,2026,1,2026-01,balres
00014,BANCO DE LA PROVINCIA DE BUENOS AIRES,100010303010,Hipotecarios,73753525.0,N,2026,1,2026-01,balres
00014,BANCO DE LA PROVINCIA DE BUENOS AIRES,100010303015,Prendarios,161145059.0,N,2026,1,2026-01,balres
00014,BANCO DE LA PROVINCIA DE BUENOS AIRES,100010303020,Personales,2088374773.0,N,2026,1,2026-01,balres
00014,BANCO DE LA PROVINCIA DE BUENOS AIRES,100010303030,Otros,3940340705.0,N,2026,1,2026-01,balres
00014,BANCO DE LA PROVINCIA DE BUENOS AIRES,100010303045,Intereses y dif. cotiz. deveng. a cobrar,1302056768.0,N,2026,1,2026-01,balres
00014,BANCO DE LA PROVINCIA DE BUENOS AIRES,100010303050,Cobros no aplicados,-765202.0,N,2026,1,2026-01,balres
00014,BANCO DE LA PROVINCIA DE BUENOS AIRES,100010303055,Intereses documentados,-23474722.0,N,2026,1,2026-01,balres
00014,BANCO DE LA PROVINCIA DE BUENOS AIRES,100010303060,Ajustes NIIF,-88276909.0,N,2026,1,2026-01,balres
00014,BANCO DE LA PROVINCIA DE BUENOS AIRES,100010304000,Previsiones,-623643682.0,N,2026,1,2026-01,balres
00014,BANCO DE LA PROVINCIA DE BUENOS AIRES,100010400000,Otros Cred.por Interm.Finan.,676853936.0,N,2026,1,2026-01,balres
00014,BANCO DE LA PROVINCIA DE BUENOS AIRES,100010500000,Credito por arrendamiento financiero,3950454.0,N,2026,1,2026-01,balres
00014,BANCO DE LA PROVINCIA DE BUENOS AIRES,100010600000,Part. en otras Sociedades,326424561.0,N,2026,1,2026-01,balres
00014,BANCO DE LA PROVINCIA DE BUENOS AIRES,100010600020,Otras,326484347.0,N,2026,1,2026-01,balres
00014,BANCO DE LA PROVINCIA DE BUENOS AIRES,100010600030,Deterioro de valor,-59786.0,N,2026,1,2026-01,balres
00014,BANCO DE LA PROVINCIA DE BUENOS AIRES,100010700000,Créditos Diversos,230263693.0,N,2026,1,2026-01,balres
00014,BANCO DE LA PROVINCIA DE BUENOS AIRES,100010800000,"Propiedad, plantas y equipo",1680438324.0,N,2026,1,2026-01,balres
00014,BANCO DE LA PROVINCIA DE BUENOS AIRES,100010900000,Bienes Diversos,37731659.0,N,2026,1,2026-01,balres
00014,BANCO DE LA PROVINCIA DE BUENOS AIRES,100011000000,Activos Intangibles,42015124.0,N,2026,1,2026-01,balres
00014,BANCO DE LA PROVINCIA DE BUENOS AIRES,100011100000,Filiales en el Exterior,67033581.0,N,2026,1,2026-01,balres
00014,BANCO DE LA PROVINCIA DE BUENOS AIRES,100011200000,Partidas Pend. de Imputación,17117531.0,N,2026,1,2026-01,balres
00014,BANCO DE LA PROVINCIA DE BUENOS AIRES,100020000000,P A S I V O,15961854334.0,N,2026,1,2026-01,balres
00014,BANCO DE LA PROVINCIA DE BUENOS AIRES,100020100000,Depósitos,14357522209.0,N,2026,1,2026-01,balres
00014,BANCO DE LA PROVINCIA DE BUENOS AIRES,100020101000,Sector Público no financiero,2190801428.0,N,2026,1,2026-01,balres
00014,BANCO DE LA PROVINCIA DE BUENOS AIRES,100020102000,Sector Financiero,15711314.0,N,2026,1,2026-01,balres
00014,BANCO DE LA PROVINCIA DE BUENOS AIRES,100020103000,Sector Privado no Financiero y Residentes en el Ext.,12151009467.0,N,2026,1,2026-01,balres
00014,BANCO DE LA PROVINCIA DE BUENOS AIRES,100020103001,Cuentas corrientes,1072840112.0,N,2026,1,2026-01,balres
00014,BANCO DE LA PROVINCIA DE BUENOS AIRES,100020103005,Caja de ahorros,5353806573.0,N,2026,1,2026-01,balres
00014,BANCO DE LA PROVINCIA DE BUENOS AIRES,100020103010,Plazo fijo e inversiones a plazo,5537407649.0,N,2026,1,2026-01,balres
00014,BANCO DE LA PROVINCIA DE BUENOS AIRES,100020103015,Otros,105428259.0,N,2026,1,2026-01,balres
00014,BANCO DE LA PROVINCIA DE BUENOS AIRES,100020103020,Intereses y dif. cotiz. deveng. a pagar,81526874.0,N,2026,1,2026-01,balres
00014,BANCO DE LA PROVINCIA DE BUENOS AIRES,100020200000,Otras Oblig.por Intermed. Financ.,1169420895.0,N,2026,1,2026-01,balres
00014,BANCO DE LA PROVINCIA DE BUENOS AIRES,100020300000,Obligaciones Diversas,297086003.0,N,2026,1,2026-01,balres
00014,BANCO DE LA PROVINCIA DE BUENOS AIRES,100020400000,Provisiones,132470808.0,N,2026,1,2026-01,balres
00014,BANCO DE LA PROVINCIA DE BUENOS AIRES,100020600000,Partidas Pendientes de Imputación,5354419.0,N,2026,1,2026-01,balres
00014,BANCO DE LA PROVINCIA DE BUENOS AIRES,100030000000,P A T R I M O N I O   N E T O,4111654085.0,N,2026,1,2026-01,balres
00014,BANCO DE LA PROVINCIA DE BUENOS AIRES,100030100000,"Capital, Aportes, Reservas y ORI acumulado",4085193847.0,N,2026,1,2026-01,balres
00014,BANCO DE LA PROVINCIA DE BUENOS AIRES,100030600000,Resultados no asignados,26460238.0,N,2026,1,2026-01,balres
00014,BANCO DE LA PROVINCIA DE BUENOS AIRES,100040000000,R D O S. I N T E G R A L E S  A C U M.  D E L  P E R I O D O,29189056.0,N,2026,1,2026-01,balres
00014,BANCO DE LA PROVINCIA DE BUENOS AIRES,100040100000,Ingresos financieros,440280647.0,N,2026,1,2026-01,balres
00014,BANCO DE LA PROVINCIA DE BUENOS AIRES,100040100005,Por Intereses,344897886.0,N,2026,1,2026-01,balres
00014,BANCO DE LA PROVINCIA DE BUENOS AIRES,100040100090,Otros Ingresos Financieros,95382761.0,N,2026,1,2026-01,balres
00014,BANCO DE LA PROVINCIA DE BUENOS AIRES,100040200000,Egresos financieros,-164098987.0,N,2026,1,2026-01,balres
00014,BANCO DE LA PROVINCIA DE BUENOS AIRES,100040200005,Por Intereses,-157820922.0,N,2026,1,2026-01,balres
00014,BANCO DE LA PROVINCIA DE BUENOS AIRES,100040200090,Otros Egresos Financieros,-6278065.0,N,2026,1,2026-01,balres
00014,BANCO DE LA PROVINCIA DE BUENOS AIRES,100040300000,Cargo por incobrabilidad,-59040747.0,N,2026,1,2026-01,balres
00014,BANCO DE LA PROVINCIA DE BUENOS AIRES,100040400000,Ingresos por servicios,65363048.0,N,2026,1,2026-01,balres
00014,BANCO DE LA PROVINCIA DE BUENOS AIRES,100040500000,Egresos por servicios,-52967946.0,N,2026,1,2026-01,balres
00014,BANCO DE LA PROVINCIA DE BUENOS AIRES,100040700000,Gastos de administración,-152958083.0,N,2026,1,2026-01,balres
00014,BANCO DE LA PROVINCIA DE BUENOS AIRES,100040800000,Créditos recuperados y previsiones desafectadas,643682.0,N,2026,1,2026-01,balres
00014,BANCO DE LA PROVINCIA DE BUENOS AIRES,100041200000,Resultado monetario,-54677616.0,N,2026,1,2026-01,balres
00014,BANCO DE LA PROVINCIA DE BUENOS AIRES,100041300000,Otros,6584409.0,N,2026,1,2026-01,balres
00014,BANCO DE LA PROVINCIA DE BUENOS AIRES,100041500000,Otro resultado integral,60649.0,N,2026,1,2026-01,balres
00014,BANCO DE LA PROVINCIA DE BUENOS AIRES,100050000000,PARTIDAS FUERA DE BALANCE,0.0,N,2026,1,2026-01,balres
00014,BANCO DE LA PROVINCIA DE BUENOS AIRES,100050100000,Créditos irrecuperables en partidas fuera del balance,147465526.0,N,2026,1,2026-01,balres
00014,BANCO DE LA PROVINCIA DE BUENOS AIRES,100050200000,Contingentes acreedoras,8334567590.0,N,2026,1,2026-01,balres
00014,BANCO DE LA PROVINCIA DE BUENOS AIRES,100050300000,De Control acreedoras,29736046.0,N,2026,1,2026-01,balres
00014,BANCO DE LA PROVINCIA DE BUENOS AIRES,100050400000,De Derivados acreedoras,14770000.0,N,2026,1,2026-01,balres
00014,BANCO DE LA PROVINCIA DE BUENOS AIRES,100050600000,Contingentes deudoras,2884922514.0,N,2026,1,2026-01,balres
00014,BANCO DE LA PROVINCIA DE BUENOS AIRES,100050700000,De Control deudoras,7653815381.0,N,2026,1,2026-01,balres
00014,BANCO DE LA PROVINCIA DE BUENOS AIRES,100050800000,De Derivados deudoras,56161000.0,N,2026,1,2026-01,balres
00014,BANCO DE LA PROVINCIA DE BUENOS AIRES,100050900000,De Actividad fiduciaria deudoras,652820344.0,N,2026,1,2026-01,balres
00015,INDUSTRIAL AND COMMERCIAL BANK OF CHINA (ARGENTINA) S.A.U.,100010000000,A C T I V O,13276562438.0,N,2026,1,2026-01,balres
00015,INDUSTRIAL AND COMMERCIAL BANK OF CHINA (ARGENTINA) S.A.U.,100010100000,Efectivo y deposito en bancos,2249763661.0,N,2026,1,2026-01,balres
00015,INDUSTRIAL AND COMMERCIAL BANK OF CHINA (ARGENTINA) S.A.U.,100010200000,Títulos Públicos y Privados,3081974008.0,N,2026,1,2026-01,balres
00015,INDUSTRIAL AND COMMERCIAL BANK OF CHINA (ARGENTINA) S.A.U.,100010300000,Préstamos,6190462978.0,N,2026,1,2026-01,balres
00015,INDUSTRIAL AND COMMERCIAL BANK OF CHINA (ARGENTINA) S.A.U.,100010301000,Sector Público no Financiero,1267662.0,N,2026,1,2026-01,balres
00015,INDUSTRIAL AND COMMERCIAL BANK OF CHINA (ARGENTINA) S.A.U.,100010302000,Sector Financiero,59152081.0,N,2026,1,2026-01,balres
00015,INDUSTRIAL AND COMMERCIAL BANK OF CHINA (ARGENTINA) S.A.U.,100010303000,Sector Privado no Financiero y Residentes en el Ext.,6318053759.0,N,2026,1,2026-01,balres
00015,INDUSTRIAL AND COMMERCIAL BANK OF CHINA (ARGENTINA) S.A.U.,100010303001,Adelantos,526540462.0,N,2026,1,2026-01,balres
00015,INDUSTRIAL AND COMMERCIAL BANK OF CHINA (ARGENTINA) S.A.U.,100010303005,"Doc a sola firma, descont. y comprados",158206736.0,N,2026,1,2026-01,balres
00015,INDUSTRIAL AND COMMERCIAL BANK OF CHINA (ARGENTINA) S.A.U.,100010303010,Hipotecarios,122599631.0,N,2026,1,2026-01,balres
00015,INDUSTRIAL AND COMMERCIAL BANK OF CHINA (ARGENTINA) S.A.U.,100010303015,Prendarios,839044066.0,N,2026,1,2026-01,balres
00015,INDUSTRIAL AND COMMERCIAL BANK OF CHINA (ARGENTINA) S.A.U.,100010303020,Personales,200621190.0,N,2026,1,2026-01,balres
00015,INDUSTRIAL AND COMMERCIAL BANK OF CHINA (ARGENTINA) S.A.U.,100010303030,Otros,4345244019.0,N,2026,1,2026-01,balres
00015,INDUSTRIAL AND COMMERCIAL BANK OF CHINA (ARGENTINA) S.A.U.,100010303045,Intereses y dif. cotiz. deveng. a cobrar,180974862.0,N,2026,1,2026-01,balres
00015,INDUSTRIAL AND COMMERCIAL BANK OF CHINA (ARGENTINA) S.A.U.,100010303050,Cobros no aplicados,-685493.0,N,2026,1,2026-01,balres
00015,INDUSTRIAL AND COMMERCIAL BANK OF CHINA (ARGENTINA) S.A.U.,100010303055,Intereses documentados,-6930473.0,N,2026,1,2026-01,balres
00015,INDUSTRIAL AND COMMERCIAL BANK OF CHINA (ARGENTINA) S.A.U.,100010303060,Ajustes NIIF,-47561241.0,N,2026,1,2026-01,balres
00015,INDUSTRIAL AND COMMERCIAL BANK OF CHINA (ARGENTINA) S.A.U.,100010304000,Previsiones,-188010524.0,N,2026,1,2026-01,balres
00015,INDUSTRIAL AND COMMERCIAL BANK OF CHINA (ARGENTINA) S.A.U.,100010400000,Otros Cred.por Interm.Finan.,779422872.0,N,2026,1,2026-01,balres
00015,INDUSTRIAL AND COMMERCIAL BANK OF CHINA (ARGENTINA) S.A.U.,100010500000,Credito por arrendamiento financiero,27139683.0,N,2026,1,2026-01,balres
00015,INDUSTRIAL AND COMMERCIAL BANK OF CHINA (ARGENTINA) S.A.U.,100010600000,Part. en otras Sociedades,11108597.0,N,2026,1,2026-01,balres
00015,INDUSTRIAL AND COMMERCIAL BANK OF CHINA (ARGENTINA) S.A.U.,100010600020,Otras,11108597.0,N,2026,1,2026-01,balres
00015,INDUSTRIAL AND COMMERCIAL BANK OF CHINA (ARGENTINA) S.A.U.,100010700000,Créditos Diversos,352134205.0,N,2026,1,2026-01,balres
00015,INDUSTRIAL AND COMMERCIAL BANK OF CHINA (ARGENTINA) S.A.U.,100010800000,"Propiedad, plantas y equipo",445230709.0,N,2026,1,2026-01,balres
00015,INDUSTRIAL AND COMMERCIAL BANK OF CHINA (ARGENTINA) S.A.U.,100010900000,Bienes Diversos,3439167.0,N,2026,1,2026-01,balres
00015,INDUSTRIAL AND COMMERCIAL BANK OF CHINA (ARGENTINA) S.A.U.,100011000000,Activos Intangibles,134905610.0,N,2026,1,2026-01,balres
00015,INDUSTRIAL AND COMMERCIAL BANK OF CHINA (ARGENTINA) S.A.U.,100011200000,Partidas Pend. de Imputación,980948.0,N,2026,1,2026-01,balres
00015,INDUSTRIAL AND COMMERCIAL BANK OF CHINA (ARGENTINA) S.A.U.,100020000000,P A S I V O,11054248215.0,N,2026,1,2026-01,balres
00015,INDUSTRIAL AND COMMERCIAL BANK OF CHINA (ARGENTINA) S.A.U.,100020100000,Depósitos,6989975765.0,N,2026,1,2026-01,balres
00015,INDUSTRIAL AND COMMERCIAL BANK OF CHINA (ARGENTINA) S.A.U.,100020101000,Sector Público no financiero,105226406.0,N,2026,1,2026-01,balres
00015,INDUSTRIAL AND COMMERCIAL BANK OF CHINA (ARGENTINA) S.A.U.,100020102000,Sector Financiero,971264.0,N,2026,1,2026-01,balres
00015,INDUSTRIAL AND COMMERCIAL BANK OF CHINA (ARGENTINA) S.A.U.,100020103000,Sector Privado no Financiero y Residentes en el Ext.,6883778095.0,N,2026,1,2026-01,balres
00015,INDUSTRIAL AND COMMERCIAL BANK OF CHINA (ARGENTINA) S.A.U.,100020103001,Cuentas corrientes,965498902.0,N,2026,1,2026-01,balres
00015,INDUSTRIAL AND COMMERCIAL BANK OF CHINA (ARGENTINA) S.A.U.,100020103005,Caja de ahorros,2671973653.0,N,2026,1,2026-01,balres
00015,INDUSTRIAL AND COMMERCIAL BANK OF CHINA (ARGENTINA) S.A.U.,100020103010,Plazo fijo e inversiones a plazo,3125404646.0,N,2026,1,2026-01,balres
00015,INDUSTRIAL AND COMMERCIAL BANK OF CHINA (ARGENTINA) S.A.U.,100020103015,Otros,51648223.0,N,2026,1,2026-01,balres
00015,INDUSTRIAL AND COMMERCIAL BANK OF CHINA (ARGENTINA) S.A.U.,100020103020,Intereses y dif. cotiz. deveng. a pagar,69252671.0,N,2026,1,2026-01,balres
00015,INDUSTRIAL AND COMMERCIAL BANK OF CHINA (ARGENTINA) S.A.U.,100020200000,Otras Oblig.por Intermed. Financ.,3763638097.0,N,2026,1,2026-01,balres
00015,INDUSTRIAL AND COMMERCIAL BANK OF CHINA (ARGENTINA) S.A.U.,100020300000,Obligaciones Diversas,217407223.0,N,2026,1,2026-01,balres
00015,INDUSTRIAL AND COMMERCIAL BANK OF CHINA (ARGENTINA) S.A.U.,100020400000,Provisiones,51372464.0,N,2026,1,2026-01,balres
00015,INDUSTRIAL AND COMMERCIAL BANK OF CHINA (ARGENTINA) S.A.U.,100020600000,Partidas Pendientes de Imputación,31854666.0,N,2026,1,2026-01,balres
00015,INDUSTRIAL AND COMMERCIAL BANK OF CHINA (ARGENTINA) S.A.U.,100030000000,P A T R I M O N I O   N E T O,2222314223.0,N,2026,1,2026-01,balres
00015,INDUSTRIAL AND COMMERCIAL BANK OF CHINA (ARGENTINA) S.A.U.,100030100000,"Capital, Aportes, Reservas y ORI acumulado",2076369120.0,N,2026,1,2026-01,balres
00015,INDUSTRIAL AND COMMERCIAL BANK OF CHINA (ARGENTINA) S.A.U.,100030600000,Resultados no asignados,145945103.0,N,2026,1,2026-01,balres
00015,INDUSTRIAL AND COMMERCIAL BANK OF CHINA (ARGENTINA) S.A.U.,100040000000,R D O S. I N T E G R A L E S  A C U M.  D E L  P E R I O D O,-7551111.0,N,2026,1,2026-01,balres
00015,INDUSTRIAL AND COMMERCIAL BANK OF CHINA (ARGENTINA) S.A.U.,100040100000,Ingresos financieros,267058988.0,N,2026,1,2026-01,balres
00015,INDUSTRIAL AND COMMERCIAL BANK OF CHINA (ARGENTINA) S.A.U.,100040100005,Por Intereses,153548640.0,N,2026,1,2026-01,balres
00015,INDUSTRIAL AND COMMERCIAL BANK OF CHINA (ARGENTINA) S.A.U.,100040100090,Otros Ingresos Financieros,113510348.0,N,2026,1,2026-01,balres
00015,INDUSTRIAL AND COMMERCIAL BANK OF CHINA (ARGENTINA) S.A.U.,100040200000,Egresos financieros,-128255502.0,N,2026,1,2026-01,balres
00015,INDUSTRIAL AND COMMERCIAL BANK OF CHINA (ARGENTINA) S.A.U.,100040200005,Por Intereses,-108740585.0,N,2026,1,2026-01,balres
00015,INDUSTRIAL AND COMMERCIAL BANK OF CHINA (ARGENTINA) S.A.U.,100040200090,Otros Egresos Financieros,-19514917.0,N,2026,1,2026-01,balres
00015,INDUSTRIAL AND COMMERCIAL BANK OF CHINA (ARGENTINA) S.A.U.,100040300000,Cargo por incobrabilidad,-254502897.0,N,2026,1,2026-01,balres
00015,INDUSTRIAL AND COMMERCIAL BANK OF CHINA (ARGENTINA) S.A.U.,100040400000,Ingresos por servicios,24242966.0,N,2026,1,2026-01,balres
00015,INDUSTRIAL AND COMMERCIAL BANK OF CHINA (ARGENTINA) S.A.U.,100040500000,Egresos por servicios,-14272288.0,N,2026,1,2026-01,balres
00015,INDUSTRIAL AND COMMERCIAL BANK OF CHINA (ARGENTINA) S.A.U.,100040700000,Gastos de administración,-74270450.0,N,2026,1,2026-01,balres
00015,INDUSTRIAL AND COMMERCIAL BANK OF CHINA (ARGENTINA) S.A.U.,100040800000,Créditos recuperados y previsiones desafectadas,235446477.0,N,2026,1,2026-01,balres
00015,INDUSTRIAL AND COMMERCIAL BANK OF CHINA (ARGENTINA) S.A.U.,100041200000,Resultado monetario,-45903883.0,N,2026,1,2026-01,balres
00015,INDUSTRIAL AND COMMERCIAL BANK OF CHINA (ARGENTINA) S.A.U.,100041300000,Otros,-13060897.0,N,2026,1,2026-01,balres
00015,INDUSTRIAL AND COMMERCIAL BANK OF CHINA (ARGENTINA) S.A.U.,100041400000,Impuesto a las ganancias,12043557.0,N,2026,1,2026-01,balres
00015,INDUSTRIAL AND COMMERCIAL BANK OF CHINA (ARGENTINA) S.A.U.,100041500000,Otro resultado integral,-16077182.0,N,2026,1,2026-01,balres
00015,INDUSTRIAL AND COMMERCIAL BANK OF CHINA (ARGENTINA) S.A.U.,100050000000,PARTIDAS FUERA DE BALANCE,0.0,N,2026,1,2026-01,balres
00015,INDUSTRIAL AND COMMERCIAL BANK OF CHINA (ARGENTINA) S.A.U.,100050100000,Créditos irrecuperables en partidas fuera del balance,199761076.0,N,2026,1,2026-01,balres
00015,INDUSTRIAL AND COMMERCIAL BANK OF CHINA (ARGENTINA) S.A.U.,100050200000,Contingentes acreedoras,5980120610.0,N,2026,1,2026-01,balres
00015,INDUSTRIAL AND COMMERCIAL BANK OF CHINA (ARGENTINA) S.A.U.,100050300000,De Control acreedoras,50618647.0,N,2026,1,2026-01,balres
00015,INDUSTRIAL AND COMMERCIAL BANK OF CHINA (ARGENTINA) S.A.U.,100050400000,De Derivados acreedoras,1226665321.0,N,2026,1,2026-01,balres
00015,INDUSTRIAL AND COMMERCIAL BANK OF CHINA (ARGENTINA) S.A.U.,100050600000,Contingentes deudoras,1636220319.0,N,2026,1,2026-01,balres
00015,INDUSTRIAL AND COMMERCIAL BANK OF CHINA (ARGENTINA) S.A.U.,100050700000,De Control deudoras,28328182725.0,N,2026,1,2026-01,balres
00015,INDUSTRIAL AND COMMERCIAL BANK OF CHINA (ARGENTINA) S.A.U.,100050800000,De Derivados deudoras,1559226166.0,N,2026,1,2026-01,balres
00016,CITIBANK N.A.,100010000000,A C T I V O,5629972054.0,N,2026,1,2026-01,balres
00016,CITIBANK N.A.,100010100000,Efectivo y deposito en bancos,1168310148.0,N,2026,1,2026-01,balres
00016,CITIBANK N.A.,100010200000,Títulos Públicos y Privados,1777012327.0,N,2026,1,2026-01,balres
00016,CITIBANK N.A.,100010300000,Préstamos,1255332514.0,N,2026,1,2026-01,balres
00016,CITIBANK N.A.,100010302000,Sector Financiero,177009.0,N,2026,1,2026-01,balres
00016,CITIBANK N.A.,100010303000,Sector Privado no Financiero y Residentes en el Ext.,1337959894.0,N,2026,1,2026-01,balres
00016,CITIBANK N.A.,100010303001,Adelantos,241296594.0,N,2026,1,2026-01,balres
00016,CITIBANK N.A.,100010303005,"Doc a sola firma, descont. y comprados",132506969.0,N,2026,1,2026-01,balres
00016,CITIBANK N.A.,100010303010,Hipotecarios,9161565.0,N,2026,1,2026-01,balres
00016,CITIBANK N.A.,100010303015,Prendarios,2385617.0,N,2026,1,2026-01,balres
00016,CITIBANK N.A.,100010303030,Otros,746661728.0,N,2026,1,2026-01,balres
00016,CITIBANK N.A.,100010303045,Intereses y dif. cotiz. deveng. a cobrar,209231228.0,N,2026,1,2026-01,balres
00016,CITIBANK N.A.,100010303050,Cobros no aplicados,0.0,N,2026,1,2026-01,balres
00016,CITIBANK N.A.,100010303055,Intereses documentados,-3283807.0,N,2026,1,2026-01,balres
00016,CITIBANK N.A.,100010304000,Previsiones,-82804389.0,N,2026,1,2026-01,balres
00016,CITIBANK N.A.,100010400000,Otros Cred.por Interm.Finan.,1040944710.0,N,2026,1,2026-01,balres
00016,CITIBANK N.A.,100010500000,Credito por arrendamiento financiero,2884032.0,N,2026,1,2026-01,balres
00016,CITIBANK N.A.,100010700000,Créditos Diversos,302594485.0,N,2026,1,2026-01,balres
00016,CITIBANK N.A.,100010800000,"Propiedad, plantas y equipo",82607501.0,N,2026,1,2026-01,balres
00016,CITIBANK N.A.,100010900000,Bienes Diversos,192998.0,N,2026,1,2026-01,balres
00016,CITIBANK N.A.,100011200000,Partidas Pend. de Imputación,93339.0,N,2026,1,2026-01,balres
00016,CITIBANK N.A.,100020000000,P A S I V O,3531911551.0,N,2026,1,2026-01,balres
00016,CITIBANK N.A.,100020100000,Depósitos,2595651729.0,N,2026,1,2026-01,balres
00016,CITIBANK N.A.,100020102000,Sector Financiero,343838.0,N,2026,1,2026-01,balres
00016,CITIBANK N.A.,100020103000,Sector Privado no Financiero y Residentes en el Ext.,2595307891.0,N,2026,1,2026-01,balres
00016,CITIBANK N.A.,100020103001,Cuentas corrientes,1910751917.0,N,2026,1,2026-01,balres
00016,CITIBANK N.A.,100020103005,Caja de ahorros,682169490.0,N,2026,1,2026-01,balres
00016,CITIBANK N.A.,100020103010,Plazo fijo e inversiones a plazo,0.0,N,2026,1,2026-01,balres
00016,CITIBANK N.A.,100020103020,Intereses y dif. cotiz. deveng. a pagar,2386484.0,N,2026,1,2026-01,balres
00016,CITIBANK N.A.,100020200000,Otras Oblig.por Intermed. Financ.,572076753.0,N,2026,1,2026-01,balres
00016,CITIBANK N.A.,100020300000,Obligaciones Diversas,355170674.0,N,2026,1,2026-01,balres
00016,CITIBANK N.A.,100020400000,Provisiones,9003923.0,N,2026,1,2026-01,balres
00016,CITIBANK N.A.,100020600000,Partidas Pendientes de Imputación,8472.0,N,2026,1,2026-01,balres
00016,CITIBANK N.A.,100030000000,P A T R I M O N I O   N E T O,2098060503.0,N,2026,1,2026-01,balres
00016,CITIBANK N.A.,100030100000,"Capital, Aportes, Reservas y ORI acumulado",1493956875.0,N,2026,1,2026-01,balres
00016,CITIBANK N.A.,100030600000,Resultados no asignados,604103628.0,N,2026,1,2026-01,balres
00016,CITIBANK N.A.,100040000000,R D O S. I N T E G R A L E S  A C U M.  D E L  P E R I O D O,30644146.0,N,2026,1,2026-01,balres
00016,CITIBANK N.A.,100040100000,Ingresos financieros,126160503.0,N,2026,1,2026-01,balres
00016,CITIBANK N.A.,100040100005,Por Intereses,38312957.0,N,2026,1,2026-01,balres
00016,CITIBANK N.A.,100040100090,Otros Ingresos Financieros,87847546.0,N,2026,1,2026-01,balres
00016,CITIBANK N.A.,100040200000,Egresos financieros,-6147567.0,N,2026,1,2026-01,balres
00016,CITIBANK N.A.,100040200005,Por Intereses,-2724130.0,N,2026,1,2026-01,balres
00016,CITIBANK N.A.,100040200090,Otros Egresos Financieros,-3423437.0,N,2026,1,2026-01,balres
00016,CITIBANK N.A.,100040300000,Cargo por incobrabilidad,0.0,N,2026,1,2026-01,balres
00016,CITIBANK N.A.,100040400000,Ingresos por servicios,12897912.0,N,2026,1,2026-01,balres
00016,CITIBANK N.A.,100040500000,Egresos por servicios,-5679866.0,N,2026,1,2026-01,balres
00016,CITIBANK N.A.,100040700000,Gastos de administración,-30811688.0,N,2026,1,2026-01,balres
00016,CITIBANK N.A.,100040800000,Créditos recuperados y previsiones desafectadas,2737984.0,N,2026,1,2026-01,balres
00016,CITIBANK N.A.,100041200000,Resultado monetario,-50982190.0,N,2026,1,2026-01,balres
00016,CITIBANK N.A.,100041300000,Otros,-116515.0,N,2026,1,2026-01,balres
00016,CITIBANK N.A.,100041400000,Impuesto a las ganancias,-16948399.0,N,2026,1,2026-01,balres
00016,CITIBANK N.A.,100041500000,Otro resultado integral,-466028.0,N,2026,1,2026-01,balres
00016,CITIBANK N.A.,100050000000,PARTIDAS FUERA DE BALANCE,0.0,N,2026,1,2026-01,balres
00016,CITIBANK N.A.,100050100000,Créditos irrecuperables en partidas fuera del balance,381223.0,N,2026,1,2026-01,balres
00016,CITIBANK N.A.,100050200000,Contingentes acreedoras,385293458.0,N,2026,1,2026-01,balres
00016,CITIBANK N.A.,100050300000,De Control acreedoras,52394327.0,N,2026,1,2026-01,balres
00016,CITIBANK N.A.,100050400000,De Derivados acreedoras,832840629.0,N,2026,1,2026-01,balres
00016,CITIBANK N.A.,100050600000,Contingentes deudoras,418894248.0,N,2026,1,2026-01,balres
00016,CITIBANK N.A.,100050700000,De Control deudoras,4016824958.0,N,2026,1,2026-01,balres
00016,CITIBANK N.A.,100050800000,De Derivados deudoras,279990128.0,N,2026,1,2026-01,balres
00017,BANCO BBVA ARGENTINA S.A.,100010000000,A C T I V O,24241619307.0,N,2026,1,2026-01,balres
00017,BANCO BBVA ARGENTINA S.A.,100010100000,Efectivo y deposito en bancos,4459540646.0,N,2026,1,2026-01,balres
00017,BANCO BBVA ARGENTINA S.A.,100010200000,Títulos Públicos y Privados,3879445310.0,N,2026,1,2026-01,balres
00017,BANCO BBVA ARGENTINA S.A.,100010300000,Préstamos,13041898265.0,N,2026,1,2026-01,balres
00017,BANCO BBVA ARGENTINA S.A.,100010301000,Sector Público no Financiero,3992866.0,N,2026,1,2026-01,balres
00017,BANCO BBVA ARGENTINA S.A.,100010302000,Sector Financiero,433932865.0,N,2026,1,2026-01,balres
00017,BANCO BBVA ARGENTINA S.A.,100010303000,Sector Privado no Financiero y Residentes en el Ext.,13299808693.0,N,2026,1,2026-01,balres
00017,BANCO BBVA ARGENTINA S.A.,100010303001,Adelantos,986911334.0,N,2026,1,2026-01,balres
00017,BANCO BBVA ARGENTINA S.A.,100010303005,"Doc a sola firma, descont. y comprados",2809123672.0,N,2026,1,2026-01,balres
00017,BANCO BBVA ARGENTINA S.A.,100010303010,Hipotecarios,343206000.0,N,2026,1,2026-01,balres
00017,BANCO BBVA ARGENTINA S.A.,100010303015,Prendarios,120034816.0,N,2026,1,2026-01,balres
00017,BANCO BBVA ARGENTINA S.A.,100010303020,Personales,1358737945.0,N,2026,1,2026-01,balres
00017,BANCO BBVA ARGENTINA S.A.,100010303030,Otros,7151187593.0,N,2026,1,2026-01,balres
00017,BANCO BBVA ARGENTINA S.A.,100010303045,Intereses y dif. cotiz. deveng. a cobrar,696725480.0,N,2026,1,2026-01,balres
00017,BANCO BBVA ARGENTINA S.A.,100010303055,Intereses documentados,-119863372.0,N,2026,1,2026-01,balres
00017,BANCO BBVA ARGENTINA S.A.,100010303060,Ajustes NIIF,-46254775.0,N,2026,1,2026-01,balres
00017,BANCO BBVA ARGENTINA S.A.,100010304000,Previsiones,-695836159.0,N,2026,1,2026-01,balres
00017,BANCO BBVA ARGENTINA S.A.,100010400000,Otros Cred.por Interm.Finan.,652204489.0,N,2026,1,2026-01,balres
00017,BANCO BBVA ARGENTINA S.A.,100010500000,Credito por arrendamiento financiero,36625665.0,N,2026,1,2026-01,balres
00017,BANCO BBVA ARGENTINA S.A.,100010600000,Part. en otras Sociedades,248488244.0,N,2026,1,2026-01,balres
00017,BANCO BBVA ARGENTINA S.A.,100010600005,En entidades financieras,142086111.0,N,2026,1,2026-01,balres
00017,BANCO BBVA ARGENTINA S.A.,100010600020,Otras,106402133.0,N,2026,1,2026-01,balres
00017,BANCO BBVA ARGENTINA S.A.,100010700000,Créditos Diversos,668432649.0,N,2026,1,2026-01,balres
00017,BANCO BBVA ARGENTINA S.A.,100010800000,"Propiedad, plantas y equipo",915274420.0,N,2026,1,2026-01,balres
00017,BANCO BBVA ARGENTINA S.A.,100010900000,Bienes Diversos,208218144.0,N,2026,1,2026-01,balres
00017,BANCO BBVA ARGENTINA S.A.,100011000000,Activos Intangibles,126148410.0,N,2026,1,2026-01,balres
00017,BANCO BBVA ARGENTINA S.A.,100011200000,Partidas Pend. de Imputación,5343065.0,N,2026,1,2026-01,balres
00017,BANCO BBVA ARGENTINA S.A.,100020000000,P A S I V O,20680370895.0,N,2026,1,2026-01,balres
00017,BANCO BBVA ARGENTINA S.A.,100020100000,Depósitos,17297722055.0,N,2026,1,2026-01,balres
00017,BANCO BBVA ARGENTINA S.A.,100020101000,Sector Público no financiero,598697106.0,N,2026,1,2026-01,balres
00017,BANCO BBVA ARGENTINA S.A.,100020102000,Sector Financiero,13964574.0,N,2026,1,2026-01,balres
00017,BANCO BBVA ARGENTINA S.A.,100020103000,Sector Privado no Financiero y Residentes en el Ext.,16685060375.0,N,2026,1,2026-01,balres
00017,BANCO BBVA ARGENTINA S.A.,100020103001,Cuentas corrientes,2539116667.0,N,2026,1,2026-01,balres
00017,BANCO BBVA ARGENTINA S.A.,100020103005,Caja de ahorros,6749250597.0,N,2026,1,2026-01,balres
00017,BANCO BBVA ARGENTINA S.A.,100020103010,Plazo fijo e inversiones a plazo,7155643105.0,N,2026,1,2026-01,balres
00017,BANCO BBVA ARGENTINA S.A.,100020103015,Otros,61606494.0,N,2026,1,2026-01,balres
00017,BANCO BBVA ARGENTINA S.A.,100020103020,Intereses y dif. cotiz. deveng. a pagar,179443512.0,N,2026,1,2026-01,balres
00017,BANCO BBVA ARGENTINA S.A.,100020200000,Otras Oblig.por Intermed. Financ.,2537515856.0,N,2026,1,2026-01,balres
00017,BANCO BBVA ARGENTINA S.A.,100020300000,Obligaciones Diversas,790484056.0,N,2026,1,2026-01,balres
00017,BANCO BBVA ARGENTINA S.A.,100020400000,Provisiones,50483420.0,N,2026,1,2026-01,balres
00017,BANCO BBVA ARGENTINA S.A.,100020600000,Partidas Pendientes de Imputación,4165508.0,N,2026,1,2026-01,balres
00017,BANCO BBVA ARGENTINA S.A.,100030000000,P A T R I M O N I O   N E T O,3561248412.0,N,2026,1,2026-01,balres
00017,BANCO BBVA ARGENTINA S.A.,100030100000,"Capital, Aportes, Reservas y ORI acumulado",3273326369.0,N,2026,1,2026-01,balres
00017,BANCO BBVA ARGENTINA S.A.,100030600000,Resultados no asignados,287922043.0,N,2026,1,2026-01,balres
00017,BANCO BBVA ARGENTINA S.A.,100040000000,R D O S. I N T E G R A L E S  A C U M.  D E L  P E R I O D O,29569854.0,N,2026,1,2026-01,balres
00017,BANCO BBVA ARGENTINA S.A.,100040100000,Ingresos financieros,483901499.0,N,2026,1,2026-01,balres
00017,BANCO BBVA ARGENTINA S.A.,100040100005,Por Intereses,409186379.0,N,2026,1,2026-01,balres
00017,BANCO BBVA ARGENTINA S.A.,100040100090,Otros Ingresos Financieros,74715120.0,N,2026,1,2026-01,balres
00017,BANCO BBVA ARGENTINA S.A.,100040200000,Egresos financieros,-247125104.0,N,2026,1,2026-01,balres
00017,BANCO BBVA ARGENTINA S.A.,100040200005,Por Intereses,-195205297.0,N,2026,1,2026-01,balres
00017,BANCO BBVA ARGENTINA S.A.,100040200090,Otros Egresos Financieros,-51919807.0,N,2026,1,2026-01,balres
00017,BANCO BBVA ARGENTINA S.A.,100040300000,Cargo por incobrabilidad,-68722011.0,N,2026,1,2026-01,balres
00017,BANCO BBVA ARGENTINA S.A.,100040400000,Ingresos por servicios,77233517.0,N,2026,1,2026-01,balres
00017,BANCO BBVA ARGENTINA S.A.,100040500000,Egresos por servicios,-35946272.0,N,2026,1,2026-01,balres
00017,BANCO BBVA ARGENTINA S.A.,100040700000,Gastos de administración,-121314354.0,N,2026,1,2026-01,balres
00017,BANCO BBVA ARGENTINA S.A.,100040800000,Créditos recuperados y previsiones desafectadas,1182266.0,N,2026,1,2026-01,balres
00017,BANCO BBVA ARGENTINA S.A.,100041200000,Resultado monetario,-55165936.0,N,2026,1,2026-01,balres
00017,BANCO BBVA ARGENTINA S.A.,100041300000,Otros,9439411.0,N,2026,1,2026-01,balres
00017,BANCO BBVA ARGENTINA S.A.,100041400000,Impuesto a las ganancias,-12756087.0,N,2026,1,2026-01,balres
00017,BANCO BBVA ARGENTINA S.A.,100041500000,Otro resultado integral,-1157075.0,N,2026,1,2026-01,balres
00017,BANCO BBVA ARGENTINA S.A.,100050000000,PARTIDAS FUERA DE BALANCE,0.0,N,2026,1,2026-01,balres
00017,BANCO BBVA ARGENTINA S.A.,100050100000,Créditos irrecuperables en partidas fuera del balance,255673784.0,N,2026,1,2026-01,balres
00017,BANCO BBVA ARGENTINA S.A.,100050200000,Contingentes acreedoras,17879806442.0,N,2026,1,2026-01,balres
00017,BANCO BBVA ARGENTINA S.A.,100050300000,De Control acreedoras,301689083.0,N,2026,1,2026-01,balres
00017,BANCO BBVA ARGENTINA S.A.,100050400000,De Derivados acreedoras,865861712.0,N,2026,1,2026-01,balres
00017,BANCO BBVA ARGENTINA S.A.,100050600000,Contingentes deudoras,3687782846.0,N,2026,1,2026-01,balres
00017,BANCO BBVA ARGENTINA S.A.,100050700000,De Control deudoras,39043245769.0,N,2026,1,2026-01,balres
00017,BANCO BBVA ARGENTINA S.A.,100050800000,De Derivados deudoras,869663038.0,N,2026,1,2026-01,balres
00020,BANCO DE LA PROVINCIA DE CORDOBA S.A.,100010000000,A C T I V O,5889983794.0,N,2026,1,2026-01,balres
00020,BANCO DE LA PROVINCIA DE CORDOBA S.A.,100010100000,Efectivo y deposito en bancos,495377465.0,N,2026,1,2026-01,balres
00020,BANCO DE LA PROVINCIA DE CORDOBA S.A.,100010200000,Títulos Públicos y Privados,1739830376.0,N,2026,1,2026-01,balres
00020,BANCO DE LA PROVINCIA DE CORDOBA S.A.,100010300000,Préstamos,2898713058.0,N,2026,1,2026-01,balres
00020,BANCO DE LA PROVINCIA DE CORDOBA S.A.,100010301000,Sector Público no Financiero,54613719.0,N,2026,1,2026-01,balres
00020,BANCO DE LA PROVINCIA DE CORDOBA S.A.,100010303000,Sector Privado no Financiero y Residentes en el Ext.,3019294664.0,N,2026,1,2026-01,balres
00020,BANCO DE LA PROVINCIA DE CORDOBA S.A.,100010303001,Adelantos,51609750.0,N,2026,1,2026-01,balres
00020,BANCO DE LA PROVINCIA DE CORDOBA S.A.,100010303005,"Doc a sola firma, descont. y comprados",326698693.0,N,2026,1,2026-01,balres
00020,BANCO DE LA PROVINCIA DE CORDOBA S.A.,100010303010,Hipotecarios,253948806.0,N,2026,1,2026-01,balres
00020,BANCO DE LA PROVINCIA DE CORDOBA S.A.,100010303015,Prendarios,27097396.0,N,2026,1,2026-01,balres
00020,BANCO DE LA PROVINCIA DE CORDOBA S.A.,100010303020,Personales,654594190.0,N,2026,1,2026-01,balres
00020,BANCO DE LA PROVINCIA DE CORDOBA S.A.,100010303030,Otros,1066442840.0,N,2026,1,2026-01,balres
00020,BANCO DE LA PROVINCIA DE CORDOBA S.A.,100010303045,Intereses y dif. cotiz. deveng. a cobrar,679045589.0,N,2026,1,2026-01,balres
00020,BANCO DE LA PROVINCIA DE CORDOBA S.A.,100010303055,Intereses documentados,-18686597.0,N,2026,1,2026-01,balres
00020,BANCO DE LA PROVINCIA DE CORDOBA S.A.,100010303060,Ajustes NIIF,-21456003.0,N,2026,1,2026-01,balres
00020,BANCO DE LA PROVINCIA DE CORDOBA S.A.,100010304000,Previsiones,-175195325.0,N,2026,1,2026-01,balres
00020,BANCO DE LA PROVINCIA DE CORDOBA S.A.,100010400000,Otros Cred.por Interm.Finan.,332295047.0,N,2026,1,2026-01,balres
00020,BANCO DE LA PROVINCIA DE CORDOBA S.A.,100010500000,Credito por arrendamiento financiero,0.0,N,2026,1,2026-01,balres
00020,BANCO DE LA PROVINCIA DE CORDOBA S.A.,100010600000,Part. en otras Sociedades,15491769.0,N,2026,1,2026-01,balres
00020,BANCO DE LA PROVINCIA DE CORDOBA S.A.,100010600020,Otras,15491769.0,N,2026,1,2026-01,balres
00020,BANCO DE LA PROVINCIA DE CORDOBA S.A.,100010700000,Créditos Diversos,119239945.0,N,2026,1,2026-01,balres
00020,BANCO DE LA PROVINCIA DE CORDOBA S.A.,100010800000,"Propiedad, plantas y equipo",214199405.0,N,2026,1,2026-01,balres
00020,BANCO DE LA PROVINCIA DE CORDOBA S.A.,100010900000,Bienes Diversos,12381335.0,N,2026,1,2026-01,balres
00020,BANCO DE LA PROVINCIA DE CORDOBA S.A.,100011000000,Activos Intangibles,59607517.0,N,2026,1,2026-01,balres
00020,BANCO DE LA PROVINCIA DE CORDOBA S.A.,100011200000,Partidas Pend. de Imputación,2847877.0,N,2026,1,2026-01,balres
00020,BANCO DE LA PROVINCIA DE CORDOBA S.A.,100020000000,P A S I V O,5081737547.0,N,2026,1,2026-01,balres
00020,BANCO DE LA PROVINCIA DE CORDOBA S.A.,100020100000,Depósitos,4393124445.0,N,2026,1,2026-01,balres
00020,BANCO DE LA PROVINCIA DE CORDOBA S.A.,100020101000,Sector Público no financiero,1283551878.0,N,2026,1,2026-01,balres
00020,BANCO DE LA PROVINCIA DE CORDOBA S.A.,100020102000,Sector Financiero,1566.0,N,2026,1,2026-01,balres
00020,BANCO DE LA PROVINCIA DE CORDOBA S.A.,100020103000,Sector Privado no Financiero y Residentes en el Ext.,3109571001.0,N,2026,1,2026-01,balres
00020,BANCO DE LA PROVINCIA DE CORDOBA S.A.,100020103001,Cuentas corrientes,264479781.0,N,2026,1,2026-01,balres
00020,BANCO DE LA PROVINCIA DE CORDOBA S.A.,100020103005,Caja de ahorros,874299753.0,N,2026,1,2026-01,balres
00020,BANCO DE LA PROVINCIA DE CORDOBA S.A.,100020103010,Plazo fijo e inversiones a plazo,1937921508.0,N,2026,1,2026-01,balres
00020,BANCO DE LA PROVINCIA DE CORDOBA S.A.,100020103015,Otros,12136631.0,N,2026,1,2026-01,balres
00020,BANCO DE LA PROVINCIA DE CORDOBA S.A.,100020103020,Intereses y dif. cotiz. deveng. a pagar,20733328.0,N,2026,1,2026-01,balres
00020,BANCO DE LA PROVINCIA DE CORDOBA S.A.,100020200000,Otras Oblig.por Intermed. Financ.,552690481.0,N,2026,1,2026-01,balres
00020,BANCO DE LA PROVINCIA DE CORDOBA S.A.,100020300000,Obligaciones Diversas,102909055.0,N,2026,1,2026-01,balres
00020,BANCO DE LA PROVINCIA DE CORDOBA S.A.,100020400000,Provisiones,22249060.0,N,2026,1,2026-01,balres
00020,BANCO DE LA PROVINCIA DE CORDOBA S.A.,100020600000,Partidas Pendientes de Imputación,10764506.0,N,2026,1,2026-01,balres
00020,BANCO DE LA PROVINCIA DE CORDOBA S.A.,100030000000,P A T R I M O N I O   N E T O,808246247.0,N,2026,1,2026-01,balres
00020,BANCO DE LA PROVINCIA DE CORDOBA S.A.,100030100000,"Capital, Aportes, Reservas y ORI acumulado",621331556.0,N,2026,1,2026-01,balres
00020,BANCO DE LA PROVINCIA DE CORDOBA S.A.,100030600000,Resultados no asignados,186914691.0,N,2026,1,2026-01,balres
00020,BANCO DE LA PROVINCIA DE CORDOBA S.A.,100040000000,R D O S. I N T E G R A L E S  A C U M.  D E L  P E R I O D O,3499267.0,N,2026,1,2026-01,balres
00020,BANCO DE LA PROVINCIA DE CORDOBA S.A.,100040100000,Ingresos financieros,146208530.0,N,2026,1,2026-01,balres
00020,BANCO DE LA PROVINCIA DE CORDOBA S.A.,100040100005,Por Intereses,75402002.0,N,2026,1,2026-01,balres
00020,BANCO DE LA PROVINCIA DE CORDOBA S.A.,100040100090,Otros Ingresos Financieros,70806528.0,N,2026,1,2026-01,balres
00020,BANCO DE LA PROVINCIA DE CORDOBA S.A.,100040200000,Egresos financieros,-77584279.0,N,2026,1,2026-01,balres
00020,BANCO DE LA PROVINCIA DE CORDOBA S.A.,100040200005,Por Intereses,-68048992.0,N,2026,1,2026-01,balres
00020,BANCO DE LA PROVINCIA DE CORDOBA S.A.,100040200090,Otros Egresos Financieros,-9535287.0,N,2026,1,2026-01,balres
00020,BANCO DE LA PROVINCIA DE CORDOBA S.A.,100040300000,Cargo por incobrabilidad,-36735020.0,N,2026,1,2026-01,balres
00020,BANCO DE LA PROVINCIA DE CORDOBA S.A.,100040400000,Ingresos por servicios,14779550.0,N,2026,1,2026-01,balres
00020,BANCO DE LA PROVINCIA DE CORDOBA S.A.,100040500000,Egresos por servicios,-2983552.0,N,2026,1,2026-01,balres
00020,BANCO DE LA PROVINCIA DE CORDOBA S.A.,100040700000,Gastos de administración,-39645772.0,N,2026,1,2026-01,balres
00020,BANCO DE LA PROVINCIA DE CORDOBA S.A.,100040800000,Créditos recuperados y previsiones desafectadas,16757175.0,N,2026,1,2026-01,balres
00020,BANCO DE LA PROVINCIA DE CORDOBA S.A.,100041200000,Resultado monetario,-13997628.0,N,2026,1,2026-01,balres
00020,BANCO DE LA PROVINCIA DE CORDOBA S.A.,100041300000,Otros,185724.0,N,2026,1,2026-01,balres
00020,BANCO DE LA PROVINCIA DE CORDOBA S.A.,100041400000,Impuesto a las ganancias,-3485461.0,N,2026,1,2026-01,balres
00020,BANCO DE LA PROVINCIA DE CORDOBA S.A.,100050000000,PARTIDAS FUERA DE BALANCE,0.0,N,2026,1,2026-01,balres
00020,BANCO DE LA PROVINCIA DE CORDOBA S.A.,100050100000,Créditos irrecuperables en partidas fuera del balance,9750765.0,N,2026,1,2026-01,balres
00020,BANCO DE LA PROVINCIA DE CORDOBA S.A.,100050200000,Contingentes acreedoras,1880097788.0,N,2026,1,2026-01,balres
00020,BANCO DE LA PROVINCIA DE CORDOBA S.A.,100050300000,De Control acreedoras,115430258.0,N,2026,1,2026-01,balres
00020,BANCO DE LA PROVINCIA DE CORDOBA S.A.,100050400000,De Derivados acreedoras,3164000.0,N,2026,1,2026-01,balres
00020,BANCO DE LA PROVINCIA DE CORDOBA S.A.,100050600000,Contingentes deudoras,815303854.0,N,2026,1,2026-01,balres
00020,BANCO DE LA PROVINCIA DE CORDOBA S.A.,100050700000,De Control deudoras,1302007922.0,N,2026,1,2026-01,balres
00020,BANCO DE LA PROVINCIA DE CORDOBA S.A.,100050800000,De Derivados deudoras,0.0,N,2026,1,2026-01,balres
00027,BANCO SUPERVIELLE S.A.,100010000000,A C T I V O,7453204003.0,N,2026,1,2026-01,balres
00027,BANCO SUPERVIELLE S.A.,100010100000,Efectivo y deposito en bancos,1474949682.0,N,2026,1,2026-01,balres
00027,BANCO SUPERVIELLE S.A.,100010200000,Títulos Públicos y Privados,969079616.0,N,2026,1,2026-01,balres
00027,BANCO SUPERVIELLE S.A.,100010300000,Préstamos,3529125191.0,N,2026,1,2026-01,balres
00027,BANCO SUPERVIELLE S.A.,100010301000,Sector Público no Financiero,7766607.0,N,2026,1,2026-01,balres
00027,BANCO SUPERVIELLE S.A.,100010302000,Sector Financiero,237448308.0,N,2026,1,2026-01,balres
00027,BANCO SUPERVIELLE S.A.,100010303000,Sector Privado no Financiero y Residentes en el Ext.,3522630116.0,N,2026,1,2026-01,balres
00027,BANCO SUPERVIELLE S.A.,100010303001,Adelantos,297067566.0,N,2026,1,2026-01,balres
00027,BANCO SUPERVIELLE S.A.,100010303005,"Doc a sola firma, descont. y comprados",792195819.0,N,2026,1,2026-01,balres
00027,BANCO SUPERVIELLE S.A.,100010303010,Hipotecarios,151510454.0,N,2026,1,2026-01,balres
00027,BANCO SUPERVIELLE S.A.,100010303015,Prendarios,252841251.0,N,2026,1,2026-01,balres
00027,BANCO SUPERVIELLE S.A.,100010303020,Personales,469592375.0,N,2026,1,2026-01,balres
00027,BANCO SUPERVIELLE S.A.,100010303030,Otros,1245414247.0,N,2026,1,2026-01,balres
00027,BANCO SUPERVIELLE S.A.,100010303045,Intereses y dif. cotiz. deveng. a cobrar,353694249.0,N,2026,1,2026-01,balres
00027,BANCO SUPERVIELLE S.A.,100010303055,Intereses documentados,-37161325.0,N,2026,1,2026-01,balres
00027,BANCO SUPERVIELLE S.A.,100010303060,Ajustes NIIF,-2524520.0,N,2026,1,2026-01,balres
00027,BANCO SUPERVIELLE S.A.,100010304000,Previsiones,-238719840.0,N,2026,1,2026-01,balres
00027,BANCO SUPERVIELLE S.A.,100010400000,Otros Cred.por Interm.Finan.,443725901.0,N,2026,1,2026-01,balres
00027,BANCO SUPERVIELLE S.A.,100010500000,Credito por arrendamiento financiero,108426995.0,N,2026,1,2026-01,balres
00027,BANCO SUPERVIELLE S.A.,100010600000,Part. en otras Sociedades,6760.0,N,2026,1,2026-01,balres
00027,BANCO SUPERVIELLE S.A.,100010600020,Otras,6760.0,N,2026,1,2026-01,balres
00027,BANCO SUPERVIELLE S.A.,100010700000,Créditos Diversos,542350772.0,N,2026,1,2026-01,balres
00027,BANCO SUPERVIELLE S.A.,100010800000,"Propiedad, plantas y equipo",126220411.0,N,2026,1,2026-01,balres
00027,BANCO SUPERVIELLE S.A.,100010900000,Bienes Diversos,119052500.0,N,2026,1,2026-01,balres
00027,BANCO SUPERVIELLE S.A.,100011000000,Activos Intangibles,139697009.0,N,2026,1,2026-01,balres
00027,BANCO SUPERVIELLE S.A.,100011200000,Partidas Pend. de Imputación,569166.0,N,2026,1,2026-01,balres
00027,BANCO SUPERVIELLE S.A.,100020000000,P A S I V O,6683127457.0,N,2026,1,2026-01,balres
00027,BANCO SUPERVIELLE S.A.,100020100000,Depósitos,5020913782.0,N,2026,1,2026-01,balres
00027,BANCO SUPERVIELLE S.A.,100020101000,Sector Público no financiero,189405671.0,N,2026,1,2026-01,balres
00027,BANCO SUPERVIELLE S.A.,100020102000,Sector Financiero,693385.0,N,2026,1,2026-01,balres
00027,BANCO SUPERVIELLE S.A.,100020103000,Sector Privado no Financiero y Residentes en el Ext.,4830814726.0,N,2026,1,2026-01,balres
00027,BANCO SUPERVIELLE S.A.,100020103001,Cuentas corrientes,402361551.0,N,2026,1,2026-01,balres
00027,BANCO SUPERVIELLE S.A.,100020103005,Caja de ahorros,2568735715.0,N,2026,1,2026-01,balres
00027,BANCO SUPERVIELLE S.A.,100020103010,Plazo fijo e inversiones a plazo,1792173559.0,N,2026,1,2026-01,balres
00027,BANCO SUPERVIELLE S.A.,100020103015,Otros,46154825.0,N,2026,1,2026-01,balres
00027,BANCO SUPERVIELLE S.A.,100020103020,Intereses y dif. cotiz. deveng. a pagar,21389076.0,N,2026,1,2026-01,balres
00027,BANCO SUPERVIELLE S.A.,100020200000,Otras Oblig.por Intermed. Financ.,1514017623.0,N,2026,1,2026-01,balres
00027,BANCO SUPERVIELLE S.A.,100020300000,Obligaciones Diversas,129902473.0,N,2026,1,2026-01,balres
00027,BANCO SUPERVIELLE S.A.,100020400000,Provisiones,14045384.0,N,2026,1,2026-01,balres
00027,BANCO SUPERVIELLE S.A.,100020600000,Partidas Pendientes de Imputación,4248195.0,N,2026,1,2026-01,balres
00027,BANCO SUPERVIELLE S.A.,100030000000,P A T R I M O N I O   N E T O,770076546.0,N,2026,1,2026-01,balres
00027,BANCO SUPERVIELLE S.A.,100030100000,"Capital, Aportes, Reservas y ORI acumulado",899121139.0,N,2026,1,2026-01,balres
00027,BANCO SUPERVIELLE S.A.,100030600000,Resultados no asignados,-129044593.0,N,2026,1,2026-01,balres
00027,BANCO SUPERVIELLE S.A.,100040000000,R D O S. I N T E G R A L E S  A C U M.  D E L  P E R I O D O,-12280747.0,N,2026,1,2026-01,balres
00027,BANCO SUPERVIELLE S.A.,100040100000,Ingresos financieros,157245150.0,N,2026,1,2026-01,balres
00027,BANCO SUPERVIELLE S.A.,100040100005,Por Intereses,117250218.0,N,2026,1,2026-01,balres
00027,BANCO SUPERVIELLE S.A.,100040100090,Otros Ingresos Financieros,39994932.0,N,2026,1,2026-01,balres
00027,BANCO SUPERVIELLE S.A.,100040200000,Egresos financieros,-102233969.0,N,2026,1,2026-01,balres
00027,BANCO SUPERVIELLE S.A.,100040200005,Por Intereses,-78914355.0,N,2026,1,2026-01,balres
00027,BANCO SUPERVIELLE S.A.,100040200090,Otros Egresos Financieros,-23319614.0,N,2026,1,2026-01,balres
00027,BANCO SUPERVIELLE S.A.,100040300000,Cargo por incobrabilidad,-25134370.0,N,2026,1,2026-01,balres
00027,BANCO SUPERVIELLE S.A.,100040400000,Ingresos por servicios,18385394.0,N,2026,1,2026-01,balres
00027,BANCO SUPERVIELLE S.A.,100040500000,Egresos por servicios,-9686030.0,N,2026,1,2026-01,balres
00027,BANCO SUPERVIELLE S.A.,100040700000,Gastos de administración,-49045862.0,N,2026,1,2026-01,balres
00027,BANCO SUPERVIELLE S.A.,100040800000,Créditos recuperados y previsiones desafectadas,2528054.0,N,2026,1,2026-01,balres
00027,BANCO SUPERVIELLE S.A.,100041200000,Resultado monetario,-8522657.0,N,2026,1,2026-01,balres
00027,BANCO SUPERVIELLE S.A.,100041300000,Otros,-800513.0,N,2026,1,2026-01,balres
00027,BANCO SUPERVIELLE S.A.,100041400000,Impuesto a las ganancias,4977798.0,N,2026,1,2026-01,balres
00027,BANCO SUPERVIELLE S.A.,100041500000,Otro resultado integral,6258.0,N,2026,1,2026-01,balres
00027,BANCO SUPERVIELLE S.A.,100050000000,PARTIDAS FUERA DE BALANCE,0.0,N,2026,1,2026-01,balres
00027,BANCO SUPERVIELLE S.A.,100050100000,Créditos irrecuperables en partidas fuera del balance,55552905.0,N,2026,1,2026-01,balres
00027,BANCO SUPERVIELLE S.A.,100050200000,Contingentes acreedoras,2007908129.0,N,2026,1,2026-01,balres
00027,BANCO SUPERVIELLE S.A.,100050300000,De Control acreedoras,31177919.0,N,2026,1,2026-01,balres
00027,BANCO SUPERVIELLE S.A.,100050400000,De Derivados acreedoras,138086904.0,N,2026,1,2026-01,balres
00027,BANCO SUPERVIELLE S.A.,100050600000,Contingentes deudoras,1354911161.0,N,2026,1,2026-01,balres
00027,BANCO SUPERVIELLE S.A.,100050700000,De Control deudoras,1593860819.0,N,2026,1,2026-01,balres
00027,BANCO SUPERVIELLE S.A.,100050800000,De Derivados deudoras,406559436.0,N,2026,1,2026-01,balres
00027,BANCO SUPERVIELLE S.A.,100050900000,De Actividad fiduciaria deudoras,647.0,N,2026,1,2026-01,balres
00029,BANCO DE LA CIUDAD DE BUENOS AIRES,100010000000,A C T I V O,8980175308.0,N,2026,1,2026-01,balres
00029,BANCO DE LA CIUDAD DE BUENOS AIRES,100010100000,Efectivo y deposito en bancos,1803185045.0,N,2026,1,2026-01,balres
00029,BANCO DE LA CIUDAD DE BUENOS AIRES,100010200000,Títulos Públicos y Privados,3096460772.0,N,2026,1,2026-01,balres
00029,BANCO DE LA CIUDAD DE BUENOS AIRES,100010300000,Préstamos,3163471203.0,N,2026,1,2026-01,balres
00029,BANCO DE LA CIUDAD DE BUENOS AIRES,100010301000,Sector Público no Financiero,1146657.0,N,2026,1,2026-01,balres
00029,BANCO DE LA CIUDAD DE BUENOS AIRES,100010302000,Sector Financiero,171498720.0,N,2026,1,2026-01,balres
00029,BANCO DE LA CIUDAD DE BUENOS AIRES,100010303000,Sector Privado no Financiero y Residentes en el Ext.,3089697224.0,N,2026,1,2026-01,balres
00029,BANCO DE LA CIUDAD DE BUENOS AIRES,100010303001,Adelantos,59216878.0,N,2026,1,2026-01,balres
00029,BANCO DE LA CIUDAD DE BUENOS AIRES,100010303005,"Doc a sola firma, descont. y comprados",853269228.0,N,2026,1,2026-01,balres
00029,BANCO DE LA CIUDAD DE BUENOS AIRES,100010303010,Hipotecarios,368643266.0,N,2026,1,2026-01,balres
00029,BANCO DE LA CIUDAD DE BUENOS AIRES,100010303015,Prendarios,17919780.0,N,2026,1,2026-01,balres
00029,BANCO DE LA CIUDAD DE BUENOS AIRES,100010303020,Personales,398844691.0,N,2026,1,2026-01,balres
00029,BANCO DE LA CIUDAD DE BUENOS AIRES,100010303030,Otros,769911877.0,N,2026,1,2026-01,balres
00029,BANCO DE LA CIUDAD DE BUENOS AIRES,100010303045,Intereses y dif. cotiz. deveng. a cobrar,618504530.0,N,2026,1,2026-01,balres
00029,BANCO DE LA CIUDAD DE BUENOS AIRES,100010303050,Cobros no aplicados,-137964.0,N,2026,1,2026-01,balres
00029,BANCO DE LA CIUDAD DE BUENOS AIRES,100010303055,Intereses documentados,-1266479.0,N,2026,1,2026-01,balres
00029,BANCO DE LA CIUDAD DE BUENOS AIRES,100010303060,Ajustes NIIF,4791417.0,N,2026,1,2026-01,balres
00029,BANCO DE LA CIUDAD DE BUENOS AIRES,100010304000,Previsiones,-98871398.0,N,2026,1,2026-01,balres
00029,BANCO DE LA CIUDAD DE BUENOS AIRES,100010400000,Otros Cred.por Interm.Finan.,438352074.0,N,2026,1,2026-01,balres
00029,BANCO DE LA CIUDAD DE BUENOS AIRES,100010500000,Credito por arrendamiento financiero,1180063.0,N,2026,1,2026-01,balres
00029,BANCO DE LA CIUDAD DE BUENOS AIRES,100010600000,Part. en otras Sociedades,3322398.0,N,2026,1,2026-01,balres
00029,BANCO DE LA CIUDAD DE BUENOS AIRES,100010600020,Otras,3322398.0,N,2026,1,2026-01,balres
00029,BANCO DE LA CIUDAD DE BUENOS AIRES,100010700000,Créditos Diversos,218404115.0,N,2026,1,2026-01,balres
00029,BANCO DE LA CIUDAD DE BUENOS AIRES,100010800000,"Propiedad, plantas y equipo",207307659.0,N,2026,1,2026-01,balres
00029,BANCO DE LA CIUDAD DE BUENOS AIRES,100010900000,Bienes Diversos,18577445.0,N,2026,1,2026-01,balres
00029,BANCO DE LA CIUDAD DE BUENOS AIRES,100011000000,Activos Intangibles,29914534.0,N,2026,1,2026-01,balres
00029,BANCO DE LA CIUDAD DE BUENOS AIRES,100020000000,P A S I V O,6951604767.0,N,2026,1,2026-01,balres
00029,BANCO DE LA CIUDAD DE BUENOS AIRES,100020100000,Depósitos,6410197526.0,N,2026,1,2026-01,balres
00029,BANCO DE LA CIUDAD DE BUENOS AIRES,100020101000,Sector Público no financiero,3061437029.0,N,2026,1,2026-01,balres
00029,BANCO DE LA CIUDAD DE BUENOS AIRES,100020102000,Sector Financiero,92657107.0,N,2026,1,2026-01,balres
00029,BANCO DE LA CIUDAD DE BUENOS AIRES,100020103000,Sector Privado no Financiero y Residentes en el Ext.,3256103390.0,N,2026,1,2026-01,balres
00029,BANCO DE LA CIUDAD DE BUENOS AIRES,100020103001,Cuentas corrientes,186473578.0,N,2026,1,2026-01,balres
00029,BANCO DE LA CIUDAD DE BUENOS AIRES,100020103005,Caja de ahorros,1681674578.0,N,2026,1,2026-01,balres
00029,BANCO DE LA CIUDAD DE BUENOS AIRES,100020103010,Plazo fijo e inversiones a plazo,969979103.0,N,2026,1,2026-01,balres
00029,BANCO DE LA CIUDAD DE BUENOS AIRES,100020103015,Otros,405142679.0,N,2026,1,2026-01,balres
00029,BANCO DE LA CIUDAD DE BUENOS AIRES,100020103020,Intereses y dif. cotiz. deveng. a pagar,12833452.0,N,2026,1,2026-01,balres
00029,BANCO DE LA CIUDAD DE BUENOS AIRES,100020200000,Otras Oblig.por Intermed. Financ.,235285113.0,N,2026,1,2026-01,balres
00029,BANCO DE LA CIUDAD DE BUENOS AIRES,100020300000,Obligaciones Diversas,289354677.0,N,2026,1,2026-01,balres
00029,BANCO DE LA CIUDAD DE BUENOS AIRES,100020400000,Provisiones,16767451.0,N,2026,1,2026-01,balres
00029,BANCO DE LA CIUDAD DE BUENOS AIRES,100030000000,P A T R I M O N I O   N E T O,2028570541.0,N,2026,1,2026-01,balres
00029,BANCO DE LA CIUDAD DE BUENOS AIRES,100030100000,"Capital, Aportes, Reservas y ORI acumulado",1401989499.0,N,2026,1,2026-01,balres
00029,BANCO DE LA CIUDAD DE BUENOS AIRES,100030600000,Resultados no asignados,626581042.0,N,2026,1,2026-01,balres
00029,BANCO DE LA CIUDAD DE BUENOS AIRES,100040000000,R D O S. I N T E G R A L E S  A C U M.  D E L  P E R I O D O,19493967.0,N,2026,1,2026-01,balres
00029,BANCO DE LA CIUDAD DE BUENOS AIRES,100040100000,Ingresos financieros,170119659.0,N,2026,1,2026-01,balres
00029,BANCO DE LA CIUDAD DE BUENOS AIRES,100040100005,Por Intereses,116301324.0,N,2026,1,2026-01,balres
00029,BANCO DE LA CIUDAD DE BUENOS AIRES,100040100090,Otros Ingresos Financieros,53818335.0,N,2026,1,2026-01,balres
00029,BANCO DE LA CIUDAD DE BUENOS AIRES,100040200000,Egresos financieros,-53634261.0,N,2026,1,2026-01,balres
00029,BANCO DE LA CIUDAD DE BUENOS AIRES,100040200005,Por Intereses,-41321713.0,N,2026,1,2026-01,balres
00029,BANCO DE LA CIUDAD DE BUENOS AIRES,100040200090,Otros Egresos Financieros,-12312548.0,N,2026,1,2026-01,balres
00029,BANCO DE LA CIUDAD DE BUENOS AIRES,100040300000,Cargo por incobrabilidad,-12349509.0,N,2026,1,2026-01,balres
00029,BANCO DE LA CIUDAD DE BUENOS AIRES,100040400000,Ingresos por servicios,10679351.0,N,2026,1,2026-01,balres
00029,BANCO DE LA CIUDAD DE BUENOS AIRES,100040500000,Egresos por servicios,-9035407.0,N,2026,1,2026-01,balres
00029,BANCO DE LA CIUDAD DE BUENOS AIRES,100040700000,Gastos de administración,-34562817.0,N,2026,1,2026-01,balres
00029,BANCO DE LA CIUDAD DE BUENOS AIRES,100040800000,Créditos recuperados y previsiones desafectadas,5828802.0,N,2026,1,2026-01,balres
00029,BANCO DE LA CIUDAD DE BUENOS AIRES,100041200000,Resultado monetario,-48134007.0,N,2026,1,2026-01,balres
00029,BANCO DE LA CIUDAD DE BUENOS AIRES,100041300000,Otros,2735913.0,N,2026,1,2026-01,balres
00029,BANCO DE LA CIUDAD DE BUENOS AIRES,100041400000,Impuesto a las ganancias,-12156072.0,N,2026,1,2026-01,balres
00029,BANCO DE LA CIUDAD DE BUENOS AIRES,100041500000,Otro resultado integral,2315.0,N,2026,1,2026-01,balres
00029,BANCO DE LA CIUDAD DE BUENOS AIRES,100050000000,PARTIDAS FUERA DE BALANCE,0.0,N,2026,1,2026-01,balres
00029,BANCO DE LA CIUDAD DE BUENOS AIRES,100050100000,Créditos irrecuperables en partidas fuera del balance,38305807.0,N,2026,1,2026-01,balres
00029,BANCO DE LA CIUDAD DE BUENOS AIRES,100050200000,Contingentes acreedoras,2746103058.0,N,2026,1,2026-01,balres
00029,BANCO DE LA CIUDAD DE BUENOS AIRES,100050300000,De Control acreedoras,2638170.0,N,2026,1,2026-01,balres
00029,BANCO DE LA CIUDAD DE BUENOS AIRES,100050600000,Contingentes deudoras,3078099228.0,N,2026,1,2026-01,balres
00029,BANCO DE LA CIUDAD DE BUENOS AIRES,100050700000,De Control deudoras,699664928.0,N,2026,1,2026-01,balres
00029,BANCO DE LA CIUDAD DE BUENOS AIRES,100050800000,De Derivados deudoras,0.0,N,2026,1,2026-01,balres
00029,BANCO DE LA CIUDAD DE BUENOS AIRES,100050900000,De Actividad fiduciaria deudoras,86742169.0,N,2026,1,2026-01,balres
00034,BANCO PATAGONIA S.A.,100010000000,A C T I V O,9117247197.0,N,2026,1,2026-01,balres
00034,BANCO PATAGONIA S.A.,100010100000,Efectivo y deposito en bancos,1571242999.0,N,2026,1,2026-01,balres
00034,BANCO PATAGONIA S.A.,100010200000,Títulos Públicos y Privados,2755001663.0,N,2026,1,2026-01,balres
00034,BANCO PATAGONIA S.A.,100010300000,Préstamos,4010541390.0,N,2026,1,2026-01,balres
00034,BANCO PATAGONIA S.A.,100010301000,Sector Público no Financiero,73086221.0,N,2026,1,2026-01,balres
00034,BANCO PATAGONIA S.A.,100010302000,Sector Financiero,380538333.0,N,2026,1,2026-01,balres
00034,BANCO PATAGONIA S.A.,100010303000,Sector Privado no Financiero y Residentes en el Ext.,3646389406.0,N,2026,1,2026-01,balres
00034,BANCO PATAGONIA S.A.,100010303001,Adelantos,1232799088.0,N,2026,1,2026-01,balres
00034,BANCO PATAGONIA S.A.,100010303005,"Doc a sola firma, descont. y comprados",1049351840.0,N,2026,1,2026-01,balres
00034,BANCO PATAGONIA S.A.,100010303010,Hipotecarios,97809894.0,N,2026,1,2026-01,balres
00034,BANCO PATAGONIA S.A.,100010303020,Personales,345681924.0,N,2026,1,2026-01,balres
00034,BANCO PATAGONIA S.A.,100010303030,Otros,808765842.0,N,2026,1,2026-01,balres
00034,BANCO PATAGONIA S.A.,100010303045,Intereses y dif. cotiz. deveng. a cobrar,124657236.0,N,2026,1,2026-01,balres
00034,BANCO PATAGONIA S.A.,100010303055,Intereses documentados,-5859091.0,N,2026,1,2026-01,balres
00034,BANCO PATAGONIA S.A.,100010303060,Ajustes NIIF,-6817327.0,N,2026,1,2026-01,balres
00034,BANCO PATAGONIA S.A.,100010304000,Previsiones,-89472570.0,N,2026,1,2026-01,balres
00034,BANCO PATAGONIA S.A.,100010400000,Otros Cred.por Interm.Finan.,226897673.0,N,2026,1,2026-01,balres
00034,BANCO PATAGONIA S.A.,100010500000,Credito por arrendamiento financiero,58442367.0,N,2026,1,2026-01,balres
00034,BANCO PATAGONIA S.A.,100010600000,Part. en otras Sociedades,77832411.0,N,2026,1,2026-01,balres
00034,BANCO PATAGONIA S.A.,100010600005,En entidades financieras,34732977.0,N,2026,1,2026-01,balres
00034,BANCO PATAGONIA S.A.,100010600020,Otras,43099434.0,N,2026,1,2026-01,balres
00034,BANCO PATAGONIA S.A.,100010700000,Créditos Diversos,191939830.0,N,2026,1,2026-01,balres
00034,BANCO PATAGONIA S.A.,100010800000,"Propiedad, plantas y equipo",214266077.0,N,2026,1,2026-01,balres
00034,BANCO PATAGONIA S.A.,100010900000,Bienes Diversos,5886075.0,N,2026,1,2026-01,balres
00034,BANCO PATAGONIA S.A.,100011000000,Activos Intangibles,5179553.0,N,2026,1,2026-01,balres
00034,BANCO PATAGONIA S.A.,100011200000,Partidas Pend. de Imputación,17159.0,N,2026,1,2026-01,balres
00034,BANCO PATAGONIA S.A.,100020000000,P A S I V O,7406970237.0,N,2026,1,2026-01,balres
00034,BANCO PATAGONIA S.A.,100020100000,Depósitos,5972429599.0,N,2026,1,2026-01,balres
00034,BANCO PATAGONIA S.A.,100020101000,Sector Público no financiero,340778857.0,N,2026,1,2026-01,balres
00034,BANCO PATAGONIA S.A.,100020102000,Sector Financiero,2456678.0,N,2026,1,2026-01,balres
00034,BANCO PATAGONIA S.A.,100020103000,Sector Privado no Financiero y Residentes en el Ext.,5629194064.0,N,2026,1,2026-01,balres
00034,BANCO PATAGONIA S.A.,100020103001,Cuentas corrientes,330369862.0,N,2026,1,2026-01,balres
00034,BANCO PATAGONIA S.A.,100020103005,Caja de ahorros,2739893939.0,N,2026,1,2026-01,balres
00034,BANCO PATAGONIA S.A.,100020103010,Plazo fijo e inversiones a plazo,2423738034.0,N,2026,1,2026-01,balres
00034,BANCO PATAGONIA S.A.,100020103015,Otros,63269958.0,N,2026,1,2026-01,balres
00034,BANCO PATAGONIA S.A.,100020103020,Intereses y dif. cotiz. deveng. a pagar,71922271.0,N,2026,1,2026-01,balres
00034,BANCO PATAGONIA S.A.,100020200000,Otras Oblig.por Intermed. Financ.,1151290957.0,N,2026,1,2026-01,balres
00034,BANCO PATAGONIA S.A.,100020300000,Obligaciones Diversas,275334648.0,N,2026,1,2026-01,balres
00034,BANCO PATAGONIA S.A.,100020400000,Provisiones,7055621.0,N,2026,1,2026-01,balres
00034,BANCO PATAGONIA S.A.,100020600000,Partidas Pendientes de Imputación,859412.0,N,2026,1,2026-01,balres
00034,BANCO PATAGONIA S.A.,100030000000,P A T R I M O N I O   N E T O,1710276960.0,N,2026,1,2026-01,balres
00034,BANCO PATAGONIA S.A.,100030100000,"Capital, Aportes, Reservas y ORI acumulado",1589766595.0,N,2026,1,2026-01,balres
00034,BANCO PATAGONIA S.A.,100030600000,Resultados no asignados,120510365.0,N,2026,1,2026-01,balres
00034,BANCO PATAGONIA S.A.,100040000000,R D O S. I N T E G R A L E S  A C U M.  D E L  P E R I O D O,6029574.0,N,2026,1,2026-01,balres
00034,BANCO PATAGONIA S.A.,100040100000,Ingresos financieros,208400065.0,N,2026,1,2026-01,balres
00034,BANCO PATAGONIA S.A.,100040100005,Por Intereses,150009663.0,N,2026,1,2026-01,balres
00034,BANCO PATAGONIA S.A.,100040100090,Otros Ingresos Financieros,58390402.0,N,2026,1,2026-01,balres
00034,BANCO PATAGONIA S.A.,100040200000,Egresos financieros,-109437081.0,N,2026,1,2026-01,balres
00034,BANCO PATAGONIA S.A.,100040200005,Por Intereses,-88636942.0,N,2026,1,2026-01,balres
00034,BANCO PATAGONIA S.A.,100040200090,Otros Egresos Financieros,-20800139.0,N,2026,1,2026-01,balres
00034,BANCO PATAGONIA S.A.,100040300000,Cargo por incobrabilidad,-11430407.0,N,2026,1,2026-01,balres
00034,BANCO PATAGONIA S.A.,100040400000,Ingresos por servicios,18436055.0,N,2026,1,2026-01,balres
00034,BANCO PATAGONIA S.A.,100040500000,Egresos por servicios,-11959417.0,N,2026,1,2026-01,balres
00034,BANCO PATAGONIA S.A.,100040700000,Gastos de administración,-40015898.0,N,2026,1,2026-01,balres
00034,BANCO PATAGONIA S.A.,100040800000,Créditos recuperados y previsiones desafectadas,256285.0,N,2026,1,2026-01,balres
00034,BANCO PATAGONIA S.A.,100041200000,Resultado monetario,-39206862.0,N,2026,1,2026-01,balres
00034,BANCO PATAGONIA S.A.,100041300000,Otros,-286439.0,N,2026,1,2026-01,balres
00034,BANCO PATAGONIA S.A.,100041400000,Impuesto a las ganancias,-6461926.0,N,2026,1,2026-01,balres
00034,BANCO PATAGONIA S.A.,100041500000,Otro resultado integral,-2264801.0,N,2026,1,2026-01,balres
00034,BANCO PATAGONIA S.A.,100050000000,PARTIDAS FUERA DE BALANCE,0.0,N,2026,1,2026-01,balres
00034,BANCO PATAGONIA S.A.,100050100000,Créditos irrecuperables en partidas fuera del balance,17918659.0,N,2026,1,2026-01,balres
00034,BANCO PATAGONIA S.A.,100050200000,Contingentes acreedoras,1901171603.0,N,2026,1,2026-01,balres
00034,BANCO PATAGONIA S.A.,100050300000,De Control acreedoras,23728908.0,N,2026,1,2026-01,balres
00034,BANCO PATAGONIA S.A.,100050400000,De Derivados acreedoras,122853473.0,N,2026,1,2026-01,balres
00034,BANCO PATAGONIA S.A.,100050600000,Contingentes deudoras,1002505714.0,N,2026,1,2026-01,balres
00034,BANCO PATAGONIA S.A.,100050700000,De Control deudoras,4947667931.0,N,2026,1,2026-01,balres
00034,BANCO PATAGONIA S.A.,100050800000,De Derivados deudoras,311377499.0,N,2026,1,2026-01,balres
00034,BANCO PATAGONIA S.A.,100050900000,De Actividad fiduciaria deudoras,168663711.0,N,2026,1,2026-01,balres
00044,BANCO HIPOTECARIO S.A.,100010000000,A C T I V O,3181379102.0,N,2026,1,2026-01,balres
00044,BANCO HIPOTECARIO S.A.,100010100000,Efectivo y deposito en bancos,462866015.0,N,2026,1,2026-01,balres
00044,BANCO HIPOTECARIO S.A.,100010200000,Títulos Públicos y Privados,950572066.0,N,2026,1,2026-01,balres
00044,BANCO HIPOTECARIO S.A.,100010300000,Préstamos,1198185857.0,N,2026,1,2026-01,balres
00044,BANCO HIPOTECARIO S.A.,100010301000,Sector Público no Financiero,1426325.0,N,2026,1,2026-01,balres
00044,BANCO HIPOTECARIO S.A.,100010302000,Sector Financiero,77692909.0,N,2026,1,2026-01,balres
00044,BANCO HIPOTECARIO S.A.,100010303000,Sector Privado no Financiero y Residentes en el Ext.,1216610997.0,N,2026,1,2026-01,balres
00044,BANCO HIPOTECARIO S.A.,100010303001,Adelantos,84692801.0,N,2026,1,2026-01,balres
00044,BANCO HIPOTECARIO S.A.,100010303005,"Doc a sola firma, descont. y comprados",9567246.0,N,2026,1,2026-01,balres
00044,BANCO HIPOTECARIO S.A.,100010303010,Hipotecarios,100319329.0,N,2026,1,2026-01,balres
00044,BANCO HIPOTECARIO S.A.,100010303015,Prendarios,2928286.0,N,2026,1,2026-01,balres
00044,BANCO HIPOTECARIO S.A.,100010303020,Personales,113108441.0,N,2026,1,2026-01,balres
00044,BANCO HIPOTECARIO S.A.,100010303030,Otros,738577909.0,N,2026,1,2026-01,balres
00044,BANCO HIPOTECARIO S.A.,100010303045,Intereses y dif. cotiz. deveng. a cobrar,175207016.0,N,2026,1,2026-01,balres
00044,BANCO HIPOTECARIO S.A.,100010303050,Cobros no aplicados,-24755.0,N,2026,1,2026-01,balres
00044,BANCO HIPOTECARIO S.A.,100010303055,Intereses documentados,-556688.0,N,2026,1,2026-01,balres
00044,BANCO HIPOTECARIO S.A.,100010303060,Ajustes NIIF,-7208588.0,N,2026,1,2026-01,balres
00044,BANCO HIPOTECARIO S.A.,100010304000,Previsiones,-97544374.0,N,2026,1,2026-01,balres
00044,BANCO HIPOTECARIO S.A.,100010400000,Otros Cred.por Interm.Finan.,91525631.0,N,2026,1,2026-01,balres
00044,BANCO HIPOTECARIO S.A.,100010500000,Credito por arrendamiento financiero,3156804.0,N,2026,1,2026-01,balres
00044,BANCO HIPOTECARIO S.A.,100010600000,Part. en otras Sociedades,189783932.0,N,2026,1,2026-01,balres
00044,BANCO HIPOTECARIO S.A.,100010600005,En entidades financieras,22300489.0,N,2026,1,2026-01,balres
00044,BANCO HIPOTECARIO S.A.,100010600020,Otras,167483443.0,N,2026,1,2026-01,balres
00044,BANCO HIPOTECARIO S.A.,100010600030,Deterioro de valor,0.0,N,2026,1,2026-01,balres
00044,BANCO HIPOTECARIO S.A.,100010700000,Créditos Diversos,147397532.0,N,2026,1,2026-01,balres
00044,BANCO HIPOTECARIO S.A.,100010800000,"Propiedad, plantas y equipo",110745984.0,N,2026,1,2026-01,balres
00044,BANCO HIPOTECARIO S.A.,100010900000,Bienes Diversos,18195783.0,N,2026,1,2026-01,balres
00044,BANCO HIPOTECARIO S.A.,100011000000,Activos Intangibles,8102044.0,N,2026,1,2026-01,balres
00044,BANCO HIPOTECARIO S.A.,100011200000,Partidas Pend. de Imputación,847454.0,N,2026,1,2026-01,balres
00044,BANCO HIPOTECARIO S.A.,100020000000,P A S I V O,2596743038.0,N,2026,1,2026-01,balres
00044,BANCO HIPOTECARIO S.A.,100020100000,Depósitos,2149124715.0,N,2026,1,2026-01,balres
00044,BANCO HIPOTECARIO S.A.,100020101000,Sector Público no financiero,447866718.0,N,2026,1,2026-01,balres
00044,BANCO HIPOTECARIO S.A.,100020102000,Sector Financiero,45136.0,N,2026,1,2026-01,balres
00044,BANCO HIPOTECARIO S.A.,100020103000,Sector Privado no Financiero y Residentes en el Ext.,1701212861.0,N,2026,1,2026-01,balres
00044,BANCO HIPOTECARIO S.A.,100020103001,Cuentas corrientes,468054186.0,N,2026,1,2026-01,balres
00044,BANCO HIPOTECARIO S.A.,100020103005,Caja de ahorros,353238237.0,N,2026,1,2026-01,balres
00044,BANCO HIPOTECARIO S.A.,100020103010,Plazo fijo e inversiones a plazo,863472509.0,N,2026,1,2026-01,balres
00044,BANCO HIPOTECARIO S.A.,100020103015,Otros,5042434.0,N,2026,1,2026-01,balres
00044,BANCO HIPOTECARIO S.A.,100020103020,Intereses y dif. cotiz. deveng. a pagar,11405495.0,N,2026,1,2026-01,balres
00044,BANCO HIPOTECARIO S.A.,100020200000,Otras Oblig.por Intermed. Financ.,353988748.0,N,2026,1,2026-01,balres
00044,BANCO HIPOTECARIO S.A.,100020300000,Obligaciones Diversas,86491916.0,N,2026,1,2026-01,balres
00044,BANCO HIPOTECARIO S.A.,100020400000,Provisiones,6625664.0,N,2026,1,2026-01,balres
00044,BANCO HIPOTECARIO S.A.,100020600000,Partidas Pendientes de Imputación,511995.0,N,2026,1,2026-01,balres
00044,BANCO HIPOTECARIO S.A.,100030000000,P A T R I M O N I O   N E T O,584636064.0,N,2026,1,2026-01,balres
00044,BANCO HIPOTECARIO S.A.,100030100000,"Capital, Aportes, Reservas y ORI acumulado",566397101.0,N,2026,1,2026-01,balres
00044,BANCO HIPOTECARIO S.A.,100030600000,Resultados no asignados,18238963.0,N,2026,1,2026-01,balres
00044,BANCO HIPOTECARIO S.A.,100040000000,R D O S. I N T E G R A L E S  A C U M.  D E L  P E R I O D O,-7866133.0,N,2026,1,2026-01,balres
00044,BANCO HIPOTECARIO S.A.,100040100000,Ingresos financieros,70615839.0,N,2026,1,2026-01,balres
00044,BANCO HIPOTECARIO S.A.,100040100005,Por Intereses,46056301.0,N,2026,1,2026-01,balres
00044,BANCO HIPOTECARIO S.A.,100040100090,Otros Ingresos Financieros,24559538.0,N,2026,1,2026-01,balres
00044,BANCO HIPOTECARIO S.A.,100040200000,Egresos financieros,-40248847.0,N,2026,1,2026-01,balres
00044,BANCO HIPOTECARIO S.A.,100040200005,Por Intereses,-36718291.0,N,2026,1,2026-01,balres
00044,BANCO HIPOTECARIO S.A.,100040200090,Otros Egresos Financieros,-3530556.0,N,2026,1,2026-01,balres
00044,BANCO HIPOTECARIO S.A.,100040300000,Cargo por incobrabilidad,-17481683.0,N,2026,1,2026-01,balres
00044,BANCO HIPOTECARIO S.A.,100040400000,Ingresos por servicios,8926946.0,N,2026,1,2026-01,balres
00044,BANCO HIPOTECARIO S.A.,100040500000,Egresos por servicios,-3908041.0,N,2026,1,2026-01,balres
00044,BANCO HIPOTECARIO S.A.,100040700000,Gastos de administración,-20460162.0,N,2026,1,2026-01,balres
00044,BANCO HIPOTECARIO S.A.,100040800000,Créditos recuperados y previsiones desafectadas,872028.0,N,2026,1,2026-01,balres
00044,BANCO HIPOTECARIO S.A.,100041200000,Resultado monetario,-6646233.0,N,2026,1,2026-01,balres
00044,BANCO HIPOTECARIO S.A.,100041300000,Otros,-3759325.0,N,2026,1,2026-01,balres
00044,BANCO HIPOTECARIO S.A.,100041400000,Impuesto a las ganancias,4223345.0,N,2026,1,2026-01,balres
00044,BANCO HIPOTECARIO S.A.,100050000000,PARTIDAS FUERA DE BALANCE,0.0,N,2026,1,2026-01,balres
00044,BANCO HIPOTECARIO S.A.,100050100000,Créditos irrecuperables en partidas fuera del balance,96212270.0,N,2026,1,2026-01,balres
00044,BANCO HIPOTECARIO S.A.,100050200000,Contingentes acreedoras,595772399.0,N,2026,1,2026-01,balres
00044,BANCO HIPOTECARIO S.A.,100050300000,De Control acreedoras,5006050.0,N,2026,1,2026-01,balres
00044,BANCO HIPOTECARIO S.A.,100050400000,De Derivados acreedoras,3972170.0,N,2026,1,2026-01,balres
00044,BANCO HIPOTECARIO S.A.,100050600000,Contingentes deudoras,756845710.0,N,2026,1,2026-01,balres
00044,BANCO HIPOTECARIO S.A.,100050700000,De Control deudoras,4443280460.0,N,2026,1,2026-01,balres
00044,BANCO HIPOTECARIO S.A.,100050800000,De Derivados deudoras,15835974.0,N,2026,1,2026-01,balres
00044,BANCO HIPOTECARIO S.A.,100050900000,De Actividad fiduciaria deudoras,93486019.0,N,2026,1,2026-01,balres
00045,BANCO DE SAN JUAN S.A.,100010000000,A C T I V O,1249065382.0,N,2026,1,2026-01,balres
00045,BANCO DE SAN JUAN S.A.,100010100000,Efectivo y deposito en bancos,55090644.0,N,2026,1,2026-01,balres
00045,BANCO DE SAN JUAN S.A.,100010200000,Títulos Públicos y Privados,507480888.0,N,2026,1,2026-01,balres
00045,BANCO DE SAN JUAN S.A.,100010300000,Préstamos,480181099.0,N,2026,1,2026-01,balres
00045,BANCO DE SAN JUAN S.A.,100010301000,Sector Público no Financiero,32041511.0,N,2026,1,2026-01,balres
00045,BANCO DE SAN JUAN S.A.,100010302000,Sector Financiero,26581328.0,N,2026,1,2026-01,balres
00045,BANCO DE SAN JUAN S.A.,100010303000,Sector Privado no Financiero y Residentes en el Ext.,442007729.0,N,2026,1,2026-01,balres
00045,BANCO DE SAN JUAN S.A.,100010303001,Adelantos,52979348.0,N,2026,1,2026-01,balres
00045,BANCO DE SAN JUAN S.A.,100010303005,"Doc a sola firma, descont. y comprados",159059407.0,N,2026,1,2026-01,balres
00045,BANCO DE SAN JUAN S.A.,100010303010,Hipotecarios,28814678.0,N,2026,1,2026-01,balres
00045,BANCO DE SAN JUAN S.A.,100010303015,Prendarios,4593977.0,N,2026,1,2026-01,balres
00045,BANCO DE SAN JUAN S.A.,100010303020,Personales,105123442.0,N,2026,1,2026-01,balres
00045,BANCO DE SAN JUAN S.A.,100010303030,Otros,84150134.0,N,2026,1,2026-01,balres
00045,BANCO DE SAN JUAN S.A.,100010303045,Intereses y dif. cotiz. deveng. a cobrar,13865324.0,N,2026,1,2026-01,balres
00045,BANCO DE SAN JUAN S.A.,100010303050,Cobros no aplicados,-6705.0,N,2026,1,2026-01,balres
00045,BANCO DE SAN JUAN S.A.,100010303055,Intereses documentados,-1608468.0,N,2026,1,2026-01,balres
00045,BANCO DE SAN JUAN S.A.,100010303060,Ajustes NIIF,-4963408.0,N,2026,1,2026-01,balres
00045,BANCO DE SAN JUAN S.A.,100010304000,Previsiones,-20449469.0,N,2026,1,2026-01,balres
00045,BANCO DE SAN JUAN S.A.,100010400000,Otros Cred.por Interm.Finan.,31402039.0,N,2026,1,2026-01,balres
00045,BANCO DE SAN JUAN S.A.,100010500000,Credito por arrendamiento financiero,7545465.0,N,2026,1,2026-01,balres
00045,BANCO DE SAN JUAN S.A.,100010600000,Part. en otras Sociedades,257651.0,N,2026,1,2026-01,balres
00045,BANCO DE SAN JUAN S.A.,100010600020,Otras,257651.0,N,2026,1,2026-01,balres
00045,BANCO DE SAN JUAN S.A.,100010700000,Créditos Diversos,45122738.0,N,2026,1,2026-01,balres
00045,BANCO DE SAN JUAN S.A.,100010800000,"Propiedad, plantas y equipo",74338772.0,N,2026,1,2026-01,balres
00045,BANCO DE SAN JUAN S.A.,100010900000,Bienes Diversos,29867889.0,N,2026,1,2026-01,balres
00045,BANCO DE SAN JUAN S.A.,100011000000,Activos Intangibles,17771350.0,N,2026,1,2026-01,balres
00045,BANCO DE SAN JUAN S.A.,100011200000,Partidas Pend. de Imputación,6847.0,N,2026,1,2026-01,balres
00045,BANCO DE SAN JUAN S.A.,100020000000,P A S I V O,995342849.0,N,2026,1,2026-01,balres
00045,BANCO DE SAN JUAN S.A.,100020100000,Depósitos,886003540.0,N,2026,1,2026-01,balres
00045,BANCO DE SAN JUAN S.A.,100020101000,Sector Público no financiero,537958627.0,N,2026,1,2026-01,balres
00045,BANCO DE SAN JUAN S.A.,100020102000,Sector Financiero,3746.0,N,2026,1,2026-01,balres
00045,BANCO DE SAN JUAN S.A.,100020103000,Sector Privado no Financiero y Residentes en el Ext.,348041167.0,N,2026,1,2026-01,balres
00045,BANCO DE SAN JUAN S.A.,100020103001,Cuentas corrientes,24403648.0,N,2026,1,2026-01,balres
00045,BANCO DE SAN JUAN S.A.,100020103005,Caja de ahorros,196826713.0,N,2026,1,2026-01,balres
00045,BANCO DE SAN JUAN S.A.,100020103010,Plazo fijo e inversiones a plazo,119703426.0,N,2026,1,2026-01,balres
00045,BANCO DE SAN JUAN S.A.,100020103015,Otros,5865662.0,N,2026,1,2026-01,balres
00045,BANCO DE SAN JUAN S.A.,100020103020,Intereses y dif. cotiz. deveng. a pagar,1241718.0,N,2026,1,2026-01,balres
00045,BANCO DE SAN JUAN S.A.,100020200000,Otras Oblig.por Intermed. Financ.,47127313.0,N,2026,1,2026-01,balres
00045,BANCO DE SAN JUAN S.A.,100020300000,Obligaciones Diversas,60721326.0,N,2026,1,2026-01,balres
00045,BANCO DE SAN JUAN S.A.,100020400000,Provisiones,1490670.0,N,2026,1,2026-01,balres
00045,BANCO DE SAN JUAN S.A.,100020600000,Partidas Pendientes de Imputación,0.0,N,2026,1,2026-01,balres
00045,BANCO DE SAN JUAN S.A.,100030000000,P A T R I M O N I O   N E T O,253722533.0,N,2026,1,2026-01,balres
00045,BANCO DE SAN JUAN S.A.,100030100000,"Capital, Aportes, Reservas y ORI acumulado",240949014.0,N,2026,1,2026-01,balres
00045,BANCO DE SAN JUAN S.A.,100030600000,Resultados no asignados,12773519.0,N,2026,1,2026-01,balres
00045,BANCO DE SAN JUAN S.A.,100040000000,R D O S. I N T E G R A L E S  A C U M.  D E L  P E R I O D O,1088638.0,N,2026,1,2026-01,balres
00045,BANCO DE SAN JUAN S.A.,100040100000,Ingresos financieros,31770215.0,N,2026,1,2026-01,balres
00045,BANCO DE SAN JUAN S.A.,100040100005,Por Intereses,29470784.0,N,2026,1,2026-01,balres
00045,BANCO DE SAN JUAN S.A.,100040100090,Otros Ingresos Financieros,2299431.0,N,2026,1,2026-01,balres
00045,BANCO DE SAN JUAN S.A.,100040200000,Egresos financieros,-14026389.0,N,2026,1,2026-01,balres
00045,BANCO DE SAN JUAN S.A.,100040200005,Por Intereses,-12137047.0,N,2026,1,2026-01,balres
00045,BANCO DE SAN JUAN S.A.,100040200090,Otros Egresos Financieros,-1889342.0,N,2026,1,2026-01,balres
00045,BANCO DE SAN JUAN S.A.,100040300000,Cargo por incobrabilidad,-5424009.0,N,2026,1,2026-01,balres
00045,BANCO DE SAN JUAN S.A.,100040400000,Ingresos por servicios,2509825.0,N,2026,1,2026-01,balres
00045,BANCO DE SAN JUAN S.A.,100040500000,Egresos por servicios,-1997757.0,N,2026,1,2026-01,balres
00045,BANCO DE SAN JUAN S.A.,100040700000,Gastos de administración,-9588461.0,N,2026,1,2026-01,balres
00045,BANCO DE SAN JUAN S.A.,100040800000,Créditos recuperados y previsiones desafectadas,2189869.0,N,2026,1,2026-01,balres
00045,BANCO DE SAN JUAN S.A.,100041200000,Resultado monetario,-3600600.0,N,2026,1,2026-01,balres
00045,BANCO DE SAN JUAN S.A.,100041300000,Otros,-287894.0,N,2026,1,2026-01,balres
00045,BANCO DE SAN JUAN S.A.,100041400000,Impuesto a las ganancias,-456161.0,N,2026,1,2026-01,balres
00045,BANCO DE SAN JUAN S.A.,100050000000,PARTIDAS FUERA DE BALANCE,0.0,N,2026,1,2026-01,balres
00045,BANCO DE SAN JUAN S.A.,100050100000,Créditos irrecuperables en partidas fuera del balance,1258372.0,N,2026,1,2026-01,balres
00045,BANCO DE SAN JUAN S.A.,100050200000,Contingentes acreedoras,298911140.0,N,2026,1,2026-01,balres
00045,BANCO DE SAN JUAN S.A.,100050300000,De Control acreedoras,5419109.0,N,2026,1,2026-01,balres
00045,BANCO DE SAN JUAN S.A.,100050400000,De Derivados acreedoras,0.0,N,2026,1,2026-01,balres
00045,BANCO DE SAN JUAN S.A.,100050600000,Contingentes deudoras,145532053.0,N,2026,1,2026-01,balres
00045,BANCO DE SAN JUAN S.A.,100050700000,De Control deudoras,742548510.0,N,2026,1,2026-01,balres
00045,BANCO DE SAN JUAN S.A.,100050800000,De Derivados deudoras,0.0,N,2026,1,2026-01,balres
00045,BANCO DE SAN JUAN S.A.,100050900000,De Actividad fiduciaria deudoras,84658619.0,N,2026,1,2026-01,balres
00065,BANCO MUNICIPAL DE ROSARIO,100010000000,A C T I V O,511828555.0,N,2026,1,2026-01,balres
00065,BANCO MUNICIPAL DE ROSARIO,100010100000,Efectivo y deposito en bancos,69175019.0,N,2026,1,2026-01,balres
00065,BANCO MUNICIPAL DE ROSARIO,100010200000,Títulos Públicos y Privados,103143931.0,N,2026,1,2026-01,balres
00065,BANCO MUNICIPAL DE ROSARIO,100010300000,Préstamos,228120531.0,N,2026,1,2026-01,balres
00065,BANCO MUNICIPAL DE ROSARIO,100010301000,Sector Público no Financiero,12092.0,N,2026,1,2026-01,balres
00065,BANCO MUNICIPAL DE ROSARIO,100010302000,Sector Financiero,11.0,N,2026,1,2026-01,balres
00065,BANCO MUNICIPAL DE ROSARIO,100010303000,Sector Privado no Financiero y Residentes en el Ext.,234842111.0,N,2026,1,2026-01,balres
00065,BANCO MUNICIPAL DE ROSARIO,100010303001,Adelantos,8893309.0,N,2026,1,2026-01,balres
00065,BANCO MUNICIPAL DE ROSARIO,100010303005,"Doc a sola firma, descont. y comprados",33990999.0,N,2026,1,2026-01,balres
00065,BANCO MUNICIPAL DE ROSARIO,100010303010,Hipotecarios,25833282.0,N,2026,1,2026-01,balres
00065,BANCO MUNICIPAL DE ROSARIO,100010303015,Prendarios,991677.0,N,2026,1,2026-01,balres
00065,BANCO MUNICIPAL DE ROSARIO,100010303020,Personales,107833898.0,N,2026,1,2026-01,balres
00065,BANCO MUNICIPAL DE ROSARIO,100010303030,Otros,43109723.0,N,2026,1,2026-01,balres
00065,BANCO MUNICIPAL DE ROSARIO,100010303045,Intereses y dif. cotiz. deveng. a cobrar,11326945.0,N,2026,1,2026-01,balres
00065,BANCO MUNICIPAL DE ROSARIO,100010303055,Intereses documentados,-374239.0,N,2026,1,2026-01,balres
00065,BANCO MUNICIPAL DE ROSARIO,100010303060,Ajustes NIIF,3236517.0,N,2026,1,2026-01,balres
00065,BANCO MUNICIPAL DE ROSARIO,100010304000,Previsiones,-6733683.0,N,2026,1,2026-01,balres
00065,BANCO MUNICIPAL DE ROSARIO,100010400000,Otros Cred.por Interm.Finan.,59428785.0,N,2026,1,2026-01,balres
00065,BANCO MUNICIPAL DE ROSARIO,100010500000,Credito por arrendamiento financiero,3912730.0,N,2026,1,2026-01,balres
00065,BANCO MUNICIPAL DE ROSARIO,100010600000,Part. en otras Sociedades,1365072.0,N,2026,1,2026-01,balres
00065,BANCO MUNICIPAL DE ROSARIO,100010600020,Otras,1365072.0,N,2026,1,2026-01,balres
00065,BANCO MUNICIPAL DE ROSARIO,100010700000,Créditos Diversos,11216288.0,N,2026,1,2026-01,balres
00065,BANCO MUNICIPAL DE ROSARIO,100010800000,"Propiedad, plantas y equipo",26281125.0,N,2026,1,2026-01,balres
00065,BANCO MUNICIPAL DE ROSARIO,100010900000,Bienes Diversos,1281850.0,N,2026,1,2026-01,balres
00065,BANCO MUNICIPAL DE ROSARIO,100011000000,Activos Intangibles,7902844.0,N,2026,1,2026-01,balres
00065,BANCO MUNICIPAL DE ROSARIO,100011200000,Partidas Pend. de Imputación,380.0,N,2026,1,2026-01,balres
00065,BANCO MUNICIPAL DE ROSARIO,100020000000,P A S I V O,394971829.0,N,2026,1,2026-01,balres
00065,BANCO MUNICIPAL DE ROSARIO,100020100000,Depósitos,346897053.0,N,2026,1,2026-01,balres
00065,BANCO MUNICIPAL DE ROSARIO,100020101000,Sector Público no financiero,112186532.0,N,2026,1,2026-01,balres
00065,BANCO MUNICIPAL DE ROSARIO,100020102000,Sector Financiero,3972222.0,N,2026,1,2026-01,balres
00065,BANCO MUNICIPAL DE ROSARIO,100020103000,Sector Privado no Financiero y Residentes en el Ext.,230738299.0,N,2026,1,2026-01,balres
00065,BANCO MUNICIPAL DE ROSARIO,100020103001,Cuentas corrientes,22405880.0,N,2026,1,2026-01,balres
00065,BANCO MUNICIPAL DE ROSARIO,100020103005,Caja de ahorros,82001848.0,N,2026,1,2026-01,balres
00065,BANCO MUNICIPAL DE ROSARIO,100020103010,Plazo fijo e inversiones a plazo,123177326.0,N,2026,1,2026-01,balres
00065,BANCO MUNICIPAL DE ROSARIO,100020103015,Otros,1868846.0,N,2026,1,2026-01,balres
00065,BANCO MUNICIPAL DE ROSARIO,100020103020,Intereses y dif. cotiz. deveng. a pagar,1284399.0,N,2026,1,2026-01,balres
00065,BANCO MUNICIPAL DE ROSARIO,100020200000,Otras Oblig.por Intermed. Financ.,20159963.0,N,2026,1,2026-01,balres
00065,BANCO MUNICIPAL DE ROSARIO,100020300000,Obligaciones Diversas,24414830.0,N,2026,1,2026-01,balres
00065,BANCO MUNICIPAL DE ROSARIO,100020400000,Provisiones,3124934.0,N,2026,1,2026-01,balres
00065,BANCO MUNICIPAL DE ROSARIO,100020600000,Partidas Pendientes de Imputación,375049.0,N,2026,1,2026-01,balres
00065,BANCO MUNICIPAL DE ROSARIO,100030000000,P A T R I M O N I O   N E T O,116856726.0,N,2026,1,2026-01,balres
00065,BANCO MUNICIPAL DE ROSARIO,100030100000,"Capital, Aportes, Reservas y ORI acumulado",115435055.0,N,2026,1,2026-01,balres
00065,BANCO MUNICIPAL DE ROSARIO,100030600000,Resultados no asignados,1421671.0,N,2026,1,2026-01,balres
00065,BANCO MUNICIPAL DE ROSARIO,100040000000,R D O S. I N T E G R A L E S  A C U M.  D E L  P E R I O D O,-840571.0,N,2026,1,2026-01,balres
00065,BANCO MUNICIPAL DE ROSARIO,100040100000,Ingresos financieros,12726854.0,N,2026,1,2026-01,balres
00065,BANCO MUNICIPAL DE ROSARIO,100040100005,Por Intereses,10348425.0,N,2026,1,2026-01,balres
00065,BANCO MUNICIPAL DE ROSARIO,100040100090,Otros Ingresos Financieros,2378429.0,N,2026,1,2026-01,balres
00065,BANCO MUNICIPAL DE ROSARIO,100040200000,Egresos financieros,-5374126.0,N,2026,1,2026-01,balres
00065,BANCO MUNICIPAL DE ROSARIO,100040200005,Por Intereses,-4148982.0,N,2026,1,2026-01,balres
00065,BANCO MUNICIPAL DE ROSARIO,100040200090,Otros Egresos Financieros,-1225144.0,N,2026,1,2026-01,balres
00065,BANCO MUNICIPAL DE ROSARIO,100040300000,Cargo por incobrabilidad,-671747.0,N,2026,1,2026-01,balres
00065,BANCO MUNICIPAL DE ROSARIO,100040400000,Ingresos por servicios,2424853.0,N,2026,1,2026-01,balres
00065,BANCO MUNICIPAL DE ROSARIO,100040500000,Egresos por servicios,-1587128.0,N,2026,1,2026-01,balres
00065,BANCO MUNICIPAL DE ROSARIO,100040700000,Gastos de administración,-5862373.0,N,2026,1,2026-01,balres
00065,BANCO MUNICIPAL DE ROSARIO,100040800000,Créditos recuperados y previsiones desafectadas,4620.0,N,2026,1,2026-01,balres
00065,BANCO MUNICIPAL DE ROSARIO,100041200000,Resultado monetario,-2446255.0,N,2026,1,2026-01,balres
00065,BANCO MUNICIPAL DE ROSARIO,100041300000,Otros,8323.0,N,2026,1,2026-01,balres
00065,BANCO MUNICIPAL DE ROSARIO,100041400000,Impuesto a las ganancias,-63592.0,N,2026,1,2026-01,balres
00065,BANCO MUNICIPAL DE ROSARIO,100050000000,PARTIDAS FUERA DE BALANCE,0.0,N,2026,1,2026-01,balres
00065,BANCO MUNICIPAL DE ROSARIO,100050100000,Créditos irrecuperables en partidas fuera del balance,1545621.0,N,2026,1,2026-01,balres
00065,BANCO MUNICIPAL DE ROSARIO,100050200000,Contingentes acreedoras,258111376.0,N,2026,1,2026-01,balres
00065,BANCO MUNICIPAL DE ROSARIO,100050300000,De Control acreedoras,842930.0,N,2026,1,2026-01,balres
00065,BANCO MUNICIPAL DE ROSARIO,100050600000,Contingentes deudoras,145980391.0,N,2026,1,2026-01,balres
00065,BANCO MUNICIPAL DE ROSARIO,100050700000,De Control deudoras,118895332.0,N,2026,1,2026-01,balres
00065,BANCO MUNICIPAL DE ROSARIO,100050800000,De Derivados deudoras,0.0,N,2026,1,2026-01,balres
00072,BANCO SANTANDER ARGENTINA S.A.,100010000000,A C T I V O,24909156101.0,N,2026,1,2026-01,balres
00072,BANCO SANTANDER ARGENTINA S.A.,100010100000,Efectivo y deposito en bancos,5442922173.0,N,2026,1,2026-01,balres
00072,BANCO SANTANDER ARGENTINA S.A.,100010200000,Títulos Públicos y Privados,3886704630.0,N,2026,1,2026-01,balres
00072,BANCO SANTANDER ARGENTINA S.A.,100010300000,Préstamos,12239126826.0,N,2026,1,2026-01,balres
00072,BANCO SANTANDER ARGENTINA S.A.,100010301000,Sector Público no Financiero,29812137.0,N,2026,1,2026-01,balres
00072,BANCO SANTANDER ARGENTINA S.A.,100010302000,Sector Financiero,114257311.0,N,2026,1,2026-01,balres
00072,BANCO SANTANDER ARGENTINA S.A.,100010303000,Sector Privado no Financiero y Residentes en el Ext.,13063127484.0,N,2026,1,2026-01,balres
00072,BANCO SANTANDER ARGENTINA S.A.,100010303001,Adelantos,959610358.0,N,2026,1,2026-01,balres
00072,BANCO SANTANDER ARGENTINA S.A.,100010303005,"Doc a sola firma, descont. y comprados",1866332895.0,N,2026,1,2026-01,balres
00072,BANCO SANTANDER ARGENTINA S.A.,100010303010,Hipotecarios,447409854.0,N,2026,1,2026-01,balres
00072,BANCO SANTANDER ARGENTINA S.A.,100010303015,Prendarios,1507638968.0,N,2026,1,2026-01,balres
00072,BANCO SANTANDER ARGENTINA S.A.,100010303020,Personales,1231055310.0,N,2026,1,2026-01,balres
00072,BANCO SANTANDER ARGENTINA S.A.,100010303030,Otros,6046139556.0,N,2026,1,2026-01,balres
00072,BANCO SANTANDER ARGENTINA S.A.,100010303045,Intereses y dif. cotiz. deveng. a cobrar,1017707631.0,N,2026,1,2026-01,balres
00072,BANCO SANTANDER ARGENTINA S.A.,100010303050,Cobros no aplicados,-148350.0,N,2026,1,2026-01,balres
00072,BANCO SANTANDER ARGENTINA S.A.,100010303055,Intereses documentados,-20035806.0,N,2026,1,2026-01,balres
00072,BANCO SANTANDER ARGENTINA S.A.,100010303060,Ajustes NIIF,7417068.0,N,2026,1,2026-01,balres
00072,BANCO SANTANDER ARGENTINA S.A.,100010304000,Previsiones,-968070106.0,N,2026,1,2026-01,balres
00072,BANCO SANTANDER ARGENTINA S.A.,100010400000,Otros Cred.por Interm.Finan.,801646540.0,N,2026,1,2026-01,balres
00072,BANCO SANTANDER ARGENTINA S.A.,100010500000,Credito por arrendamiento financiero,0.0,N,2026,1,2026-01,balres
00072,BANCO SANTANDER ARGENTINA S.A.,100010600000,Part. en otras Sociedades,210368736.0,N,2026,1,2026-01,balres
00072,BANCO SANTANDER ARGENTINA S.A.,100010600005,En entidades financieras,0.0,N,2026,1,2026-01,balres
00072,BANCO SANTANDER ARGENTINA S.A.,100010600020,Otras,210368736.0,N,2026,1,2026-01,balres
00072,BANCO SANTANDER ARGENTINA S.A.,100010700000,Créditos Diversos,957170474.0,N,2026,1,2026-01,balres
00072,BANCO SANTANDER ARGENTINA S.A.,100010800000,"Propiedad, plantas y equipo",729050553.0,N,2026,1,2026-01,balres
00072,BANCO SANTANDER ARGENTINA S.A.,100010900000,Bienes Diversos,148614698.0,N,2026,1,2026-01,balres
00072,BANCO SANTANDER ARGENTINA S.A.,100011000000,Activos Intangibles,492026749.0,N,2026,1,2026-01,balres
00072,BANCO SANTANDER ARGENTINA S.A.,100011200000,Partidas Pend. de Imputación,1524722.0,N,2026,1,2026-01,balres
00072,BANCO SANTANDER ARGENTINA S.A.,100020000000,P A S I V O,19963270976.0,N,2026,1,2026-01,balres
00072,BANCO SANTANDER ARGENTINA S.A.,100020100000,Depósitos,17043769124.0,N,2026,1,2026-01,balres
00072,BANCO SANTANDER ARGENTINA S.A.,100020101000,Sector Público no financiero,128063766.0,N,2026,1,2026-01,balres
00072,BANCO SANTANDER ARGENTINA S.A.,100020102000,Sector Financiero,4992007.0,N,2026,1,2026-01,balres
00072,BANCO SANTANDER ARGENTINA S.A.,100020103000,Sector Privado no Financiero y Residentes en el Ext.,16910713351.0,N,2026,1,2026-01,balres
00072,BANCO SANTANDER ARGENTINA S.A.,100020103001,Cuentas corrientes,1826068220.0,N,2026,1,2026-01,balres
00072,BANCO SANTANDER ARGENTINA S.A.,100020103005,Caja de ahorros,9804303766.0,N,2026,1,2026-01,balres
00072,BANCO SANTANDER ARGENTINA S.A.,100020103010,Plazo fijo e inversiones a plazo,5049327842.0,N,2026,1,2026-01,balres
00072,BANCO SANTANDER ARGENTINA S.A.,100020103015,Otros,132305775.0,N,2026,1,2026-01,balres
00072,BANCO SANTANDER ARGENTINA S.A.,100020103020,Intereses y dif. cotiz. deveng. a pagar,98707748.0,N,2026,1,2026-01,balres
00072,BANCO SANTANDER ARGENTINA S.A.,100020200000,Otras Oblig.por Intermed. Financ.,1431852964.0,N,2026,1,2026-01,balres
00072,BANCO SANTANDER ARGENTINA S.A.,100020300000,Obligaciones Diversas,1132872443.0,N,2026,1,2026-01,balres
00072,BANCO SANTANDER ARGENTINA S.A.,100020400000,Provisiones,117890157.0,N,2026,1,2026-01,balres
00072,BANCO SANTANDER ARGENTINA S.A.,100020500000,Obligaciones Subordinadas,234307212.0,N,2026,1,2026-01,balres
00072,BANCO SANTANDER ARGENTINA S.A.,100020600000,Partidas Pendientes de Imputación,2579076.0,N,2026,1,2026-01,balres
00072,BANCO SANTANDER ARGENTINA S.A.,100030000000,P A T R I M O N I O   N E T O,4945885125.0,N,2026,1,2026-01,balres
00072,BANCO SANTANDER ARGENTINA S.A.,100030100000,"Capital, Aportes, Reservas y ORI acumulado",4274291641.0,N,2026,1,2026-01,balres
00072,BANCO SANTANDER ARGENTINA S.A.,100030600000,Resultados no asignados,671593484.0,N,2026,1,2026-01,balres
00072,BANCO SANTANDER ARGENTINA S.A.,100040000000,R D O S. I N T E G R A L E S  A C U M.  D E L  P E R I O D O,11028436.0,N,2026,1,2026-01,balres
00072,BANCO SANTANDER ARGENTINA S.A.,100040100000,Ingresos financieros,497057434.0,N,2026,1,2026-01,balres
00072,BANCO SANTANDER ARGENTINA S.A.,100040100005,Por Intereses,382655999.0,N,2026,1,2026-01,balres
00072,BANCO SANTANDER ARGENTINA S.A.,100040100090,Otros Ingresos Financieros,114401435.0,N,2026,1,2026-01,balres
00072,BANCO SANTANDER ARGENTINA S.A.,100040200000,Egresos financieros,-181441151.0,N,2026,1,2026-01,balres
00072,BANCO SANTANDER ARGENTINA S.A.,100040200005,Por Intereses,-129383653.0,N,2026,1,2026-01,balres
00072,BANCO SANTANDER ARGENTINA S.A.,100040200090,Otros Egresos Financieros,-52057498.0,N,2026,1,2026-01,balres
00072,BANCO SANTANDER ARGENTINA S.A.,100040300000,Cargo por incobrabilidad,-166368572.0,N,2026,1,2026-01,balres
00072,BANCO SANTANDER ARGENTINA S.A.,100040400000,Ingresos por servicios,122676796.0,N,2026,1,2026-01,balres
00072,BANCO SANTANDER ARGENTINA S.A.,100040500000,Egresos por servicios,-45391775.0,N,2026,1,2026-01,balres
00072,BANCO SANTANDER ARGENTINA S.A.,100040700000,Gastos de administración,-122390718.0,N,2026,1,2026-01,balres
00072,BANCO SANTANDER ARGENTINA S.A.,100040800000,Créditos recuperados y previsiones desafectadas,1793109.0,N,2026,1,2026-01,balres
00072,BANCO SANTANDER ARGENTINA S.A.,100041200000,Resultado monetario,-87554152.0,N,2026,1,2026-01,balres
00072,BANCO SANTANDER ARGENTINA S.A.,100041300000,Otros,-231292.0,N,2026,1,2026-01,balres
00072,BANCO SANTANDER ARGENTINA S.A.,100041400000,Impuesto a las ganancias,-1371855.0,N,2026,1,2026-01,balres
00072,BANCO SANTANDER ARGENTINA S.A.,100041500000,Otro resultado integral,-5749388.0,N,2026,1,2026-01,balres
00072,BANCO SANTANDER ARGENTINA S.A.,100050000000,PARTIDAS FUERA DE BALANCE,0.0,N,2026,1,2026-01,balres
00072,BANCO SANTANDER ARGENTINA S.A.,100050100000,Créditos irrecuperables en partidas fuera del balance,172578890.0,N,2026,1,2026-01,balres
00072,BANCO SANTANDER ARGENTINA S.A.,100050200000,Contingentes acreedoras,16846706225.0,N,2026,1,2026-01,balres
00072,BANCO SANTANDER ARGENTINA S.A.,100050300000,De Control acreedoras,266458348.0,N,2026,1,2026-01,balres
00072,BANCO SANTANDER ARGENTINA S.A.,100050400000,De Derivados acreedoras,93260135.0,N,2026,1,2026-01,balres
00072,BANCO SANTANDER ARGENTINA S.A.,100050600000,Contingentes deudoras,6142689801.0,N,2026,1,2026-01,balres
00072,BANCO SANTANDER ARGENTINA S.A.,100050700000,De Control deudoras,29568666316.0,N,2026,1,2026-01,balres
00072,BANCO SANTANDER ARGENTINA S.A.,100050800000,De Derivados deudoras,170849163.0,N,2026,1,2026-01,balres
00083,BANCO DEL CHUBUT S.A.,100010000000,A C T I V O,872831100.0,N,2026,1,2026-01,balres
00083,BANCO DEL CHUBUT S.A.,100010100000,Efectivo y deposito en bancos,36596975.0,N,2026,1,2026-01,balres
00083,BANCO DEL CHUBUT S.A.,100010200000,Títulos Públicos y Privados,155484575.0,N,2026,1,2026-01,balres
00083,BANCO DEL CHUBUT S.A.,100010300000,Préstamos,549523128.0,N,2026,1,2026-01,balres
00083,BANCO DEL CHUBUT S.A.,100010301000,Sector Público no Financiero,5086950.0,N,2026,1,2026-01,balres
00083,BANCO DEL CHUBUT S.A.,100010302000,Sector Financiero,4488190.0,N,2026,1,2026-01,balres
00083,BANCO DEL CHUBUT S.A.,100010303000,Sector Privado no Financiero y Residentes en el Ext.,566609768.0,N,2026,1,2026-01,balres
00083,BANCO DEL CHUBUT S.A.,100010303001,Adelantos,20537930.0,N,2026,1,2026-01,balres
00083,BANCO DEL CHUBUT S.A.,100010303005,"Doc a sola firma, descont. y comprados",72325128.0,N,2026,1,2026-01,balres
00083,BANCO DEL CHUBUT S.A.,100010303010,Hipotecarios,78107716.0,N,2026,1,2026-01,balres
00083,BANCO DEL CHUBUT S.A.,100010303015,Prendarios,62824873.0,N,2026,1,2026-01,balres
00083,BANCO DEL CHUBUT S.A.,100010303020,Personales,142529546.0,N,2026,1,2026-01,balres
00083,BANCO DEL CHUBUT S.A.,100010303030,Otros,166068722.0,N,2026,1,2026-01,balres
00083,BANCO DEL CHUBUT S.A.,100010303045,Intereses y dif. cotiz. deveng. a cobrar,25719516.0,N,2026,1,2026-01,balres
00083,BANCO DEL CHUBUT S.A.,100010303055,Intereses documentados,-268198.0,N,2026,1,2026-01,balres
00083,BANCO DEL CHUBUT S.A.,100010303060,Ajustes NIIF,-1235465.0,N,2026,1,2026-01,balres
00083,BANCO DEL CHUBUT S.A.,100010304000,Previsiones,-26661780.0,N,2026,1,2026-01,balres
00083,BANCO DEL CHUBUT S.A.,100010400000,Otros Cred.por Interm.Finan.,54882409.0,N,2026,1,2026-01,balres
00083,BANCO DEL CHUBUT S.A.,100010500000,Credito por arrendamiento financiero,388819.0,N,2026,1,2026-01,balres
00083,BANCO DEL CHUBUT S.A.,100010700000,Créditos Diversos,23110024.0,N,2026,1,2026-01,balres
00083,BANCO DEL CHUBUT S.A.,100010800000,"Propiedad, plantas y equipo",48457597.0,N,2026,1,2026-01,balres
00083,BANCO DEL CHUBUT S.A.,100010900000,Bienes Diversos,866526.0,N,2026,1,2026-01,balres
00083,BANCO DEL CHUBUT S.A.,100011000000,Activos Intangibles,3521047.0,N,2026,1,2026-01,balres
00083,BANCO DEL CHUBUT S.A.,100011200000,Partidas Pend. de Imputación,0.0,N,2026,1,2026-01,balres
00083,BANCO DEL CHUBUT S.A.,100020000000,P A S I V O,589333308.0,N,2026,1,2026-01,balres
00083,BANCO DEL CHUBUT S.A.,100020100000,Depósitos,523397622.0,N,2026,1,2026-01,balres
00083,BANCO DEL CHUBUT S.A.,100020101000,Sector Público no financiero,125829929.0,N,2026,1,2026-01,balres
00083,BANCO DEL CHUBUT S.A.,100020102000,Sector Financiero,71958.0,N,2026,1,2026-01,balres
00083,BANCO DEL CHUBUT S.A.,100020103000,Sector Privado no Financiero y Residentes en el Ext.,397495735.0,N,2026,1,2026-01,balres
00083,BANCO DEL CHUBUT S.A.,100020103001,Cuentas corrientes,53291671.0,N,2026,1,2026-01,balres
00083,BANCO DEL CHUBUT S.A.,100020103005,Caja de ahorros,167764923.0,N,2026,1,2026-01,balres
00083,BANCO DEL CHUBUT S.A.,100020103010,Plazo fijo e inversiones a plazo,155509519.0,N,2026,1,2026-01,balres
00083,BANCO DEL CHUBUT S.A.,100020103015,Otros,18886354.0,N,2026,1,2026-01,balres
00083,BANCO DEL CHUBUT S.A.,100020103020,Intereses y dif. cotiz. deveng. a pagar,2043268.0,N,2026,1,2026-01,balres
00083,BANCO DEL CHUBUT S.A.,100020200000,Otras Oblig.por Intermed. Financ.,21132409.0,N,2026,1,2026-01,balres
00083,BANCO DEL CHUBUT S.A.,100020300000,Obligaciones Diversas,43748749.0,N,2026,1,2026-01,balres
00083,BANCO DEL CHUBUT S.A.,100020400000,Provisiones,1015888.0,N,2026,1,2026-01,balres
00083,BANCO DEL CHUBUT S.A.,100020600000,Partidas Pendientes de Imputación,38640.0,N,2026,1,2026-01,balres
00083,BANCO DEL CHUBUT S.A.,100030000000,P A T R I M O N I O   N E T O,283497792.0,N,2026,1,2026-01,balres
00083,BANCO DEL CHUBUT S.A.,100030100000,"Capital, Aportes, Reservas y ORI acumulado",255819151.0,N,2026,1,2026-01,balres
00083,BANCO DEL CHUBUT S.A.,100030600000,Resultados no asignados,27678641.0,N,2026,1,2026-01,balres
00083,BANCO DEL CHUBUT S.A.,100040000000,R D O S. I N T E G R A L E S  A C U M.  D E L  P E R I O D O,-77599.0,N,2026,1,2026-01,balres
00083,BANCO DEL CHUBUT S.A.,100040100000,Ingresos financieros,26298084.0,N,2026,1,2026-01,balres
00083,BANCO DEL CHUBUT S.A.,100040100005,Por Intereses,22223658.0,N,2026,1,2026-01,balres
00083,BANCO DEL CHUBUT S.A.,100040100090,Otros Ingresos Financieros,4074426.0,N,2026,1,2026-01,balres
00083,BANCO DEL CHUBUT S.A.,100040200000,Egresos financieros,-7911024.0,N,2026,1,2026-01,balres
00083,BANCO DEL CHUBUT S.A.,100040200005,Por Intereses,-5449350.0,N,2026,1,2026-01,balres
00083,BANCO DEL CHUBUT S.A.,100040200090,Otros Egresos Financieros,-2461674.0,N,2026,1,2026-01,balres
00083,BANCO DEL CHUBUT S.A.,100040300000,Cargo por incobrabilidad,-11748935.0,N,2026,1,2026-01,balres
00083,BANCO DEL CHUBUT S.A.,100040400000,Ingresos por servicios,2685652.0,N,2026,1,2026-01,balres
00083,BANCO DEL CHUBUT S.A.,100040500000,Egresos por servicios,-1664734.0,N,2026,1,2026-01,balres
00083,BANCO DEL CHUBUT S.A.,100040700000,Gastos de administración,-8619541.0,N,2026,1,2026-01,balres
00083,BANCO DEL CHUBUT S.A.,100040800000,Créditos recuperados y previsiones desafectadas,8887997.0,N,2026,1,2026-01,balres
00083,BANCO DEL CHUBUT S.A.,100041200000,Resultado monetario,-6506543.0,N,2026,1,2026-01,balres
00083,BANCO DEL CHUBUT S.A.,100041300000,Otros,127631.0,N,2026,1,2026-01,balres
00083,BANCO DEL CHUBUT S.A.,100041400000,Impuesto a las ganancias,-1626186.0,N,2026,1,2026-01,balres
00083,BANCO DEL CHUBUT S.A.,100050000000,PARTIDAS FUERA DE BALANCE,0.0,N,2026,1,2026-01,balres
00083,BANCO DEL CHUBUT S.A.,100050100000,Créditos irrecuperables en partidas fuera del balance,3402828.0,N,2026,1,2026-01,balres
00083,BANCO DEL CHUBUT S.A.,100050200000,Contingentes acreedoras,426204004.0,N,2026,1,2026-01,balres
00083,BANCO DEL CHUBUT S.A.,100050600000,Contingentes deudoras,282848823.0,N,2026,1,2026-01,balres
00083,BANCO DEL CHUBUT S.A.,100050700000,De Control deudoras,39567487.0,N,2026,1,2026-01,balres
00083,BANCO DEL CHUBUT S.A.,100050900000,De Actividad fiduciaria deudoras,13087.0,N,2026,1,2026-01,balres
00086,BANCO DE SANTA CRUZ S.A.,100010000000,A C T I V O,624049996.0,N,2026,1,2026-01,balres
00086,BANCO DE SANTA CRUZ S.A.,100010100000,Efectivo y deposito en bancos,29760926.0,N,2026,1,2026-01,balres
00086,BANCO DE SANTA CRUZ S.A.,100010200000,Títulos Públicos y Privados,154930689.0,N,2026,1,2026-01,balres
00086,BANCO DE SANTA CRUZ S.A.,100010300000,Préstamos,333329810.0,N,2026,1,2026-01,balres
00086,BANCO DE SANTA CRUZ S.A.,100010301000,Sector Público no Financiero,951161.0,N,2026,1,2026-01,balres
00086,BANCO DE SANTA CRUZ S.A.,100010302000,Sector Financiero,17737767.0,N,2026,1,2026-01,balres
00086,BANCO DE SANTA CRUZ S.A.,100010303000,Sector Privado no Financiero y Residentes en el Ext.,335184807.0,N,2026,1,2026-01,balres
00086,BANCO DE SANTA CRUZ S.A.,100010303001,Adelantos,8807087.0,N,2026,1,2026-01,balres
00086,BANCO DE SANTA CRUZ S.A.,100010303005,"Doc a sola firma, descont. y comprados",24584748.0,N,2026,1,2026-01,balres
00086,BANCO DE SANTA CRUZ S.A.,100010303010,Hipotecarios,6056261.0,N,2026,1,2026-01,balres
00086,BANCO DE SANTA CRUZ S.A.,100010303015,Prendarios,551032.0,N,2026,1,2026-01,balres
00086,BANCO DE SANTA CRUZ S.A.,100010303020,Personales,161746014.0,N,2026,1,2026-01,balres
00086,BANCO DE SANTA CRUZ S.A.,100010303030,Otros,123891457.0,N,2026,1,2026-01,balres
00086,BANCO DE SANTA CRUZ S.A.,100010303045,Intereses y dif. cotiz. deveng. a cobrar,12222344.0,N,2026,1,2026-01,balres
00086,BANCO DE SANTA CRUZ S.A.,100010303050,Cobros no aplicados,-18078.0,N,2026,1,2026-01,balres
00086,BANCO DE SANTA CRUZ S.A.,100010303055,Intereses documentados,-67615.0,N,2026,1,2026-01,balres
00086,BANCO DE SANTA CRUZ S.A.,100010303060,Ajustes NIIF,-2588443.0,N,2026,1,2026-01,balres
00086,BANCO DE SANTA CRUZ S.A.,100010304000,Previsiones,-20543925.0,N,2026,1,2026-01,balres
00086,BANCO DE SANTA CRUZ S.A.,100010400000,Otros Cred.por Interm.Finan.,25085017.0,N,2026,1,2026-01,balres
00086,BANCO DE SANTA CRUZ S.A.,100010500000,Credito por arrendamiento financiero,3368415.0,N,2026,1,2026-01,balres
00086,BANCO DE SANTA CRUZ S.A.,100010700000,Créditos Diversos,12595554.0,N,2026,1,2026-01,balres
00086,BANCO DE SANTA CRUZ S.A.,100010800000,"Propiedad, plantas y equipo",41005339.0,N,2026,1,2026-01,balres
00086,BANCO DE SANTA CRUZ S.A.,100010900000,Bienes Diversos,14075761.0,N,2026,1,2026-01,balres
00086,BANCO DE SANTA CRUZ S.A.,100011000000,Activos Intangibles,9873180.0,N,2026,1,2026-01,balres
00086,BANCO DE SANTA CRUZ S.A.,100011200000,Partidas Pend. de Imputación,25305.0,N,2026,1,2026-01,balres
00086,BANCO DE SANTA CRUZ S.A.,100020000000,P A S I V O,508146835.0,N,2026,1,2026-01,balres
00086,BANCO DE SANTA CRUZ S.A.,100020100000,Depósitos,433580805.0,N,2026,1,2026-01,balres
00086,BANCO DE SANTA CRUZ S.A.,100020101000,Sector Público no financiero,179605349.0,N,2026,1,2026-01,balres
00086,BANCO DE SANTA CRUZ S.A.,100020102000,Sector Financiero,3674.0,N,2026,1,2026-01,balres
00086,BANCO DE SANTA CRUZ S.A.,100020103000,Sector Privado no Financiero y Residentes en el Ext.,253971782.0,N,2026,1,2026-01,balres
00086,BANCO DE SANTA CRUZ S.A.,100020103001,Cuentas corrientes,16787392.0,N,2026,1,2026-01,balres
00086,BANCO DE SANTA CRUZ S.A.,100020103005,Caja de ahorros,109850369.0,N,2026,1,2026-01,balres
00086,BANCO DE SANTA CRUZ S.A.,100020103010,Plazo fijo e inversiones a plazo,118822341.0,N,2026,1,2026-01,balres
00086,BANCO DE SANTA CRUZ S.A.,100020103015,Otros,7170780.0,N,2026,1,2026-01,balres
00086,BANCO DE SANTA CRUZ S.A.,100020103020,Intereses y dif. cotiz. deveng. a pagar,1340900.0,N,2026,1,2026-01,balres
00086,BANCO DE SANTA CRUZ S.A.,100020200000,Otras Oblig.por Intermed. Financ.,44140319.0,N,2026,1,2026-01,balres
00086,BANCO DE SANTA CRUZ S.A.,100020300000,Obligaciones Diversas,28852442.0,N,2026,1,2026-01,balres
00086,BANCO DE SANTA CRUZ S.A.,100020400000,Provisiones,1206312.0,N,2026,1,2026-01,balres
00086,BANCO DE SANTA CRUZ S.A.,100020600000,Partidas Pendientes de Imputación,366957.0,N,2026,1,2026-01,balres
00086,BANCO DE SANTA CRUZ S.A.,100030000000,P A T R I M O N I O   N E T O,115903161.0,N,2026,1,2026-01,balres
00086,BANCO DE SANTA CRUZ S.A.,100030100000,"Capital, Aportes, Reservas y ORI acumulado",94629177.0,N,2026,1,2026-01,balres
00086,BANCO DE SANTA CRUZ S.A.,100030600000,Resultados no asignados,21273984.0,N,2026,1,2026-01,balres
00086,BANCO DE SANTA CRUZ S.A.,100040000000,R D O S. I N T E G R A L E S  A C U M.  D E L  P E R I O D O,1878525.0,N,2026,1,2026-01,balres
00086,BANCO DE SANTA CRUZ S.A.,100040100000,Ingresos financieros,23230213.0,N,2026,1,2026-01,balres
00086,BANCO DE SANTA CRUZ S.A.,100040100005,Por Intereses,22094312.0,N,2026,1,2026-01,balres
00086,BANCO DE SANTA CRUZ S.A.,100040100090,Otros Ingresos Financieros,1135901.0,N,2026,1,2026-01,balres
00086,BANCO DE SANTA CRUZ S.A.,100040200000,Egresos financieros,-8624192.0,N,2026,1,2026-01,balres
00086,BANCO DE SANTA CRUZ S.A.,100040200005,Por Intereses,-6875462.0,N,2026,1,2026-01,balres
00086,BANCO DE SANTA CRUZ S.A.,100040200090,Otros Egresos Financieros,-1748730.0,N,2026,1,2026-01,balres
00086,BANCO DE SANTA CRUZ S.A.,100040300000,Cargo por incobrabilidad,-4858708.0,N,2026,1,2026-01,balres
00086,BANCO DE SANTA CRUZ S.A.,100040400000,Ingresos por servicios,2423682.0,N,2026,1,2026-01,balres
00086,BANCO DE SANTA CRUZ S.A.,100040500000,Egresos por servicios,-1855743.0,N,2026,1,2026-01,balres
00086,BANCO DE SANTA CRUZ S.A.,100040700000,Gastos de administración,-6167374.0,N,2026,1,2026-01,balres
00086,BANCO DE SANTA CRUZ S.A.,100040800000,Créditos recuperados y previsiones desafectadas,33906.0,N,2026,1,2026-01,balres
00086,BANCO DE SANTA CRUZ S.A.,100041200000,Resultado monetario,-1313910.0,N,2026,1,2026-01,balres
00086,BANCO DE SANTA CRUZ S.A.,100041300000,Otros,-234015.0,N,2026,1,2026-01,balres
00086,BANCO DE SANTA CRUZ S.A.,100041400000,Impuesto a las ganancias,-755334.0,N,2026,1,2026-01,balres
00086,BANCO DE SANTA CRUZ S.A.,100050000000,PARTIDAS FUERA DE BALANCE,0.0,N,2026,1,2026-01,balres
00086,BANCO DE SANTA CRUZ S.A.,100050100000,Créditos irrecuperables en partidas fuera del balance,181082.0,N,2026,1,2026-01,balres
00086,BANCO DE SANTA CRUZ S.A.,100050200000,Contingentes acreedoras,204861729.0,N,2026,1,2026-01,balres
00086,BANCO DE SANTA CRUZ S.A.,100050300000,De Control acreedoras,412468.0,N,2026,1,2026-01,balres
00086,BANCO DE SANTA CRUZ S.A.,100050400000,De Derivados acreedoras,0.0,N,2026,1,2026-01,balres
00086,BANCO DE SANTA CRUZ S.A.,100050600000,Contingentes deudoras,24575536.0,N,2026,1,2026-01,balres
00086,BANCO DE SANTA CRUZ S.A.,100050700000,De Control deudoras,723290303.0,N,2026,1,2026-01,balres
00086,BANCO DE SANTA CRUZ S.A.,100050800000,De Derivados deudoras,0.0,N,2026,1,2026-01,balres
00086,BANCO DE SANTA CRUZ S.A.,100050900000,De Actividad fiduciaria deudoras,733518250.0,N,2026,1,2026-01,balres
00093,BANCO DE LA PAMPA SA,100010000000,A C T I V O,1442683834.0,N,2026,1,2026-01,balres
00093,BANCO DE LA PAMPA SA,100010100000,Efectivo y deposito en bancos,158525461.0,N,2026,1,2026-01,balres
00093,BANCO DE LA PAMPA SA,100010200000,Títulos Públicos y Privados,418771678.0,N,2026,1,2026-01,balres
00093,BANCO DE LA PAMPA SA,100010300000,Préstamos,565800013.0,N,2026,1,2026-01,balres
00093,BANCO DE LA PAMPA SA,100010301000,Sector Público no Financiero,21630.0,N,2026,1,2026-01,balres
00093,BANCO DE LA PAMPA SA,100010302000,Sector Financiero,0.0,N,2026,1,2026-01,balres
00093,BANCO DE LA PAMPA SA,100010303000,Sector Privado no Financiero y Residentes en el Ext.,596554676.0,N,2026,1,2026-01,balres
00093,BANCO DE LA PAMPA SA,100010303001,Adelantos,41412812.0,N,2026,1,2026-01,balres
00093,BANCO DE LA PAMPA SA,100010303005,"Doc a sola firma, descont. y comprados",128835587.0,N,2026,1,2026-01,balres
00093,BANCO DE LA PAMPA SA,100010303010,Hipotecarios,26693047.0,N,2026,1,2026-01,balres
00093,BANCO DE LA PAMPA SA,100010303015,Prendarios,311287.0,N,2026,1,2026-01,balres
00093,BANCO DE LA PAMPA SA,100010303020,Personales,139286836.0,N,2026,1,2026-01,balres
00093,BANCO DE LA PAMPA SA,100010303030,Otros,251580688.0,N,2026,1,2026-01,balres
00093,BANCO DE LA PAMPA SA,100010303045,Intereses y dif. cotiz. deveng. a cobrar,22687360.0,N,2026,1,2026-01,balres
00093,BANCO DE LA PAMPA SA,100010303050,Cobros no aplicados,-227424.0,N,2026,1,2026-01,balres
00093,BANCO DE LA PAMPA SA,100010303055,Intereses documentados,-2001433.0,N,2026,1,2026-01,balres
00093,BANCO DE LA PAMPA SA,100010303060,Ajustes NIIF,-12024084.0,N,2026,1,2026-01,balres
00093,BANCO DE LA PAMPA SA,100010304000,Previsiones,-30776293.0,N,2026,1,2026-01,balres
00093,BANCO DE LA PAMPA SA,100010400000,Otros Cred.por Interm.Finan.,76751720.0,N,2026,1,2026-01,balres
00093,BANCO DE LA PAMPA SA,100010700000,Créditos Diversos,148566477.0,N,2026,1,2026-01,balres
00093,BANCO DE LA PAMPA SA,100010800000,"Propiedad, plantas y equipo",64016132.0,N,2026,1,2026-01,balres
00093,BANCO DE LA PAMPA SA,100010900000,Bienes Diversos,4790658.0,N,2026,1,2026-01,balres
00093,BANCO DE LA PAMPA SA,100011000000,Activos Intangibles,4833574.0,N,2026,1,2026-01,balres
00093,BANCO DE LA PAMPA SA,100011200000,Partidas Pend. de Imputación,628121.0,N,2026,1,2026-01,balres
00093,BANCO DE LA PAMPA SA,100020000000,P A S I V O,1013303848.0,N,2026,1,2026-01,balres
00093,BANCO DE LA PAMPA SA,100020100000,Depósitos,902584852.0,N,2026,1,2026-01,balres
00093,BANCO DE LA PAMPA SA,100020101000,Sector Público no financiero,240348371.0,N,2026,1,2026-01,balres
00093,BANCO DE LA PAMPA SA,100020102000,Sector Financiero,5.0,N,2026,1,2026-01,balres
00093,BANCO DE LA PAMPA SA,100020103000,Sector Privado no Financiero y Residentes en el Ext.,662236476.0,N,2026,1,2026-01,balres
00093,BANCO DE LA PAMPA SA,100020103001,Cuentas corrientes,108901351.0,N,2026,1,2026-01,balres
00093,BANCO DE LA PAMPA SA,100020103005,Caja de ahorros,251289341.0,N,2026,1,2026-01,balres
00093,BANCO DE LA PAMPA SA,100020103010,Plazo fijo e inversiones a plazo,292522596.0,N,2026,1,2026-01,balres
00093,BANCO DE LA PAMPA SA,100020103015,Otros,6733855.0,N,2026,1,2026-01,balres
00093,BANCO DE LA PAMPA SA,100020103020,Intereses y dif. cotiz. deveng. a pagar,2789333.0,N,2026,1,2026-01,balres
00093,BANCO DE LA PAMPA SA,100020200000,Otras Oblig.por Intermed. Financ.,67034252.0,N,2026,1,2026-01,balres
00093,BANCO DE LA PAMPA SA,100020300000,Obligaciones Diversas,35256240.0,N,2026,1,2026-01,balres
00093,BANCO DE LA PAMPA SA,100020400000,Provisiones,8101987.0,N,2026,1,2026-01,balres
00093,BANCO DE LA PAMPA SA,100020600000,Partidas Pendientes de Imputación,326517.0,N,2026,1,2026-01,balres
00093,BANCO DE LA PAMPA SA,100030000000,P A T R I M O N I O   N E T O,429379986.0,N,2026,1,2026-01,balres
00093,BANCO DE LA PAMPA SA,100030100000,"Capital, Aportes, Reservas y ORI acumulado",425190497.0,N,2026,1,2026-01,balres
00093,BANCO DE LA PAMPA SA,100030600000,Resultados no asignados,4189489.0,N,2026,1,2026-01,balres
00093,BANCO DE LA PAMPA SA,100040000000,R D O S. I N T E G R A L E S  A C U M.  D E L  P E R I O D O,-2793385.0,N,2026,1,2026-01,balres
00093,BANCO DE LA PAMPA SA,100040100000,Ingresos financieros,34821978.0,N,2026,1,2026-01,balres
00093,BANCO DE LA PAMPA SA,100040100005,Por Intereses,29901594.0,N,2026,1,2026-01,balres
00093,BANCO DE LA PAMPA SA,100040100090,Otros Ingresos Financieros,4920384.0,N,2026,1,2026-01,balres
00093,BANCO DE LA PAMPA SA,100040200000,Egresos financieros,-11803291.0,N,2026,1,2026-01,balres
00093,BANCO DE LA PAMPA SA,100040200005,Por Intereses,-6997500.0,N,2026,1,2026-01,balres
00093,BANCO DE LA PAMPA SA,100040200090,Otros Egresos Financieros,-4805791.0,N,2026,1,2026-01,balres
00093,BANCO DE LA PAMPA SA,100040300000,Cargo por incobrabilidad,-10926825.0,N,2026,1,2026-01,balres
00093,BANCO DE LA PAMPA SA,100040400000,Ingresos por servicios,6510118.0,N,2026,1,2026-01,balres
00093,BANCO DE LA PAMPA SA,100040500000,Egresos por servicios,-6190423.0,N,2026,1,2026-01,balres
00093,BANCO DE LA PAMPA SA,100040700000,Gastos de administración,-10764354.0,N,2026,1,2026-01,balres
00093,BANCO DE LA PAMPA SA,100040800000,Créditos recuperados y previsiones desafectadas,4176328.0,N,2026,1,2026-01,balres
00093,BANCO DE LA PAMPA SA,100041200000,Resultado monetario,-9784810.0,N,2026,1,2026-01,balres
00093,BANCO DE LA PAMPA SA,100041300000,Otros,-420706.0,N,2026,1,2026-01,balres
00093,BANCO DE LA PAMPA SA,100041400000,Impuesto a las ganancias,1588600.0,N,2026,1,2026-01,balres
00093,BANCO DE LA PAMPA SA,100050000000,PARTIDAS FUERA DE BALANCE,0.0,N,2026,1,2026-01,balres
00093,BANCO DE LA PAMPA SA,100050100000,Créditos irrecuperables en partidas fuera del balance,6458412.0,N,2026,1,2026-01,balres
00093,BANCO DE LA PAMPA SA,100050200000,Contingentes acreedoras,779044413.0,N,2026,1,2026-01,balres
00093,BANCO DE LA PAMPA SA,100050300000,De Control acreedoras,1006.0,N,2026,1,2026-01,balres
00093,BANCO DE LA PAMPA SA,100050600000,Contingentes deudoras,110834160.0,N,2026,1,2026-01,balres
00093,BANCO DE LA PAMPA SA,100050700000,De Control deudoras,146370079.0,N,2026,1,2026-01,balres
00093,BANCO DE LA PAMPA SA,100050800000,De Derivados deudoras,0.0,N,2026,1,2026-01,balres
00093,BANCO DE LA PAMPA SA,100050900000,De Actividad fiduciaria deudoras,29737.0,N,2026,1,2026-01,balres
00094,BANCO DE CORRIENTES S.A.,100010000000,A C T I V O,976815078.0,N,2026,1,2026-01,balres
00094,BANCO DE CORRIENTES S.A.,100010100000,Efectivo y deposito en bancos,64098648.0,N,2026,1,2026-01,balres
00094,BANCO DE CORRIENTES S.A.,100010200000,Títulos Públicos y Privados,163049689.0,N,2026,1,2026-01,balres
00094,BANCO DE CORRIENTES S.A.,100010300000,Préstamos,482012280.0,N,2026,1,2026-01,balres
00094,BANCO DE CORRIENTES S.A.,100010301000,Sector Público no Financiero,42591646.0,N,2026,1,2026-01,balres
00094,BANCO DE CORRIENTES S.A.,100010302000,Sector Financiero,1735.0,N,2026,1,2026-01,balres
00094,BANCO DE CORRIENTES S.A.,100010303000,Sector Privado no Financiero y Residentes en el Ext.,472138428.0,N,2026,1,2026-01,balres
00094,BANCO DE CORRIENTES S.A.,100010303001,Adelantos,65258076.0,N,2026,1,2026-01,balres
00094,BANCO DE CORRIENTES S.A.,100010303005,"Doc a sola firma, descont. y comprados",101981915.0,N,2026,1,2026-01,balres
00094,BANCO DE CORRIENTES S.A.,100010303010,Hipotecarios,23105555.0,N,2026,1,2026-01,balres
00094,BANCO DE CORRIENTES S.A.,100010303015,Prendarios,2496676.0,N,2026,1,2026-01,balres
00094,BANCO DE CORRIENTES S.A.,100010303020,Personales,105151200.0,N,2026,1,2026-01,balres
00094,BANCO DE CORRIENTES S.A.,100010303030,Otros,161037272.0,N,2026,1,2026-01,balres
00094,BANCO DE CORRIENTES S.A.,100010303045,Intereses y dif. cotiz. deveng. a cobrar,18247207.0,N,2026,1,2026-01,balres
00094,BANCO DE CORRIENTES S.A.,100010303050,Cobros no aplicados,-85503.0,N,2026,1,2026-01,balres
00094,BANCO DE CORRIENTES S.A.,100010303055,Intereses documentados,-395026.0,N,2026,1,2026-01,balres
00094,BANCO DE CORRIENTES S.A.,100010303060,Ajustes NIIF,-4658944.0,N,2026,1,2026-01,balres
00094,BANCO DE CORRIENTES S.A.,100010304000,Previsiones,-32719529.0,N,2026,1,2026-01,balres
00094,BANCO DE CORRIENTES S.A.,100010400000,Otros Cred.por Interm.Finan.,50044817.0,N,2026,1,2026-01,balres
00094,BANCO DE CORRIENTES S.A.,100010500000,Credito por arrendamiento financiero,4865203.0,N,2026,1,2026-01,balres
00094,BANCO DE CORRIENTES S.A.,100010600000,Part. en otras Sociedades,0.0,N,2026,1,2026-01,balres
00094,BANCO DE CORRIENTES S.A.,100010600020,Otras,880744.0,N,2026,1,2026-01,balres
00094,BANCO DE CORRIENTES S.A.,100010600030,Deterioro de valor,-880744.0,N,2026,1,2026-01,balres
00094,BANCO DE CORRIENTES S.A.,100010700000,Créditos Diversos,101201873.0,N,2026,1,2026-01,balres
00094,BANCO DE CORRIENTES S.A.,100010800000,"Propiedad, plantas y equipo",108183301.0,N,2026,1,2026-01,balres
00094,BANCO DE CORRIENTES S.A.,100010900000,Bienes Diversos,2438520.0,N,2026,1,2026-01,balres
00094,BANCO DE CORRIENTES S.A.,100011000000,Activos Intangibles,779975.0,N,2026,1,2026-01,balres
00094,BANCO DE CORRIENTES S.A.,100011200000,Partidas Pend. de Imputación,140772.0,N,2026,1,2026-01,balres
00094,BANCO DE CORRIENTES S.A.,100020000000,P A S I V O,687012285.0,N,2026,1,2026-01,balres
00094,BANCO DE CORRIENTES S.A.,100020100000,Depósitos,536098490.0,N,2026,1,2026-01,balres
00094,BANCO DE CORRIENTES S.A.,100020101000,Sector Público no financiero,99782415.0,N,2026,1,2026-01,balres
00094,BANCO DE CORRIENTES S.A.,100020102000,Sector Financiero,11594.0,N,2026,1,2026-01,balres
00094,BANCO DE CORRIENTES S.A.,100020103000,Sector Privado no Financiero y Residentes en el Ext.,436304481.0,N,2026,1,2026-01,balres
00094,BANCO DE CORRIENTES S.A.,100020103001,Cuentas corrientes,38152265.0,N,2026,1,2026-01,balres
00094,BANCO DE CORRIENTES S.A.,100020103005,Caja de ahorros,167227878.0,N,2026,1,2026-01,balres
00094,BANCO DE CORRIENTES S.A.,100020103010,Plazo fijo e inversiones a plazo,221349998.0,N,2026,1,2026-01,balres
00094,BANCO DE CORRIENTES S.A.,100020103015,Otros,6566511.0,N,2026,1,2026-01,balres
00094,BANCO DE CORRIENTES S.A.,100020103020,Intereses y dif. cotiz. deveng. a pagar,3007829.0,N,2026,1,2026-01,balres
00094,BANCO DE CORRIENTES S.A.,100020200000,Otras Oblig.por Intermed. Financ.,94253468.0,N,2026,1,2026-01,balres
00094,BANCO DE CORRIENTES S.A.,100020300000,Obligaciones Diversas,56310013.0,N,2026,1,2026-01,balres
00094,BANCO DE CORRIENTES S.A.,100020400000,Provisiones,214996.0,N,2026,1,2026-01,balres
00094,BANCO DE CORRIENTES S.A.,100020600000,Partidas Pendientes de Imputación,135318.0,N,2026,1,2026-01,balres
00094,BANCO DE CORRIENTES S.A.,100030000000,P A T R I M O N I O   N E T O,289802793.0,N,2026,1,2026-01,balres
00094,BANCO DE CORRIENTES S.A.,100030100000,"Capital, Aportes, Reservas y ORI acumulado",213821044.0,N,2026,1,2026-01,balres
00094,BANCO DE CORRIENTES S.A.,100030600000,Resultados no asignados,75981749.0,N,2026,1,2026-01,balres
00094,BANCO DE CORRIENTES S.A.,100040000000,R D O S. I N T E G R A L E S  A C U M.  D E L  P E R I O D O,-5408938.0,N,2026,1,2026-01,balres
00094,BANCO DE CORRIENTES S.A.,100040100000,Ingresos financieros,24138744.0,N,2026,1,2026-01,balres
00094,BANCO DE CORRIENTES S.A.,100040100005,Por Intereses,17115373.0,N,2026,1,2026-01,balres
00094,BANCO DE CORRIENTES S.A.,100040100090,Otros Ingresos Financieros,7023371.0,N,2026,1,2026-01,balres
00094,BANCO DE CORRIENTES S.A.,100040200000,Egresos financieros,-10092394.0,N,2026,1,2026-01,balres
00094,BANCO DE CORRIENTES S.A.,100040200005,Por Intereses,-7181914.0,N,2026,1,2026-01,balres
00094,BANCO DE CORRIENTES S.A.,100040200090,Otros Egresos Financieros,-2910480.0,N,2026,1,2026-01,balres
00094,BANCO DE CORRIENTES S.A.,100040300000,Cargo por incobrabilidad,-6226879.0,N,2026,1,2026-01,balres
00094,BANCO DE CORRIENTES S.A.,100040400000,Ingresos por servicios,6442081.0,N,2026,1,2026-01,balres
00094,BANCO DE CORRIENTES S.A.,100040500000,Egresos por servicios,-4189221.0,N,2026,1,2026-01,balres
00094,BANCO DE CORRIENTES S.A.,100040700000,Gastos de administración,-9502811.0,N,2026,1,2026-01,balres
00094,BANCO DE CORRIENTES S.A.,100040800000,Créditos recuperados y previsiones desafectadas,828.0,N,2026,1,2026-01,balres
00094,BANCO DE CORRIENTES S.A.,100041200000,Resultado monetario,-5100584.0,N,2026,1,2026-01,balres
00094,BANCO DE CORRIENTES S.A.,100041300000,Otros,218975.0,N,2026,1,2026-01,balres
00094,BANCO DE CORRIENTES S.A.,100041400000,Impuesto a las ganancias,-1097677.0,N,2026,1,2026-01,balres
00094,BANCO DE CORRIENTES S.A.,100050000000,PARTIDAS FUERA DE BALANCE,0.0,N,2026,1,2026-01,balres
00094,BANCO DE CORRIENTES S.A.,100050100000,Créditos irrecuperables en partidas fuera del balance,1219355.0,N,2026,1,2026-01,balres
00094,BANCO DE CORRIENTES S.A.,100050200000,Contingentes acreedoras,312365085.0,N,2026,1,2026-01,balres
00094,BANCO DE CORRIENTES S.A.,100050300000,De Control acreedoras,1074516.0,N,2026,1,2026-01,balres
00094,BANCO DE CORRIENTES S.A.,100050600000,Contingentes deudoras,563814673.0,N,2026,1,2026-01,balres
00094,BANCO DE CORRIENTES S.A.,100050700000,De Control deudoras,87032309.0,N,2026,1,2026-01,balres
00094,BANCO DE CORRIENTES S.A.,100050900000,De Actividad fiduciaria deudoras,17858081.0,N,2026,1,2026-01,balres
00097,BANCO PROVINCIA DEL NEUQUÉN SOCIEDAD ANÓNIMA,100010000000,A C T I V O,1946583471.0,N,2026,1,2026-01,balres
00097,BANCO PROVINCIA DEL NEUQUÉN SOCIEDAD ANÓNIMA,100010100000,Efectivo y deposito en bancos,112552500.0,N,2026,1,2026-01,balres
00097,BANCO PROVINCIA DEL NEUQUÉN SOCIEDAD ANÓNIMA,100010200000,Títulos Públicos y Privados,668635502.0,N,2026,1,2026-01,balres
00097,BANCO PROVINCIA DEL NEUQUÉN SOCIEDAD ANÓNIMA,100010300000,Préstamos,662423239.0,N,2026,1,2026-01,balres
00097,BANCO PROVINCIA DEL NEUQUÉN SOCIEDAD ANÓNIMA,100010301000,Sector Público no Financiero,73486442.0,N,2026,1,2026-01,balres
00097,BANCO PROVINCIA DEL NEUQUÉN SOCIEDAD ANÓNIMA,100010303000,Sector Privado no Financiero y Residentes en el Ext.,628323680.0,N,2026,1,2026-01,balres
00097,BANCO PROVINCIA DEL NEUQUÉN SOCIEDAD ANÓNIMA,100010303001,Adelantos,37498757.0,N,2026,1,2026-01,balres
00097,BANCO PROVINCIA DEL NEUQUÉN SOCIEDAD ANÓNIMA,100010303005,"Doc a sola firma, descont. y comprados",108496851.0,N,2026,1,2026-01,balres
00097,BANCO PROVINCIA DEL NEUQUÉN SOCIEDAD ANÓNIMA,100010303010,Hipotecarios,19777166.0,N,2026,1,2026-01,balres
00097,BANCO PROVINCIA DEL NEUQUÉN SOCIEDAD ANÓNIMA,100010303015,Prendarios,20621114.0,N,2026,1,2026-01,balres
00097,BANCO PROVINCIA DEL NEUQUÉN SOCIEDAD ANÓNIMA,100010303020,Personales,317134886.0,N,2026,1,2026-01,balres
00097,BANCO PROVINCIA DEL NEUQUÉN SOCIEDAD ANÓNIMA,100010303030,Otros,119829027.0,N,2026,1,2026-01,balres
00097,BANCO PROVINCIA DEL NEUQUÉN SOCIEDAD ANÓNIMA,100010303045,Intereses y dif. cotiz. deveng. a cobrar,26032536.0,N,2026,1,2026-01,balres
00097,BANCO PROVINCIA DEL NEUQUÉN SOCIEDAD ANÓNIMA,100010303050,Cobros no aplicados,-152290.0,N,2026,1,2026-01,balres
00097,BANCO PROVINCIA DEL NEUQUÉN SOCIEDAD ANÓNIMA,100010303055,Intereses documentados,-2324405.0,N,2026,1,2026-01,balres
00097,BANCO PROVINCIA DEL NEUQUÉN SOCIEDAD ANÓNIMA,100010303060,Ajustes NIIF,-18589962.0,N,2026,1,2026-01,balres
00097,BANCO PROVINCIA DEL NEUQUÉN SOCIEDAD ANÓNIMA,100010304000,Previsiones,-39386883.0,N,2026,1,2026-01,balres
00097,BANCO PROVINCIA DEL NEUQUÉN SOCIEDAD ANÓNIMA,100010400000,Otros Cred.por Interm.Finan.,318579435.0,N,2026,1,2026-01,balres
00097,BANCO PROVINCIA DEL NEUQUÉN SOCIEDAD ANÓNIMA,100010500000,Credito por arrendamiento financiero,40910192.0,N,2026,1,2026-01,balres
00097,BANCO PROVINCIA DEL NEUQUÉN SOCIEDAD ANÓNIMA,100010700000,Créditos Diversos,30041261.0,N,2026,1,2026-01,balres
00097,BANCO PROVINCIA DEL NEUQUÉN SOCIEDAD ANÓNIMA,100010800000,"Propiedad, plantas y equipo",106257701.0,N,2026,1,2026-01,balres
00097,BANCO PROVINCIA DEL NEUQUÉN SOCIEDAD ANÓNIMA,100010900000,Bienes Diversos,5548100.0,N,2026,1,2026-01,balres
00097,BANCO PROVINCIA DEL NEUQUÉN SOCIEDAD ANÓNIMA,100011000000,Activos Intangibles,1551292.0,N,2026,1,2026-01,balres
00097,BANCO PROVINCIA DEL NEUQUÉN SOCIEDAD ANÓNIMA,100011200000,Partidas Pend. de Imputación,84249.0,N,2026,1,2026-01,balres
00097,BANCO PROVINCIA DEL NEUQUÉN SOCIEDAD ANÓNIMA,100020000000,P A S I V O,1281627517.0,N,2026,1,2026-01,balres
00097,BANCO PROVINCIA DEL NEUQUÉN SOCIEDAD ANÓNIMA,100020100000,Depósitos,1110682203.0,N,2026,1,2026-01,balres
00097,BANCO PROVINCIA DEL NEUQUÉN SOCIEDAD ANÓNIMA,100020101000,Sector Público no financiero,387922352.0,N,2026,1,2026-01,balres
00097,BANCO PROVINCIA DEL NEUQUÉN SOCIEDAD ANÓNIMA,100020102000,Sector Financiero,6221825.0,N,2026,1,2026-01,balres
00097,BANCO PROVINCIA DEL NEUQUÉN SOCIEDAD ANÓNIMA,100020103000,Sector Privado no Financiero y Residentes en el Ext.,716538026.0,N,2026,1,2026-01,balres
00097,BANCO PROVINCIA DEL NEUQUÉN SOCIEDAD ANÓNIMA,100020103001,Cuentas corrientes,93862354.0,N,2026,1,2026-01,balres
00097,BANCO PROVINCIA DEL NEUQUÉN SOCIEDAD ANÓNIMA,100020103005,Caja de ahorros,404295049.0,N,2026,1,2026-01,balres
00097,BANCO PROVINCIA DEL NEUQUÉN SOCIEDAD ANÓNIMA,100020103010,Plazo fijo e inversiones a plazo,185065712.0,N,2026,1,2026-01,balres
00097,BANCO PROVINCIA DEL NEUQUÉN SOCIEDAD ANÓNIMA,100020103015,Otros,30879696.0,N,2026,1,2026-01,balres
00097,BANCO PROVINCIA DEL NEUQUÉN SOCIEDAD ANÓNIMA,100020103020,Intereses y dif. cotiz. deveng. a pagar,2435215.0,N,2026,1,2026-01,balres
00097,BANCO PROVINCIA DEL NEUQUÉN SOCIEDAD ANÓNIMA,100020200000,Otras Oblig.por Intermed. Financ.,75590432.0,N,2026,1,2026-01,balres
00097,BANCO PROVINCIA DEL NEUQUÉN SOCIEDAD ANÓNIMA,100020300000,Obligaciones Diversas,80835194.0,N,2026,1,2026-01,balres
00097,BANCO PROVINCIA DEL NEUQUÉN SOCIEDAD ANÓNIMA,100020400000,Provisiones,14450290.0,N,2026,1,2026-01,balres
00097,BANCO PROVINCIA DEL NEUQUÉN SOCIEDAD ANÓNIMA,100020600000,Partidas Pendientes de Imputación,69398.0,N,2026,1,2026-01,balres
00097,BANCO PROVINCIA DEL NEUQUÉN SOCIEDAD ANÓNIMA,100030000000,P A T R I M O N I O   N E T O,664955954.0,N,2026,1,2026-01,balres
00097,BANCO PROVINCIA DEL NEUQUÉN SOCIEDAD ANÓNIMA,100030100000,"Capital, Aportes, Reservas y ORI acumulado",542799557.0,N,2026,1,2026-01,balres
00097,BANCO PROVINCIA DEL NEUQUÉN SOCIEDAD ANÓNIMA,100030600000,Resultados no asignados,122156397.0,N,2026,1,2026-01,balres
00097,BANCO PROVINCIA DEL NEUQUÉN SOCIEDAD ANÓNIMA,100040000000,R D O S. I N T E G R A L E S  A C U M.  D E L  P E R I O D O,10211964.0,N,2026,1,2026-01,balres
00097,BANCO PROVINCIA DEL NEUQUÉN SOCIEDAD ANÓNIMA,100040100000,Ingresos financieros,58189443.0,N,2026,1,2026-01,balres
00097,BANCO PROVINCIA DEL NEUQUÉN SOCIEDAD ANÓNIMA,100040100005,Por Intereses,54579474.0,N,2026,1,2026-01,balres
00097,BANCO PROVINCIA DEL NEUQUÉN SOCIEDAD ANÓNIMA,100040100090,Otros Ingresos Financieros,3609969.0,N,2026,1,2026-01,balres
00097,BANCO PROVINCIA DEL NEUQUÉN SOCIEDAD ANÓNIMA,100040200000,Egresos financieros,-6154596.0,N,2026,1,2026-01,balres
00097,BANCO PROVINCIA DEL NEUQUÉN SOCIEDAD ANÓNIMA,100040200005,Por Intereses,-5669660.0,N,2026,1,2026-01,balres
00097,BANCO PROVINCIA DEL NEUQUÉN SOCIEDAD ANÓNIMA,100040200090,Otros Egresos Financieros,-484936.0,N,2026,1,2026-01,balres
00097,BANCO PROVINCIA DEL NEUQUÉN SOCIEDAD ANÓNIMA,100040300000,Cargo por incobrabilidad,-26966599.0,N,2026,1,2026-01,balres
00097,BANCO PROVINCIA DEL NEUQUÉN SOCIEDAD ANÓNIMA,100040400000,Ingresos por servicios,4777282.0,N,2026,1,2026-01,balres
00097,BANCO PROVINCIA DEL NEUQUÉN SOCIEDAD ANÓNIMA,100040500000,Egresos por servicios,-2410995.0,N,2026,1,2026-01,balres
00097,BANCO PROVINCIA DEL NEUQUÉN SOCIEDAD ANÓNIMA,100040700000,Gastos de administración,-15312297.0,N,2026,1,2026-01,balres
00097,BANCO PROVINCIA DEL NEUQUÉN SOCIEDAD ANÓNIMA,100040800000,Créditos recuperados y previsiones desafectadas,20339043.0,N,2026,1,2026-01,balres
00097,BANCO PROVINCIA DEL NEUQUÉN SOCIEDAD ANÓNIMA,100041200000,Resultado monetario,-14908449.0,N,2026,1,2026-01,balres
00097,BANCO PROVINCIA DEL NEUQUÉN SOCIEDAD ANÓNIMA,100041300000,Otros,-854666.0,N,2026,1,2026-01,balres
00097,BANCO PROVINCIA DEL NEUQUÉN SOCIEDAD ANÓNIMA,100041400000,Impuesto a las ganancias,-6486202.0,N,2026,1,2026-01,balres
00097,BANCO PROVINCIA DEL NEUQUÉN SOCIEDAD ANÓNIMA,100050000000,PARTIDAS FUERA DE BALANCE,0.0,N,2026,1,2026-01,balres
00097,BANCO PROVINCIA DEL NEUQUÉN SOCIEDAD ANÓNIMA,100050100000,Créditos irrecuperables en partidas fuera del balance,4695813.0,N,2026,1,2026-01,balres
00097,BANCO PROVINCIA DEL NEUQUÉN SOCIEDAD ANÓNIMA,100050200000,Contingentes acreedoras,885198582.0,N,2026,1,2026-01,balres
00097,BANCO PROVINCIA DEL NEUQUÉN SOCIEDAD ANÓNIMA,100050600000,Contingentes deudoras,147780633.0,N,2026,1,2026-01,balres
00097,BANCO PROVINCIA DEL NEUQUÉN SOCIEDAD ANÓNIMA,100050700000,De Control deudoras,244022242.0,N,2026,1,2026-01,balres
00097,BANCO PROVINCIA DEL NEUQUÉN SOCIEDAD ANÓNIMA,100050800000,De Derivados deudoras,0.0,N,2026,1,2026-01,balres
00097,BANCO PROVINCIA DEL NEUQUÉN SOCIEDAD ANÓNIMA,100050900000,De Actividad fiduciaria deudoras,13755107.0,N,2026,1,2026-01,balres
00131,BANK OF CHINA LIMITED SUCURSAL BUENOS AIRES,100010000000,A C T I V O,44130737.0,N,2026,1,2026-01,balres
00131,BANK OF CHINA LIMITED SUCURSAL BUENOS AIRES,100010100000,Efectivo y deposito en bancos,8434963.0,N,2026,1,2026-01,balres
00131,BANK OF CHINA LIMITED SUCURSAL BUENOS AIRES,100010200000,Títulos Públicos y Privados,14047808.0,N,2026,1,2026-01,balres
00131,BANK OF CHINA LIMITED SUCURSAL BUENOS AIRES,100010300000,Préstamos,0.0,N,2026,1,2026-01,balres
00131,BANK OF CHINA LIMITED SUCURSAL BUENOS AIRES,100010302000,Sector Financiero,0.0,N,2026,1,2026-01,balres
00131,BANK OF CHINA LIMITED SUCURSAL BUENOS AIRES,100010303000,Sector Privado no Financiero y Residentes en el Ext.,0.0,N,2026,1,2026-01,balres
00131,BANK OF CHINA LIMITED SUCURSAL BUENOS AIRES,100010303030,Otros,0.0,N,2026,1,2026-01,balres
00131,BANK OF CHINA LIMITED SUCURSAL BUENOS AIRES,100010303045,Intereses y dif. cotiz. deveng. a cobrar,0.0,N,2026,1,2026-01,balres
00131,BANK OF CHINA LIMITED SUCURSAL BUENOS AIRES,100010304000,Previsiones,0.0,N,2026,1,2026-01,balres
00131,BANK OF CHINA LIMITED SUCURSAL BUENOS AIRES,100010400000,Otros Cred.por Interm.Finan.,18155590.0,N,2026,1,2026-01,balres
00131,BANK OF CHINA LIMITED SUCURSAL BUENOS AIRES,100010700000,Créditos Diversos,827625.0,N,2026,1,2026-01,balres
00131,BANK OF CHINA LIMITED SUCURSAL BUENOS AIRES,100010800000,"Propiedad, plantas y equipo",1786953.0,N,2026,1,2026-01,balres
00131,BANK OF CHINA LIMITED SUCURSAL BUENOS AIRES,100011000000,Activos Intangibles,877798.0,N,2026,1,2026-01,balres
00131,BANK OF CHINA LIMITED SUCURSAL BUENOS AIRES,100020000000,P A S I V O,28499105.0,N,2026,1,2026-01,balres
00131,BANK OF CHINA LIMITED SUCURSAL BUENOS AIRES,100020100000,Depósitos,16104567.0,N,2026,1,2026-01,balres
00131,BANK OF CHINA LIMITED SUCURSAL BUENOS AIRES,100020103000,Sector Privado no Financiero y Residentes en el Ext.,16104567.0,N,2026,1,2026-01,balres
00131,BANK OF CHINA LIMITED SUCURSAL BUENOS AIRES,100020103005,Caja de ahorros,7640238.0,N,2026,1,2026-01,balres
00131,BANK OF CHINA LIMITED SUCURSAL BUENOS AIRES,100020103010,Plazo fijo e inversiones a plazo,8040000.0,N,2026,1,2026-01,balres
00131,BANK OF CHINA LIMITED SUCURSAL BUENOS AIRES,100020103020,Intereses y dif. cotiz. deveng. a pagar,424329.0,N,2026,1,2026-01,balres
00131,BANK OF CHINA LIMITED SUCURSAL BUENOS AIRES,100020200000,Otras Oblig.por Intermed. Financ.,6122949.0,N,2026,1,2026-01,balres
00131,BANK OF CHINA LIMITED SUCURSAL BUENOS AIRES,100020300000,Obligaciones Diversas,6269487.0,N,2026,1,2026-01,balres
00131,BANK OF CHINA LIMITED SUCURSAL BUENOS AIRES,100020400000,Provisiones,2102.0,N,2026,1,2026-01,balres
00131,BANK OF CHINA LIMITED SUCURSAL BUENOS AIRES,100030000000,P A T R I M O N I O   N E T O,15631632.0,N,2026,1,2026-01,balres
00131,BANK OF CHINA LIMITED SUCURSAL BUENOS AIRES,100030100000,"Capital, Aportes, Reservas y ORI acumulado",133316244.0,N,2026,1,2026-01,balres
00131,BANK OF CHINA LIMITED SUCURSAL BUENOS AIRES,100030600000,Resultados no asignados,-117684612.0,N,2026,1,2026-01,balres
00131,BANK OF CHINA LIMITED SUCURSAL BUENOS AIRES,100040000000,R D O S. I N T E G R A L E S  A C U M.  D E L  P E R I O D O,-209032.0,N,2026,1,2026-01,balres
00131,BANK OF CHINA LIMITED SUCURSAL BUENOS AIRES,100040100000,Ingresos financieros,1239189.0,N,2026,1,2026-01,balres
00131,BANK OF CHINA LIMITED SUCURSAL BUENOS AIRES,100040100005,Por Intereses,1096624.0,N,2026,1,2026-01,balres
00131,BANK OF CHINA LIMITED SUCURSAL BUENOS AIRES,100040100090,Otros Ingresos Financieros,142565.0,N,2026,1,2026-01,balres
00131,BANK OF CHINA LIMITED SUCURSAL BUENOS AIRES,100040200000,Egresos financieros,-498745.0,N,2026,1,2026-01,balres
00131,BANK OF CHINA LIMITED SUCURSAL BUENOS AIRES,100040200005,Por Intereses,-445023.0,N,2026,1,2026-01,balres
00131,BANK OF CHINA LIMITED SUCURSAL BUENOS AIRES,100040200090,Otros Egresos Financieros,-53722.0,N,2026,1,2026-01,balres
00131,BANK OF CHINA LIMITED SUCURSAL BUENOS AIRES,100040300000,Cargo por incobrabilidad,0.0,N,2026,1,2026-01,balres
00131,BANK OF CHINA LIMITED SUCURSAL BUENOS AIRES,100040400000,Ingresos por servicios,5311.0,N,2026,1,2026-01,balres
00131,BANK OF CHINA LIMITED SUCURSAL BUENOS AIRES,100040500000,Egresos por servicios,-2400.0,N,2026,1,2026-01,balres
00131,BANK OF CHINA LIMITED SUCURSAL BUENOS AIRES,100040700000,Gastos de administración,-564038.0,N,2026,1,2026-01,balres
00131,BANK OF CHINA LIMITED SUCURSAL BUENOS AIRES,100040800000,Créditos recuperados y previsiones desafectadas,44.0,N,2026,1,2026-01,balres
00131,BANK OF CHINA LIMITED SUCURSAL BUENOS AIRES,100041200000,Resultado monetario,-367139.0,N,2026,1,2026-01,balres
00131,BANK OF CHINA LIMITED SUCURSAL BUENOS AIRES,100041300000,Otros,-21254.0,N,2026,1,2026-01,balres
00131,BANK OF CHINA LIMITED SUCURSAL BUENOS AIRES,100050000000,PARTIDAS FUERA DE BALANCE,0.0,N,2026,1,2026-01,balres
00131,BANK OF CHINA LIMITED SUCURSAL BUENOS AIRES,100050200000,Contingentes acreedoras,100393535.0,N,2026,1,2026-01,balres
00131,BANK OF CHINA LIMITED SUCURSAL BUENOS AIRES,100050600000,Contingentes deudoras,100393535.0,N,2026,1,2026-01,balres
00131,BANK OF CHINA LIMITED SUCURSAL BUENOS AIRES,100050700000,De Control deudoras,17959230.0,N,2026,1,2026-01,balres
00143,BRUBANK S.A.U.,100010000000,A C T I V O,313695570.0,N,2026,1,2026-01,balres
00143,BRUBANK S.A.U.,100010100000,Efectivo y deposito en bancos,97053254.0,N,2026,1,2026-01,balres
00143,BRUBANK S.A.U.,100010200000,Títulos Públicos y Privados,99845458.0,N,2026,1,2026-01,balres
00143,BRUBANK S.A.U.,100010300000,Préstamos,76619226.0,N,2026,1,2026-01,balres
00143,BRUBANK S.A.U.,100010303000,Sector Privado no Financiero y Residentes en el Ext.,87492801.0,N,2026,1,2026-01,balres
00143,BRUBANK S.A.U.,100010303001,Adelantos,110762.0,N,2026,1,2026-01,balres
00143,BRUBANK S.A.U.,100010303005,"Doc a sola firma, descont. y comprados",114032.0,N,2026,1,2026-01,balres
00143,BRUBANK S.A.U.,100010303010,Hipotecarios,386796.0,N,2026,1,2026-01,balres
00143,BRUBANK S.A.U.,100010303020,Personales,50115817.0,N,2026,1,2026-01,balres
00143,BRUBANK S.A.U.,100010303030,Otros,31237293.0,N,2026,1,2026-01,balres
00143,BRUBANK S.A.U.,100010303045,Intereses y dif. cotiz. deveng. a cobrar,5148790.0,N,2026,1,2026-01,balres
00143,BRUBANK S.A.U.,100010303055,Intereses documentados,-3412.0,N,2026,1,2026-01,balres
00143,BRUBANK S.A.U.,100010303060,Ajustes NIIF,382723.0,N,2026,1,2026-01,balres
00143,BRUBANK S.A.U.,100010304000,Previsiones,-10873575.0,N,2026,1,2026-01,balres
00143,BRUBANK S.A.U.,100010400000,Otros Cred.por Interm.Finan.,16474825.0,N,2026,1,2026-01,balres
00143,BRUBANK S.A.U.,100010700000,Créditos Diversos,8723122.0,N,2026,1,2026-01,balres
00143,BRUBANK S.A.U.,100010800000,"Propiedad, plantas y equipo",1625315.0,N,2026,1,2026-01,balres
00143,BRUBANK S.A.U.,100011000000,Activos Intangibles,13290429.0,N,2026,1,2026-01,balres
00143,BRUBANK S.A.U.,100011200000,Partidas Pend. de Imputación,63941.0,N,2026,1,2026-01,balres
00143,BRUBANK S.A.U.,100020000000,P A S I V O,286375892.0,N,2026,1,2026-01,balres
00143,BRUBANK S.A.U.,100020100000,Depósitos,259459414.0,N,2026,1,2026-01,balres
00143,BRUBANK S.A.U.,100020103000,Sector Privado no Financiero y Residentes en el Ext.,259459414.0,N,2026,1,2026-01,balres
00143,BRUBANK S.A.U.,100020103001,Cuentas corrientes,4028600.0,N,2026,1,2026-01,balres
00143,BRUBANK S.A.U.,100020103005,Caja de ahorros,237299442.0,N,2026,1,2026-01,balres
00143,BRUBANK S.A.U.,100020103010,Plazo fijo e inversiones a plazo,15992764.0,N,2026,1,2026-01,balres
00143,BRUBANK S.A.U.,100020103015,Otros,1810661.0,N,2026,1,2026-01,balres
00143,BRUBANK S.A.U.,100020103020,Intereses y dif. cotiz. deveng. a pagar,327947.0,N,2026,1,2026-01,balres
00143,BRUBANK S.A.U.,100020200000,Otras Oblig.por Intermed. Financ.,17816659.0,N,2026,1,2026-01,balres
00143,BRUBANK S.A.U.,100020300000,Obligaciones Diversas,8009570.0,N,2026,1,2026-01,balres
00143,BRUBANK S.A.U.,100020400000,Provisiones,70096.0,N,2026,1,2026-01,balres
00143,BRUBANK S.A.U.,100020600000,Partidas Pendientes de Imputación,1020153.0,N,2026,1,2026-01,balres
00143,BRUBANK S.A.U.,100030000000,P A T R I M O N I O   N E T O,27319678.0,N,2026,1,2026-01,balres
00143,BRUBANK S.A.U.,100030100000,"Capital, Aportes, Reservas y ORI acumulado",102901536.0,N,2026,1,2026-01,balres
00143,BRUBANK S.A.U.,100030600000,Resultados no asignados,-75581858.0,N,2026,1,2026-01,balres
00143,BRUBANK S.A.U.,100040000000,R D O S. I N T E G R A L E S  A C U M.  D E L  P E R I O D O,346124.0,N,2026,1,2026-01,balres
00143,BRUBANK S.A.U.,100040100000,Ingresos financieros,7771049.0,N,2026,1,2026-01,balres
00143,BRUBANK S.A.U.,100040100005,Por Intereses,5619899.0,N,2026,1,2026-01,balres
00143,BRUBANK S.A.U.,100040100090,Otros Ingresos Financieros,2151150.0,N,2026,1,2026-01,balres
00143,BRUBANK S.A.U.,100040200000,Egresos financieros,-1871053.0,N,2026,1,2026-01,balres
00143,BRUBANK S.A.U.,100040200005,Por Intereses,-1034396.0,N,2026,1,2026-01,balres
00143,BRUBANK S.A.U.,100040200090,Otros Egresos Financieros,-836657.0,N,2026,1,2026-01,balres
00143,BRUBANK S.A.U.,100040300000,Cargo por incobrabilidad,-2119794.0,N,2026,1,2026-01,balres
00143,BRUBANK S.A.U.,100040400000,Ingresos por servicios,1605261.0,N,2026,1,2026-01,balres
00143,BRUBANK S.A.U.,100040500000,Egresos por servicios,-1548687.0,N,2026,1,2026-01,balres
00143,BRUBANK S.A.U.,100040700000,Gastos de administración,-2933921.0,N,2026,1,2026-01,balres
00143,BRUBANK S.A.U.,100040800000,Créditos recuperados y previsiones desafectadas,168155.0,N,2026,1,2026-01,balres
00143,BRUBANK S.A.U.,100041200000,Resultado monetario,-231459.0,N,2026,1,2026-01,balres
00143,BRUBANK S.A.U.,100041300000,Otros,45529.0,N,2026,1,2026-01,balres
00143,BRUBANK S.A.U.,100041400000,Impuesto a las ganancias,-538956.0,N,2026,1,2026-01,balres
00143,BRUBANK S.A.U.,100050000000,PARTIDAS FUERA DE BALANCE,0.0,N,2026,1,2026-01,balres
00143,BRUBANK S.A.U.,100050100000,Créditos irrecuperables en partidas fuera del balance,2955434.0,N,2026,1,2026-01,balres
00143,BRUBANK S.A.U.,100050200000,Contingentes acreedoras,61616900.0,N,2026,1,2026-01,balres
00143,BRUBANK S.A.U.,100050300000,De Control acreedoras,559318.0,N,2026,1,2026-01,balres
00143,BRUBANK S.A.U.,100050400000,De Derivados acreedoras,0.0,N,2026,1,2026-01,balres
00143,BRUBANK S.A.U.,100050600000,Contingentes deudoras,3379075.0,N,2026,1,2026-01,balres
00143,BRUBANK S.A.U.,100050700000,De Control deudoras,4152145.0,N,2026,1,2026-01,balres
00143,BRUBANK S.A.U.,100050800000,De Derivados deudoras,0.0,N,2026,1,2026-01,balres
00147,BIBANK S.A.,100010000000,A C T I V O,193252999.0,N,2026,1,2026-01,balres
00147,BIBANK S.A.,100010100000,Efectivo y deposito en bancos,13043264.0,N,2026,1,2026-01,balres
00147,BIBANK S.A.,100010200000,Títulos Públicos y Privados,65168920.0,N,2026,1,2026-01,balres
00147,BIBANK S.A.,100010300000,Préstamos,40337006.0,N,2026,1,2026-01,balres
00147,BIBANK S.A.,100010303000,Sector Privado no Financiero y Residentes en el Ext.,42042955.0,N,2026,1,2026-01,balres
00147,BIBANK S.A.,100010303001,Adelantos,20743426.0,N,2026,1,2026-01,balres
00147,BIBANK S.A.,100010303005,"Doc a sola firma, descont. y comprados",17504871.0,N,2026,1,2026-01,balres
00147,BIBANK S.A.,100010303015,Prendarios,0.0,N,2026,1,2026-01,balres
00147,BIBANK S.A.,100010303020,Personales,0.0,N,2026,1,2026-01,balres
00147,BIBANK S.A.,100010303030,Otros,3669894.0,N,2026,1,2026-01,balres
00147,BIBANK S.A.,100010303045,Intereses y dif. cotiz. deveng. a cobrar,828853.0,N,2026,1,2026-01,balres
00147,BIBANK S.A.,100010303050,Cobros no aplicados,-750.0,N,2026,1,2026-01,balres
00147,BIBANK S.A.,100010303055,Intereses documentados,-688558.0,N,2026,1,2026-01,balres
00147,BIBANK S.A.,100010303060,Ajustes NIIF,-14781.0,N,2026,1,2026-01,balres
00147,BIBANK S.A.,100010304000,Previsiones,-1705949.0,N,2026,1,2026-01,balres
00147,BIBANK S.A.,100010400000,Otros Cred.por Interm.Finan.,30313237.0,N,2026,1,2026-01,balres
00147,BIBANK S.A.,100010600000,Part. en otras Sociedades,602012.0,N,2026,1,2026-01,balres
00147,BIBANK S.A.,100010600020,Otras,602012.0,N,2026,1,2026-01,balres
00147,BIBANK S.A.,100010700000,Créditos Diversos,15506625.0,N,2026,1,2026-01,balres
00147,BIBANK S.A.,100010800000,"Propiedad, plantas y equipo",8371274.0,N,2026,1,2026-01,balres
00147,BIBANK S.A.,100010900000,Bienes Diversos,353063.0,N,2026,1,2026-01,balres
00147,BIBANK S.A.,100011000000,Activos Intangibles,19557598.0,N,2026,1,2026-01,balres
00147,BIBANK S.A.,100020000000,P A S I V O,150334861.0,N,2026,1,2026-01,balres
00147,BIBANK S.A.,100020100000,Depósitos,80464661.0,N,2026,1,2026-01,balres
00147,BIBANK S.A.,100020101000,Sector Público no financiero,1134576.0,N,2026,1,2026-01,balres
00147,BIBANK S.A.,100020102000,Sector Financiero,2756.0,N,2026,1,2026-01,balres
00147,BIBANK S.A.,100020103000,Sector Privado no Financiero y Residentes en el Ext.,79327329.0,N,2026,1,2026-01,balres
00147,BIBANK S.A.,100020103001,Cuentas corrientes,26560197.0,N,2026,1,2026-01,balres
00147,BIBANK S.A.,100020103005,Caja de ahorros,2702346.0,N,2026,1,2026-01,balres
00147,BIBANK S.A.,100020103010,Plazo fijo e inversiones a plazo,48836312.0,N,2026,1,2026-01,balres
00147,BIBANK S.A.,100020103015,Otros,83025.0,N,2026,1,2026-01,balres
00147,BIBANK S.A.,100020103020,Intereses y dif. cotiz. deveng. a pagar,1145449.0,N,2026,1,2026-01,balres
00147,BIBANK S.A.,100020200000,Otras Oblig.por Intermed. Financ.,67543765.0,N,2026,1,2026-01,balres
00147,BIBANK S.A.,100020300000,Obligaciones Diversas,2295359.0,N,2026,1,2026-01,balres
00147,BIBANK S.A.,100020400000,Provisiones,31076.0,N,2026,1,2026-01,balres
00147,BIBANK S.A.,100030000000,P A T R I M O N I O   N E T O,42918138.0,N,2026,1,2026-01,balres
00147,BIBANK S.A.,100030100000,"Capital, Aportes, Reservas y ORI acumulado",48535844.0,N,2026,1,2026-01,balres
00147,BIBANK S.A.,100030600000,Resultados no asignados,-5617706.0,N,2026,1,2026-01,balres
00147,BIBANK S.A.,100040000000,R D O S. I N T E G R A L E S  A C U M.  D E L  P E R I O D O,-550427.0,N,2026,1,2026-01,balres
00147,BIBANK S.A.,100040100000,Ingresos financieros,3349358.0,N,2026,1,2026-01,balres
00147,BIBANK S.A.,100040100005,Por Intereses,2043429.0,N,2026,1,2026-01,balres
00147,BIBANK S.A.,100040100090,Otros Ingresos Financieros,1305929.0,N,2026,1,2026-01,balres
00147,BIBANK S.A.,100040200000,Egresos financieros,-1918698.0,N,2026,1,2026-01,balres
00147,BIBANK S.A.,100040200005,Por Intereses,-1584475.0,N,2026,1,2026-01,balres
00147,BIBANK S.A.,100040200090,Otros Egresos Financieros,-334223.0,N,2026,1,2026-01,balres
00147,BIBANK S.A.,100040300000,Cargo por incobrabilidad,-376669.0,N,2026,1,2026-01,balres
00147,BIBANK S.A.,100040400000,Ingresos por servicios,55058.0,N,2026,1,2026-01,balres
00147,BIBANK S.A.,100040500000,Egresos por servicios,-82340.0,N,2026,1,2026-01,balres
00147,BIBANK S.A.,100040700000,Gastos de administración,-1541748.0,N,2026,1,2026-01,balres
00147,BIBANK S.A.,100040800000,Créditos recuperados y previsiones desafectadas,3838.0,N,2026,1,2026-01,balres
00147,BIBANK S.A.,100041200000,Resultado monetario,-6250.0,N,2026,1,2026-01,balres
00147,BIBANK S.A.,100041300000,Otros,-5923.0,N,2026,1,2026-01,balres
00147,BIBANK S.A.,100041400000,Impuesto a las ganancias,-27053.0,N,2026,1,2026-01,balres
00147,BIBANK S.A.,100041500000,Otro resultado integral,0.0,N,2026,1,2026-01,balres
00147,BIBANK S.A.,100050000000,PARTIDAS FUERA DE BALANCE,0.0,N,2026,1,2026-01,balres
00147,BIBANK S.A.,100050100000,Créditos irrecuperables en partidas fuera del balance,566.0,N,2026,1,2026-01,balres
00147,BIBANK S.A.,100050200000,Contingentes acreedoras,24725659.0,N,2026,1,2026-01,balres
00147,BIBANK S.A.,100050300000,De Control acreedoras,544902.0,N,2026,1,2026-01,balres
00147,BIBANK S.A.,100050400000,De Derivados acreedoras,37524777.0,N,2026,1,2026-01,balres
00147,BIBANK S.A.,100050600000,Contingentes deudoras,27245509.0,N,2026,1,2026-01,balres
00147,BIBANK S.A.,100050700000,De Control deudoras,123460845.0,N,2026,1,2026-01,balres
00147,BIBANK S.A.,100050800000,De Derivados deudoras,43274001.0,N,2026,1,2026-01,balres
00165,"JPMORGAN CHASE BANK, NATIONAL ASSOCIATION (SUCURSAL BUENOS A",100010000000,A C T I V O,819058747.0,N,2026,1,2026-01,balres
00165,"JPMORGAN CHASE BANK, NATIONAL ASSOCIATION (SUCURSAL BUENOS A",100010100000,Efectivo y deposito en bancos,91831723.0,N,2026,1,2026-01,balres
00165,"JPMORGAN CHASE BANK, NATIONAL ASSOCIATION (SUCURSAL BUENOS A",100010200000,Títulos Públicos y Privados,468934530.0,N,2026,1,2026-01,balres
00165,"JPMORGAN CHASE BANK, NATIONAL ASSOCIATION (SUCURSAL BUENOS A",100010300000,Préstamos,45313302.0,N,2026,1,2026-01,balres
00165,"JPMORGAN CHASE BANK, NATIONAL ASSOCIATION (SUCURSAL BUENOS A",100010303000,Sector Privado no Financiero y Residentes en el Ext.,45314184.0,N,2026,1,2026-01,balres
00165,"JPMORGAN CHASE BANK, NATIONAL ASSOCIATION (SUCURSAL BUENOS A",100010303001,Adelantos,45169467.0,N,2026,1,2026-01,balres
00165,"JPMORGAN CHASE BANK, NATIONAL ASSOCIATION (SUCURSAL BUENOS A",100010303045,Intereses y dif. cotiz. deveng. a cobrar,144717.0,N,2026,1,2026-01,balres
00165,"JPMORGAN CHASE BANK, NATIONAL ASSOCIATION (SUCURSAL BUENOS A",100010304000,Previsiones,-882.0,N,2026,1,2026-01,balres
00165,"JPMORGAN CHASE BANK, NATIONAL ASSOCIATION (SUCURSAL BUENOS A",100010400000,Otros Cred.por Interm.Finan.,175956104.0,N,2026,1,2026-01,balres
00165,"JPMORGAN CHASE BANK, NATIONAL ASSOCIATION (SUCURSAL BUENOS A",100010700000,Créditos Diversos,12312920.0,N,2026,1,2026-01,balres
00165,"JPMORGAN CHASE BANK, NATIONAL ASSOCIATION (SUCURSAL BUENOS A",100010800000,"Propiedad, plantas y equipo",22719047.0,N,2026,1,2026-01,balres
00165,"JPMORGAN CHASE BANK, NATIONAL ASSOCIATION (SUCURSAL BUENOS A",100010900000,Bienes Diversos,1991121.0,N,2026,1,2026-01,balres
00165,"JPMORGAN CHASE BANK, NATIONAL ASSOCIATION (SUCURSAL BUENOS A",100020000000,P A S I V O,384973561.0,N,2026,1,2026-01,balres
00165,"JPMORGAN CHASE BANK, NATIONAL ASSOCIATION (SUCURSAL BUENOS A",100020100000,Depósitos,316758744.0,N,2026,1,2026-01,balres
00165,"JPMORGAN CHASE BANK, NATIONAL ASSOCIATION (SUCURSAL BUENOS A",100020102000,Sector Financiero,138013.0,N,2026,1,2026-01,balres
00165,"JPMORGAN CHASE BANK, NATIONAL ASSOCIATION (SUCURSAL BUENOS A",100020103000,Sector Privado no Financiero y Residentes en el Ext.,316620731.0,N,2026,1,2026-01,balres
00165,"JPMORGAN CHASE BANK, NATIONAL ASSOCIATION (SUCURSAL BUENOS A",100020103001,Cuentas corrientes,7411300.0,N,2026,1,2026-01,balres
00165,"JPMORGAN CHASE BANK, NATIONAL ASSOCIATION (SUCURSAL BUENOS A",100020103005,Caja de ahorros,307763621.0,N,2026,1,2026-01,balres
00165,"JPMORGAN CHASE BANK, NATIONAL ASSOCIATION (SUCURSAL BUENOS A",100020103015,Otros,83710.0,N,2026,1,2026-01,balres
00165,"JPMORGAN CHASE BANK, NATIONAL ASSOCIATION (SUCURSAL BUENOS A",100020103020,Intereses y dif. cotiz. deveng. a pagar,1362100.0,N,2026,1,2026-01,balres
00165,"JPMORGAN CHASE BANK, NATIONAL ASSOCIATION (SUCURSAL BUENOS A",100020200000,Otras Oblig.por Intermed. Financ.,15049266.0,N,2026,1,2026-01,balres
00165,"JPMORGAN CHASE BANK, NATIONAL ASSOCIATION (SUCURSAL BUENOS A",100020300000,Obligaciones Diversas,52395945.0,N,2026,1,2026-01,balres
00165,"JPMORGAN CHASE BANK, NATIONAL ASSOCIATION (SUCURSAL BUENOS A",100020400000,Provisiones,769606.0,N,2026,1,2026-01,balres
00165,"JPMORGAN CHASE BANK, NATIONAL ASSOCIATION (SUCURSAL BUENOS A",100030000000,P A T R I M O N I O   N E T O,434085186.0,N,2026,1,2026-01,balres
00165,"JPMORGAN CHASE BANK, NATIONAL ASSOCIATION (SUCURSAL BUENOS A",100030100000,"Capital, Aportes, Reservas y ORI acumulado",356376002.0,N,2026,1,2026-01,balres
00165,"JPMORGAN CHASE BANK, NATIONAL ASSOCIATION (SUCURSAL BUENOS A",100030600000,Resultados no asignados,77709184.0,N,2026,1,2026-01,balres
00165,"JPMORGAN CHASE BANK, NATIONAL ASSOCIATION (SUCURSAL BUENOS A",100040000000,R D O S. I N T E G R A L E S  A C U M.  D E L  P E R I O D O,2754928.0,N,2026,1,2026-01,balres
00165,"JPMORGAN CHASE BANK, NATIONAL ASSOCIATION (SUCURSAL BUENOS A",100040100000,Ingresos financieros,25420859.0,N,2026,1,2026-01,balres
00165,"JPMORGAN CHASE BANK, NATIONAL ASSOCIATION (SUCURSAL BUENOS A",100040100005,Por Intereses,9915145.0,N,2026,1,2026-01,balres
00165,"JPMORGAN CHASE BANK, NATIONAL ASSOCIATION (SUCURSAL BUENOS A",100040100090,Otros Ingresos Financieros,15505714.0,N,2026,1,2026-01,balres
00165,"JPMORGAN CHASE BANK, NATIONAL ASSOCIATION (SUCURSAL BUENOS A",100040200000,Egresos financieros,-5608341.0,N,2026,1,2026-01,balres
00165,"JPMORGAN CHASE BANK, NATIONAL ASSOCIATION (SUCURSAL BUENOS A",100040200005,Por Intereses,-1545505.0,N,2026,1,2026-01,balres
00165,"JPMORGAN CHASE BANK, NATIONAL ASSOCIATION (SUCURSAL BUENOS A",100040200090,Otros Egresos Financieros,-4062836.0,N,2026,1,2026-01,balres
00165,"JPMORGAN CHASE BANK, NATIONAL ASSOCIATION (SUCURSAL BUENOS A",100040300000,Cargo por incobrabilidad,-308.0,N,2026,1,2026-01,balres
00165,"JPMORGAN CHASE BANK, NATIONAL ASSOCIATION (SUCURSAL BUENOS A",100040400000,Ingresos por servicios,3206213.0,N,2026,1,2026-01,balres
00165,"JPMORGAN CHASE BANK, NATIONAL ASSOCIATION (SUCURSAL BUENOS A",100040500000,Egresos por servicios,-145273.0,N,2026,1,2026-01,balres
00165,"JPMORGAN CHASE BANK, NATIONAL ASSOCIATION (SUCURSAL BUENOS A",100040700000,Gastos de administración,-5090070.0,N,2026,1,2026-01,balres
00165,"JPMORGAN CHASE BANK, NATIONAL ASSOCIATION (SUCURSAL BUENOS A",100040800000,Créditos recuperados y previsiones desafectadas,0.0,N,2026,1,2026-01,balres
00165,"JPMORGAN CHASE BANK, NATIONAL ASSOCIATION (SUCURSAL BUENOS A",100041200000,Resultado monetario,-11436056.0,N,2026,1,2026-01,balres
00165,"JPMORGAN CHASE BANK, NATIONAL ASSOCIATION (SUCURSAL BUENOS A",100041300000,Otros,65514.0,N,2026,1,2026-01,balres
00165,"JPMORGAN CHASE BANK, NATIONAL ASSOCIATION (SUCURSAL BUENOS A",100041400000,Impuesto a las ganancias,-3657610.0,N,2026,1,2026-01,balres
00165,"JPMORGAN CHASE BANK, NATIONAL ASSOCIATION (SUCURSAL BUENOS A",100050000000,PARTIDAS FUERA DE BALANCE,0.0,N,2026,1,2026-01,balres
00165,"JPMORGAN CHASE BANK, NATIONAL ASSOCIATION (SUCURSAL BUENOS A",100050200000,Contingentes acreedoras,230535.0,N,2026,1,2026-01,balres
00165,"JPMORGAN CHASE BANK, NATIONAL ASSOCIATION (SUCURSAL BUENOS A",100050300000,De Control acreedoras,171511228.0,N,2026,1,2026-01,balres
00165,"JPMORGAN CHASE BANK, NATIONAL ASSOCIATION (SUCURSAL BUENOS A",100050400000,De Derivados acreedoras,42077851.0,N,2026,1,2026-01,balres
00165,"JPMORGAN CHASE BANK, NATIONAL ASSOCIATION (SUCURSAL BUENOS A",100050700000,De Control deudoras,189629440.0,N,2026,1,2026-01,balres
00165,"JPMORGAN CHASE BANK, NATIONAL ASSOCIATION (SUCURSAL BUENOS A",100050800000,De Derivados deudoras,2448003.0,N,2026,1,2026-01,balres
00191,BANCO CREDICOOP COOPERATIVO LIMITADO,100010000000,A C T I V O,9471507708.0,N,2026,1,2026-01,balres
00191,BANCO CREDICOOP COOPERATIVO LIMITADO,100010100000,Efectivo y deposito en bancos,1348772605.0,N,2026,1,2026-01,balres
00191,BANCO CREDICOOP COOPERATIVO LIMITADO,100010200000,Títulos Públicos y Privados,4756099642.0,N,2026,1,2026-01,balres
00191,BANCO CREDICOOP COOPERATIVO LIMITADO,100010300000,Préstamos,2323089785.0,N,2026,1,2026-01,balres
00191,BANCO CREDICOOP COOPERATIVO LIMITADO,100010301000,Sector Público no Financiero,8206396.0,N,2026,1,2026-01,balres
00191,BANCO CREDICOOP COOPERATIVO LIMITADO,100010302000,Sector Financiero,13997693.0,N,2026,1,2026-01,balres
00191,BANCO CREDICOOP COOPERATIVO LIMITADO,100010303000,Sector Privado no Financiero y Residentes en el Ext.,2391226388.0,N,2026,1,2026-01,balres
00191,BANCO CREDICOOP COOPERATIVO LIMITADO,100010303001,Adelantos,147216286.0,N,2026,1,2026-01,balres
00191,BANCO CREDICOOP COOPERATIVO LIMITADO,100010303005,"Doc a sola firma, descont. y comprados",1330397801.0,N,2026,1,2026-01,balres
00191,BANCO CREDICOOP COOPERATIVO LIMITADO,100010303010,Hipotecarios,89537043.0,N,2026,1,2026-01,balres
00191,BANCO CREDICOOP COOPERATIVO LIMITADO,100010303015,Prendarios,104475891.0,N,2026,1,2026-01,balres
00191,BANCO CREDICOOP COOPERATIVO LIMITADO,100010303020,Personales,163868797.0,N,2026,1,2026-01,balres
00191,BANCO CREDICOOP COOPERATIVO LIMITADO,100010303030,Otros,484735884.0,N,2026,1,2026-01,balres
00191,BANCO CREDICOOP COOPERATIVO LIMITADO,100010303045,Intereses y dif. cotiz. deveng. a cobrar,118170786.0,N,2026,1,2026-01,balres
00191,BANCO CREDICOOP COOPERATIVO LIMITADO,100010303050,Cobros no aplicados,-752165.0,N,2026,1,2026-01,balres
00191,BANCO CREDICOOP COOPERATIVO LIMITADO,100010303055,Intereses documentados,-42937417.0,N,2026,1,2026-01,balres
00191,BANCO CREDICOOP COOPERATIVO LIMITADO,100010303060,Ajustes NIIF,-3486518.0,N,2026,1,2026-01,balres
00191,BANCO CREDICOOP COOPERATIVO LIMITADO,100010304000,Previsiones,-90340692.0,N,2026,1,2026-01,balres
00191,BANCO CREDICOOP COOPERATIVO LIMITADO,100010400000,Otros Cred.por Interm.Finan.,298880769.0,N,2026,1,2026-01,balres
00191,BANCO CREDICOOP COOPERATIVO LIMITADO,100010500000,Credito por arrendamiento financiero,37666054.0,N,2026,1,2026-01,balres
00191,BANCO CREDICOOP COOPERATIVO LIMITADO,100010600000,Part. en otras Sociedades,171819552.0,N,2026,1,2026-01,balres
00191,BANCO CREDICOOP COOPERATIVO LIMITADO,100010600020,Otras,171819552.0,N,2026,1,2026-01,balres
00191,BANCO CREDICOOP COOPERATIVO LIMITADO,100010700000,Créditos Diversos,80605628.0,N,2026,1,2026-01,balres
00191,BANCO CREDICOOP COOPERATIVO LIMITADO,100010800000,"Propiedad, plantas y equipo",420616654.0,N,2026,1,2026-01,balres
00191,BANCO CREDICOOP COOPERATIVO LIMITADO,100010900000,Bienes Diversos,14019123.0,N,2026,1,2026-01,balres
00191,BANCO CREDICOOP COOPERATIVO LIMITADO,100011000000,Activos Intangibles,19590880.0,N,2026,1,2026-01,balres
00191,BANCO CREDICOOP COOPERATIVO LIMITADO,100011200000,Partidas Pend. de Imputación,347016.0,N,2026,1,2026-01,balres
00191,BANCO CREDICOOP COOPERATIVO LIMITADO,100020000000,P A S I V O,6278050601.0,N,2026,1,2026-01,balres
00191,BANCO CREDICOOP COOPERATIVO LIMITADO,100020100000,Depósitos,5894029294.0,N,2026,1,2026-01,balres
00191,BANCO CREDICOOP COOPERATIVO LIMITADO,100020101000,Sector Público no financiero,462880770.0,N,2026,1,2026-01,balres
00191,BANCO CREDICOOP COOPERATIVO LIMITADO,100020102000,Sector Financiero,100032.0,N,2026,1,2026-01,balres
00191,BANCO CREDICOOP COOPERATIVO LIMITADO,100020103000,Sector Privado no Financiero y Residentes en el Ext.,5431048492.0,N,2026,1,2026-01,balres
00191,BANCO CREDICOOP COOPERATIVO LIMITADO,100020103001,Cuentas corrientes,861755309.0,N,2026,1,2026-01,balres
00191,BANCO CREDICOOP COOPERATIVO LIMITADO,100020103005,Caja de ahorros,1538258015.0,N,2026,1,2026-01,balres
00191,BANCO CREDICOOP COOPERATIVO LIMITADO,100020103010,Plazo fijo e inversiones a plazo,2899649582.0,N,2026,1,2026-01,balres
00191,BANCO CREDICOOP COOPERATIVO LIMITADO,100020103015,Otros,82766266.0,N,2026,1,2026-01,balres
00191,BANCO CREDICOOP COOPERATIVO LIMITADO,100020103020,Intereses y dif. cotiz. deveng. a pagar,48619320.0,N,2026,1,2026-01,balres
00191,BANCO CREDICOOP COOPERATIVO LIMITADO,100020200000,Otras Oblig.por Intermed. Financ.,218614499.0,N,2026,1,2026-01,balres
00191,BANCO CREDICOOP COOPERATIVO LIMITADO,100020300000,Obligaciones Diversas,118776234.0,N,2026,1,2026-01,balres
00191,BANCO CREDICOOP COOPERATIVO LIMITADO,100020400000,Provisiones,46538248.0,N,2026,1,2026-01,balres
00191,BANCO CREDICOOP COOPERATIVO LIMITADO,100020600000,Partidas Pendientes de Imputación,92326.0,N,2026,1,2026-01,balres
00191,BANCO CREDICOOP COOPERATIVO LIMITADO,100030000000,P A T R I M O N I O   N E T O,3193457107.0,N,2026,1,2026-01,balres
00191,BANCO CREDICOOP COOPERATIVO LIMITADO,100030100000,"Capital, Aportes, Reservas y ORI acumulado",3499765201.0,N,2026,1,2026-01,balres
00191,BANCO CREDICOOP COOPERATIVO LIMITADO,100030600000,Resultados no asignados,-306308094.0,N,2026,1,2026-01,balres
00191,BANCO CREDICOOP COOPERATIVO LIMITADO,100040000000,R D O S. I N T E G R A L E S  A C U M.  D E L  P E R I O D O,5035310.0,N,2026,1,2026-01,balres
00191,BANCO CREDICOOP COOPERATIVO LIMITADO,100040100000,Ingresos financieros,214641274.0,N,2026,1,2026-01,balres
00191,BANCO CREDICOOP COOPERATIVO LIMITADO,100040100005,Por Intereses,208595531.0,N,2026,1,2026-01,balres
00191,BANCO CREDICOOP COOPERATIVO LIMITADO,100040100090,Otros Ingresos Financieros,6045743.0,N,2026,1,2026-01,balres
00191,BANCO CREDICOOP COOPERATIVO LIMITADO,100040200000,Egresos financieros,-84836933.0,N,2026,1,2026-01,balres
00191,BANCO CREDICOOP COOPERATIVO LIMITADO,100040200005,Por Intereses,-76448958.0,N,2026,1,2026-01,balres
00191,BANCO CREDICOOP COOPERATIVO LIMITADO,100040200090,Otros Egresos Financieros,-8387975.0,N,2026,1,2026-01,balres
00191,BANCO CREDICOOP COOPERATIVO LIMITADO,100040300000,Cargo por incobrabilidad,-11762794.0,N,2026,1,2026-01,balres
00191,BANCO CREDICOOP COOPERATIVO LIMITADO,100040400000,Ingresos por servicios,27293974.0,N,2026,1,2026-01,balres
00191,BANCO CREDICOOP COOPERATIVO LIMITADO,100040500000,Egresos por servicios,-2432928.0,N,2026,1,2026-01,balres
00191,BANCO CREDICOOP COOPERATIVO LIMITADO,100040700000,Gastos de administración,-60910891.0,N,2026,1,2026-01,balres
00191,BANCO CREDICOOP COOPERATIVO LIMITADO,100040800000,Créditos recuperados y previsiones desafectadas,453596.0,N,2026,1,2026-01,balres
00191,BANCO CREDICOOP COOPERATIVO LIMITADO,100041200000,Resultado monetario,-71023096.0,N,2026,1,2026-01,balres
00191,BANCO CREDICOOP COOPERATIVO LIMITADO,100041300000,Otros,-2672972.0,N,2026,1,2026-01,balres
00191,BANCO CREDICOOP COOPERATIVO LIMITADO,100041500000,Otro resultado integral,-3713920.0,N,2026,1,2026-01,balres
00191,BANCO CREDICOOP COOPERATIVO LIMITADO,100050000000,PARTIDAS FUERA DE BALANCE,0.0,N,2026,1,2026-01,balres
00191,BANCO CREDICOOP COOPERATIVO LIMITADO,100050100000,Créditos irrecuperables en partidas fuera del balance,15027416.0,N,2026,1,2026-01,balres
00191,BANCO CREDICOOP COOPERATIVO LIMITADO,100050200000,Contingentes acreedoras,4109020763.0,N,2026,1,2026-01,balres
00191,BANCO CREDICOOP COOPERATIVO LIMITADO,100050300000,De Control acreedoras,103097971.0,N,2026,1,2026-01,balres
00191,BANCO CREDICOOP COOPERATIVO LIMITADO,100050400000,De Derivados acreedoras,2917046.0,N,2026,1,2026-01,balres
00191,BANCO CREDICOOP COOPERATIVO LIMITADO,100050600000,Contingentes deudoras,1717310403.0,N,2026,1,2026-01,balres
00191,BANCO CREDICOOP COOPERATIVO LIMITADO,100050700000,De Control deudoras,3431505079.0,N,2026,1,2026-01,balres
00191,BANCO CREDICOOP COOPERATIVO LIMITADO,100050800000,De Derivados deudoras,2917046.0,N,2026,1,2026-01,balres
00198,BANCO DE VALORES S.A.,100010000000,A C T I V O,2320252734.0,N,2026,1,2026-01,balres
00198,BANCO DE VALORES S.A.,100010100000,Efectivo y deposito en bancos,641337597.0,N,2026,1,2026-01,balres
00198,BANCO DE VALORES S.A.,100010200000,Títulos Públicos y Privados,341891101.0,N,2026,1,2026-01,balres
00198,BANCO DE VALORES S.A.,100010300000,Préstamos,862667982.0,N,2026,1,2026-01,balres
00198,BANCO DE VALORES S.A.,100010302000,Sector Financiero,514638228.0,N,2026,1,2026-01,balres
00198,BANCO DE VALORES S.A.,100010303000,Sector Privado no Financiero y Residentes en el Ext.,356915329.0,N,2026,1,2026-01,balres
00198,BANCO DE VALORES S.A.,100010303001,Adelantos,75585204.0,N,2026,1,2026-01,balres
00198,BANCO DE VALORES S.A.,100010303005,"Doc a sola firma, descont. y comprados",187958707.0,N,2026,1,2026-01,balres
00198,BANCO DE VALORES S.A.,100010303010,Hipotecarios,0.0,N,2026,1,2026-01,balres
00198,BANCO DE VALORES S.A.,100010303030,Otros,90489834.0,N,2026,1,2026-01,balres
00198,BANCO DE VALORES S.A.,100010303045,Intereses y dif. cotiz. deveng. a cobrar,3816077.0,N,2026,1,2026-01,balres
00198,BANCO DE VALORES S.A.,100010303055,Intereses documentados,-934493.0,N,2026,1,2026-01,balres
00198,BANCO DE VALORES S.A.,100010304000,Previsiones,-8885575.0,N,2026,1,2026-01,balres
00198,BANCO DE VALORES S.A.,100010400000,Otros Cred.por Interm.Finan.,303273597.0,N,2026,1,2026-01,balres
00198,BANCO DE VALORES S.A.,100010600000,Part. en otras Sociedades,22483481.0,N,2026,1,2026-01,balres
00198,BANCO DE VALORES S.A.,100010600020,Otras,22483481.0,N,2026,1,2026-01,balres
00198,BANCO DE VALORES S.A.,100010700000,Créditos Diversos,72153948.0,N,2026,1,2026-01,balres
00198,BANCO DE VALORES S.A.,100010800000,"Propiedad, plantas y equipo",12869044.0,N,2026,1,2026-01,balres
00198,BANCO DE VALORES S.A.,100010900000,Bienes Diversos,243082.0,N,2026,1,2026-01,balres
00198,BANCO DE VALORES S.A.,100011000000,Activos Intangibles,63332902.0,N,2026,1,2026-01,balres
00198,BANCO DE VALORES S.A.,100020000000,P A S I V O,1940459498.0,N,2026,1,2026-01,balres
00198,BANCO DE VALORES S.A.,100020100000,Depósitos,1500844930.0,N,2026,1,2026-01,balres
00198,BANCO DE VALORES S.A.,100020101000,Sector Público no financiero,402.0,N,2026,1,2026-01,balres
00198,BANCO DE VALORES S.A.,100020102000,Sector Financiero,80.0,N,2026,1,2026-01,balres
00198,BANCO DE VALORES S.A.,100020103000,Sector Privado no Financiero y Residentes en el Ext.,1500844448.0,N,2026,1,2026-01,balres
00198,BANCO DE VALORES S.A.,100020103001,Cuentas corrientes,375754195.0,N,2026,1,2026-01,balres
00198,BANCO DE VALORES S.A.,100020103005,Caja de ahorros,788498933.0,N,2026,1,2026-01,balres
00198,BANCO DE VALORES S.A.,100020103010,Plazo fijo e inversiones a plazo,212821701.0,N,2026,1,2026-01,balres
00198,BANCO DE VALORES S.A.,100020103015,Otros,115561917.0,N,2026,1,2026-01,balres
00198,BANCO DE VALORES S.A.,100020103020,Intereses y dif. cotiz. deveng. a pagar,8207702.0,N,2026,1,2026-01,balres
00198,BANCO DE VALORES S.A.,100020200000,Otras Oblig.por Intermed. Financ.,398497737.0,N,2026,1,2026-01,balres
00198,BANCO DE VALORES S.A.,100020300000,Obligaciones Diversas,40428966.0,N,2026,1,2026-01,balres
00198,BANCO DE VALORES S.A.,100020400000,Provisiones,687865.0,N,2026,1,2026-01,balres
00198,BANCO DE VALORES S.A.,100030000000,P A T R I M O N I O   N E T O,379793236.0,N,2026,1,2026-01,balres
00198,BANCO DE VALORES S.A.,100030100000,"Capital, Aportes, Reservas y ORI acumulado",316700826.0,N,2026,1,2026-01,balres
00198,BANCO DE VALORES S.A.,100030600000,Resultados no asignados,63092410.0,N,2026,1,2026-01,balres
00198,BANCO DE VALORES S.A.,100040000000,R D O S. I N T E G R A L E S  A C U M.  D E L  P E R I O D O,5106337.0,N,2026,1,2026-01,balres
00198,BANCO DE VALORES S.A.,100040100000,Ingresos financieros,35933322.0,N,2026,1,2026-01,balres
00198,BANCO DE VALORES S.A.,100040100005,Por Intereses,30288854.0,N,2026,1,2026-01,balres
00198,BANCO DE VALORES S.A.,100040100090,Otros Ingresos Financieros,5644468.0,N,2026,1,2026-01,balres
00198,BANCO DE VALORES S.A.,100040200000,Egresos financieros,-17696637.0,N,2026,1,2026-01,balres
00198,BANCO DE VALORES S.A.,100040200005,Por Intereses,-13968763.0,N,2026,1,2026-01,balres
00198,BANCO DE VALORES S.A.,100040200090,Otros Egresos Financieros,-3727874.0,N,2026,1,2026-01,balres
00198,BANCO DE VALORES S.A.,100040300000,Cargo por incobrabilidad,-245728.0,N,2026,1,2026-01,balres
00198,BANCO DE VALORES S.A.,100040400000,Ingresos por servicios,2185491.0,N,2026,1,2026-01,balres
00198,BANCO DE VALORES S.A.,100040500000,Egresos por servicios,-765124.0,N,2026,1,2026-01,balres
00198,BANCO DE VALORES S.A.,100040700000,Gastos de administración,-5176100.0,N,2026,1,2026-01,balres
00198,BANCO DE VALORES S.A.,100040800000,Créditos recuperados y previsiones desafectadas,1040513.0,N,2026,1,2026-01,balres
00198,BANCO DE VALORES S.A.,100041200000,Resultado monetario,-7464208.0,N,2026,1,2026-01,balres
00198,BANCO DE VALORES S.A.,100041300000,Otros,353638.0,N,2026,1,2026-01,balres
00198,BANCO DE VALORES S.A.,100041400000,Impuesto a las ganancias,-2707637.0,N,2026,1,2026-01,balres
00198,BANCO DE VALORES S.A.,100041500000,Otro resultado integral,-351193.0,N,2026,1,2026-01,balres
00198,BANCO DE VALORES S.A.,100050000000,PARTIDAS FUERA DE BALANCE,0.0,N,2026,1,2026-01,balres
00198,BANCO DE VALORES S.A.,100050100000,Créditos irrecuperables en partidas fuera del balance,7589.0,N,2026,1,2026-01,balres
00198,BANCO DE VALORES S.A.,100050200000,Contingentes acreedoras,247573299.0,N,2026,1,2026-01,balres
00198,BANCO DE VALORES S.A.,100050300000,De Control acreedoras,16821583.0,N,2026,1,2026-01,balres
00198,BANCO DE VALORES S.A.,100050400000,De Derivados acreedoras,21181568.0,N,2026,1,2026-01,balres
00198,BANCO DE VALORES S.A.,100050600000,Contingentes deudoras,17434667.0,N,2026,1,2026-01,balres
00198,BANCO DE VALORES S.A.,100050700000,De Control deudoras,13972711085.0,N,2026,1,2026-01,balres
00198,BANCO DE VALORES S.A.,100050800000,De Derivados deudoras,56086642.0,N,2026,1,2026-01,balres
00198,BANCO DE VALORES S.A.,100050900000,De Actividad fiduciaria deudoras,880823287.0,N,2026,1,2026-01,balres
00247,BANCO ROELA S.A.,100010000000,A C T I V O,190820531.0,N,2026,1,2026-01,balres
00247,BANCO ROELA S.A.,100010100000,Efectivo y deposito en bancos,5867546.0,N,2026,1,2026-01,balres
00247,BANCO ROELA S.A.,100010200000,Títulos Públicos y Privados,142385744.0,N,2026,1,2026-01,balres
00247,BANCO ROELA S.A.,100010300000,Préstamos,11376422.0,N,2026,1,2026-01,balres
00247,BANCO ROELA S.A.,100010302000,Sector Financiero,1001282.0,N,2026,1,2026-01,balres
00247,BANCO ROELA S.A.,100010303000,Sector Privado no Financiero y Residentes en el Ext.,11205350.0,N,2026,1,2026-01,balres
00247,BANCO ROELA S.A.,100010303001,Adelantos,4383147.0,N,2026,1,2026-01,balres
00247,BANCO ROELA S.A.,100010303005,"Doc a sola firma, descont. y comprados",106208.0,N,2026,1,2026-01,balres
00247,BANCO ROELA S.A.,100010303010,Hipotecarios,3630221.0,N,2026,1,2026-01,balres
00247,BANCO ROELA S.A.,100010303015,Prendarios,249485.0,N,2026,1,2026-01,balres
00247,BANCO ROELA S.A.,100010303020,Personales,3577.0,N,2026,1,2026-01,balres
00247,BANCO ROELA S.A.,100010303030,Otros,2618448.0,N,2026,1,2026-01,balres
00247,BANCO ROELA S.A.,100010303045,Intereses y dif. cotiz. deveng. a cobrar,224140.0,N,2026,1,2026-01,balres
00247,BANCO ROELA S.A.,100010303050,Cobros no aplicados,0.0,N,2026,1,2026-01,balres
00247,BANCO ROELA S.A.,100010303055,Intereses documentados,-9876.0,N,2026,1,2026-01,balres
00247,BANCO ROELA S.A.,100010304000,Previsiones,-830210.0,N,2026,1,2026-01,balres
00247,BANCO ROELA S.A.,100010400000,Otros Cred.por Interm.Finan.,6165605.0,N,2026,1,2026-01,balres
00247,BANCO ROELA S.A.,100010700000,Créditos Diversos,4351620.0,N,2026,1,2026-01,balres
00247,BANCO ROELA S.A.,100010800000,"Propiedad, plantas y equipo",18440874.0,N,2026,1,2026-01,balres
00247,BANCO ROELA S.A.,100010900000,Bienes Diversos,682267.0,N,2026,1,2026-01,balres
00247,BANCO ROELA S.A.,100011200000,Partidas Pend. de Imputación,1550453.0,N,2026,1,2026-01,balres
00247,BANCO ROELA S.A.,100020000000,P A S I V O,101486621.0,N,2026,1,2026-01,balres
00247,BANCO ROELA S.A.,100020100000,Depósitos,70830595.0,N,2026,1,2026-01,balres
00247,BANCO ROELA S.A.,100020101000,Sector Público no financiero,678455.0,N,2026,1,2026-01,balres
00247,BANCO ROELA S.A.,100020103000,Sector Privado no Financiero y Residentes en el Ext.,70152140.0,N,2026,1,2026-01,balres
00247,BANCO ROELA S.A.,100020103001,Cuentas corrientes,56083089.0,N,2026,1,2026-01,balres
00247,BANCO ROELA S.A.,100020103005,Caja de ahorros,5347202.0,N,2026,1,2026-01,balres
00247,BANCO ROELA S.A.,100020103010,Plazo fijo e inversiones a plazo,7351216.0,N,2026,1,2026-01,balres
00247,BANCO ROELA S.A.,100020103015,Otros,1303286.0,N,2026,1,2026-01,balres
00247,BANCO ROELA S.A.,100020103020,Intereses y dif. cotiz. deveng. a pagar,67347.0,N,2026,1,2026-01,balres
00247,BANCO ROELA S.A.,100020200000,Otras Oblig.por Intermed. Financ.,2736475.0,N,2026,1,2026-01,balres
00247,BANCO ROELA S.A.,100020300000,Obligaciones Diversas,26044875.0,N,2026,1,2026-01,balres
00247,BANCO ROELA S.A.,100020400000,Provisiones,205647.0,N,2026,1,2026-01,balres
00247,BANCO ROELA S.A.,100020600000,Partidas Pendientes de Imputación,1669029.0,N,2026,1,2026-01,balres
00247,BANCO ROELA S.A.,100030000000,P A T R I M O N I O   N E T O,89333910.0,N,2026,1,2026-01,balres
00247,BANCO ROELA S.A.,100030100000,"Capital, Aportes, Reservas y ORI acumulado",73813168.0,N,2026,1,2026-01,balres
00247,BANCO ROELA S.A.,100030600000,Resultados no asignados,15520742.0,N,2026,1,2026-01,balres
00247,BANCO ROELA S.A.,100040000000,R D O S. I N T E G R A L E S  A C U M.  D E L  P E R I O D O,610377.0,N,2026,1,2026-01,balres
00247,BANCO ROELA S.A.,100040100000,Ingresos financieros,5229002.0,N,2026,1,2026-01,balres
00247,BANCO ROELA S.A.,100040100005,Por Intereses,3643538.0,N,2026,1,2026-01,balres
00247,BANCO ROELA S.A.,100040100090,Otros Ingresos Financieros,1585464.0,N,2026,1,2026-01,balres
00247,BANCO ROELA S.A.,100040200000,Egresos financieros,-660786.0,N,2026,1,2026-01,balres
00247,BANCO ROELA S.A.,100040200005,Por Intereses,-121215.0,N,2026,1,2026-01,balres
00247,BANCO ROELA S.A.,100040200090,Otros Egresos Financieros,-539571.0,N,2026,1,2026-01,balres
00247,BANCO ROELA S.A.,100040300000,Cargo por incobrabilidad,-638972.0,N,2026,1,2026-01,balres
00247,BANCO ROELA S.A.,100040400000,Ingresos por servicios,2197679.0,N,2026,1,2026-01,balres
00247,BANCO ROELA S.A.,100040500000,Egresos por servicios,-231585.0,N,2026,1,2026-01,balres
00247,BANCO ROELA S.A.,100040700000,Gastos de administración,-1300001.0,N,2026,1,2026-01,balres
00247,BANCO ROELA S.A.,100040800000,Créditos recuperados y previsiones desafectadas,5105.0,N,2026,1,2026-01,balres
00247,BANCO ROELA S.A.,100041200000,Resultado monetario,-2111395.0,N,2026,1,2026-01,balres
00247,BANCO ROELA S.A.,100041300000,Otros,-42176.0,N,2026,1,2026-01,balres
00247,BANCO ROELA S.A.,100041400000,Impuesto a las ganancias,-1836494.0,N,2026,1,2026-01,balres
00247,BANCO ROELA S.A.,100050000000,PARTIDAS FUERA DE BALANCE,0.0,N,2026,1,2026-01,balres
00247,BANCO ROELA S.A.,100050100000,Créditos irrecuperables en partidas fuera del balance,41171.0,N,2026,1,2026-01,balres
00247,BANCO ROELA S.A.,100050200000,Contingentes acreedoras,5394578.0,N,2026,1,2026-01,balres
00247,BANCO ROELA S.A.,100050300000,De Control acreedoras,25988.0,N,2026,1,2026-01,balres
00247,BANCO ROELA S.A.,100050600000,Contingentes deudoras,5500826.0,N,2026,1,2026-01,balres
00247,BANCO ROELA S.A.,100050700000,De Control deudoras,31590624.0,N,2026,1,2026-01,balres
00254,BANCO MARIVA S.A.,100010000000,A C T I V O,874327125.0,N,2026,1,2026-01,balres
00254,BANCO MARIVA S.A.,100010100000,Efectivo y deposito en bancos,165341460.0,N,2026,1,2026-01,balres
00254,BANCO MARIVA S.A.,100010200000,Títulos Públicos y Privados,193774999.0,N,2026,1,2026-01,balres
00254,BANCO MARIVA S.A.,100010300000,Préstamos,231652019.0,N,2026,1,2026-01,balres
00254,BANCO MARIVA S.A.,100010302000,Sector Financiero,15031101.0,N,2026,1,2026-01,balres
00254,BANCO MARIVA S.A.,100010303000,Sector Privado no Financiero y Residentes en el Ext.,217665409.0,N,2026,1,2026-01,balres
00254,BANCO MARIVA S.A.,100010303001,Adelantos,74848447.0,N,2026,1,2026-01,balres
00254,BANCO MARIVA S.A.,100010303005,"Doc a sola firma, descont. y comprados",7165979.0,N,2026,1,2026-01,balres
00254,BANCO MARIVA S.A.,100010303015,Prendarios,2363.0,N,2026,1,2026-01,balres
00254,BANCO MARIVA S.A.,100010303020,Personales,4119.0,N,2026,1,2026-01,balres
00254,BANCO MARIVA S.A.,100010303030,Otros,128850262.0,N,2026,1,2026-01,balres
00254,BANCO MARIVA S.A.,100010303045,Intereses y dif. cotiz. deveng. a cobrar,7325310.0,N,2026,1,2026-01,balres
00254,BANCO MARIVA S.A.,100010303050,Cobros no aplicados,0.0,N,2026,1,2026-01,balres
00254,BANCO MARIVA S.A.,100010303055,Intereses documentados,-444698.0,N,2026,1,2026-01,balres
00254,BANCO MARIVA S.A.,100010303060,Ajustes NIIF,-86373.0,N,2026,1,2026-01,balres
00254,BANCO MARIVA S.A.,100010304000,Previsiones,-1044491.0,N,2026,1,2026-01,balres
00254,BANCO MARIVA S.A.,100010400000,Otros Cred.por Interm.Finan.,141658229.0,N,2026,1,2026-01,balres
00254,BANCO MARIVA S.A.,100010600000,Part. en otras Sociedades,100528610.0,N,2026,1,2026-01,balres
00254,BANCO MARIVA S.A.,100010600020,Otras,100528610.0,N,2026,1,2026-01,balres
00254,BANCO MARIVA S.A.,100010700000,Créditos Diversos,20737410.0,N,2026,1,2026-01,balres
00254,BANCO MARIVA S.A.,100010800000,"Propiedad, plantas y equipo",18341941.0,N,2026,1,2026-01,balres
00254,BANCO MARIVA S.A.,100010900000,Bienes Diversos,1344145.0,N,2026,1,2026-01,balres
00254,BANCO MARIVA S.A.,100011000000,Activos Intangibles,946334.0,N,2026,1,2026-01,balres
00254,BANCO MARIVA S.A.,100011200000,Partidas Pend. de Imputación,1978.0,N,2026,1,2026-01,balres
00254,BANCO MARIVA S.A.,100020000000,P A S I V O,708567637.0,N,2026,1,2026-01,balres
00254,BANCO MARIVA S.A.,100020100000,Depósitos,359964307.0,N,2026,1,2026-01,balres
00254,BANCO MARIVA S.A.,100020102000,Sector Financiero,0.0,N,2026,1,2026-01,balres
00254,BANCO MARIVA S.A.,100020103000,Sector Privado no Financiero y Residentes en el Ext.,359964307.0,N,2026,1,2026-01,balres
00254,BANCO MARIVA S.A.,100020103001,Cuentas corrientes,37291469.0,N,2026,1,2026-01,balres
00254,BANCO MARIVA S.A.,100020103005,Caja de ahorros,253871041.0,N,2026,1,2026-01,balres
00254,BANCO MARIVA S.A.,100020103010,Plazo fijo e inversiones a plazo,62754138.0,N,2026,1,2026-01,balres
00254,BANCO MARIVA S.A.,100020103015,Otros,1325954.0,N,2026,1,2026-01,balres
00254,BANCO MARIVA S.A.,100020103020,Intereses y dif. cotiz. deveng. a pagar,4721705.0,N,2026,1,2026-01,balres
00254,BANCO MARIVA S.A.,100020200000,Otras Oblig.por Intermed. Financ.,334372748.0,N,2026,1,2026-01,balres
00254,BANCO MARIVA S.A.,100020300000,Obligaciones Diversas,14056694.0,N,2026,1,2026-01,balres
00254,BANCO MARIVA S.A.,100020400000,Provisiones,142581.0,N,2026,1,2026-01,balres
00254,BANCO MARIVA S.A.,100020600000,Partidas Pendientes de Imputación,31307.0,N,2026,1,2026-01,balres
00254,BANCO MARIVA S.A.,100030000000,P A T R I M O N I O   N E T O,165759488.0,N,2026,1,2026-01,balres
00254,BANCO MARIVA S.A.,100030100000,"Capital, Aportes, Reservas y ORI acumulado",164202436.0,N,2026,1,2026-01,balres
00254,BANCO MARIVA S.A.,100030600000,Resultados no asignados,1557052.0,N,2026,1,2026-01,balres
00254,BANCO MARIVA S.A.,100040000000,R D O S. I N T E G R A L E S  A C U M.  D E L  P E R I O D O,4425414.0,N,2026,1,2026-01,balres
00254,BANCO MARIVA S.A.,100040100000,Ingresos financieros,13725865.0,N,2026,1,2026-01,balres
00254,BANCO MARIVA S.A.,100040100005,Por Intereses,8008779.0,N,2026,1,2026-01,balres
00254,BANCO MARIVA S.A.,100040100090,Otros Ingresos Financieros,5717086.0,N,2026,1,2026-01,balres
00254,BANCO MARIVA S.A.,100040200000,Egresos financieros,-8887094.0,N,2026,1,2026-01,balres
00254,BANCO MARIVA S.A.,100040200005,Por Intereses,-7569741.0,N,2026,1,2026-01,balres
00254,BANCO MARIVA S.A.,100040200090,Otros Egresos Financieros,-1317353.0,N,2026,1,2026-01,balres
00254,BANCO MARIVA S.A.,100040300000,Cargo por incobrabilidad,-160234.0,N,2026,1,2026-01,balres
00254,BANCO MARIVA S.A.,100040400000,Ingresos por servicios,391215.0,N,2026,1,2026-01,balres
00254,BANCO MARIVA S.A.,100040500000,Egresos por servicios,-364306.0,N,2026,1,2026-01,balres
00254,BANCO MARIVA S.A.,100040700000,Gastos de administración,-3884172.0,N,2026,1,2026-01,balres
00254,BANCO MARIVA S.A.,100040800000,Créditos recuperados y previsiones desafectadas,158103.0,N,2026,1,2026-01,balres
00254,BANCO MARIVA S.A.,100041200000,Resultado monetario,-1965141.0,N,2026,1,2026-01,balres
00254,BANCO MARIVA S.A.,100041300000,Otros,2187947.0,N,2026,1,2026-01,balres
00254,BANCO MARIVA S.A.,100041400000,Impuesto a las ganancias,3223231.0,N,2026,1,2026-01,balres
00254,BANCO MARIVA S.A.,100050000000,PARTIDAS FUERA DE BALANCE,0.0,N,2026,1,2026-01,balres
00254,BANCO MARIVA S.A.,100050100000,Créditos irrecuperables en partidas fuera del balance,18025.0,N,2026,1,2026-01,balres
00254,BANCO MARIVA S.A.,100050200000,Contingentes acreedoras,43800729.0,N,2026,1,2026-01,balres
00254,BANCO MARIVA S.A.,100050300000,De Control acreedoras,1616694.0,N,2026,1,2026-01,balres
00254,BANCO MARIVA S.A.,100050400000,De Derivados acreedoras,20099027.0,N,2026,1,2026-01,balres
00254,BANCO MARIVA S.A.,100050600000,Contingentes deudoras,114265055.0,N,2026,1,2026-01,balres
00254,BANCO MARIVA S.A.,100050700000,De Control deudoras,2566982499.0,N,2026,1,2026-01,balres
00254,BANCO MARIVA S.A.,100050800000,De Derivados deudoras,0.0,N,2026,1,2026-01,balres
00266,BNP PARIBAS,100010000000,A C T I V O,213634328.0,N,2026,1,2026-01,balres
00266,BNP PARIBAS,100010100000,Efectivo y deposito en bancos,9798999.0,N,2026,1,2026-01,balres
00266,BNP PARIBAS,100010200000,Títulos Públicos y Privados,138965698.0,N,2026,1,2026-01,balres
00266,BNP PARIBAS,100010300000,Préstamos,22197000.0,N,2026,1,2026-01,balres
00266,BNP PARIBAS,100010302000,Sector Financiero,17069863.0,N,2026,1,2026-01,balres
00266,BNP PARIBAS,100010303000,Sector Privado no Financiero y Residentes en el Ext.,5133805.0,N,2026,1,2026-01,balres
00266,BNP PARIBAS,100010303001,Adelantos,5133805.0,N,2026,1,2026-01,balres
00266,BNP PARIBAS,100010304000,Previsiones,-6668.0,N,2026,1,2026-01,balres
00266,BNP PARIBAS,100010400000,Otros Cred.por Interm.Finan.,19827746.0,N,2026,1,2026-01,balres
00266,BNP PARIBAS,100010700000,Créditos Diversos,20295396.0,N,2026,1,2026-01,balres
00266,BNP PARIBAS,100010800000,"Propiedad, plantas y equipo",2380133.0,N,2026,1,2026-01,balres
00266,BNP PARIBAS,100010900000,Bienes Diversos,0.0,N,2026,1,2026-01,balres
00266,BNP PARIBAS,100011000000,Activos Intangibles,153527.0,N,2026,1,2026-01,balres
00266,BNP PARIBAS,100011200000,Partidas Pend. de Imputación,15829.0,N,2026,1,2026-01,balres
00266,BNP PARIBAS,100020000000,P A S I V O,109198609.0,N,2026,1,2026-01,balres
00266,BNP PARIBAS,100020100000,Depósitos,46685431.0,N,2026,1,2026-01,balres
00266,BNP PARIBAS,100020102000,Sector Financiero,5612.0,N,2026,1,2026-01,balres
00266,BNP PARIBAS,100020103000,Sector Privado no Financiero y Residentes en el Ext.,46679819.0,N,2026,1,2026-01,balres
00266,BNP PARIBAS,100020103001,Cuentas corrientes,28042478.0,N,2026,1,2026-01,balres
00266,BNP PARIBAS,100020103005,Caja de ahorros,3463464.0,N,2026,1,2026-01,balres
00266,BNP PARIBAS,100020103010,Plazo fijo e inversiones a plazo,15000000.0,N,2026,1,2026-01,balres
00266,BNP PARIBAS,100020103015,Otros,36535.0,N,2026,1,2026-01,balres
00266,BNP PARIBAS,100020103020,Intereses y dif. cotiz. deveng. a pagar,137342.0,N,2026,1,2026-01,balres
00266,BNP PARIBAS,100020200000,Otras Oblig.por Intermed. Financ.,40051813.0,N,2026,1,2026-01,balres
00266,BNP PARIBAS,100020300000,Obligaciones Diversas,22231252.0,N,2026,1,2026-01,balres
00266,BNP PARIBAS,100020400000,Provisiones,230113.0,N,2026,1,2026-01,balres
00266,BNP PARIBAS,100020600000,Partidas Pendientes de Imputación,0.0,N,2026,1,2026-01,balres
00266,BNP PARIBAS,100030000000,P A T R I M O N I O   N E T O,104435719.0,N,2026,1,2026-01,balres
00266,BNP PARIBAS,100030100000,"Capital, Aportes, Reservas y ORI acumulado",94492373.0,N,2026,1,2026-01,balres
00266,BNP PARIBAS,100030600000,Resultados no asignados,9943346.0,N,2026,1,2026-01,balres
00266,BNP PARIBAS,100040000000,R D O S. I N T E G R A L E S  A C U M.  D E L  P E R I O D O,-557885.0,N,2026,1,2026-01,balres
00266,BNP PARIBAS,100040100000,Ingresos financieros,6334000.0,N,2026,1,2026-01,balres
00266,BNP PARIBAS,100040100005,Por Intereses,3364962.0,N,2026,1,2026-01,balres
00266,BNP PARIBAS,100040100090,Otros Ingresos Financieros,2969038.0,N,2026,1,2026-01,balres
00266,BNP PARIBAS,100040200000,Egresos financieros,-1425581.0,N,2026,1,2026-01,balres
00266,BNP PARIBAS,100040200005,Por Intereses,-1167140.0,N,2026,1,2026-01,balres
00266,BNP PARIBAS,100040200090,Otros Egresos Financieros,-258441.0,N,2026,1,2026-01,balres
00266,BNP PARIBAS,100040300000,Cargo por incobrabilidad,0.0,N,2026,1,2026-01,balres
00266,BNP PARIBAS,100040400000,Ingresos por servicios,358144.0,N,2026,1,2026-01,balres
00266,BNP PARIBAS,100040500000,Egresos por servicios,-180140.0,N,2026,1,2026-01,balres
00266,BNP PARIBAS,100040700000,Gastos de administración,-2693585.0,N,2026,1,2026-01,balres
00266,BNP PARIBAS,100040800000,Créditos recuperados y previsiones desafectadas,13733.0,N,2026,1,2026-01,balres
00266,BNP PARIBAS,100041200000,Resultado monetario,-2766084.0,N,2026,1,2026-01,balres
00266,BNP PARIBAS,100041300000,Otros,45899.0,N,2026,1,2026-01,balres
00266,BNP PARIBAS,100041400000,Impuesto a las ganancias,22973.0,N,2026,1,2026-01,balres
00266,BNP PARIBAS,100041500000,Otro resultado integral,-267244.0,N,2026,1,2026-01,balres
00266,BNP PARIBAS,100050000000,PARTIDAS FUERA DE BALANCE,0.0,N,2026,1,2026-01,balres
00266,BNP PARIBAS,100050200000,Contingentes acreedoras,300.0,N,2026,1,2026-01,balres
00266,BNP PARIBAS,100050300000,De Control acreedoras,13490678.0,N,2026,1,2026-01,balres
00266,BNP PARIBAS,100050400000,De Derivados acreedoras,922241021.0,N,2026,1,2026-01,balres
00266,BNP PARIBAS,100050600000,Contingentes deudoras,18197948.0,N,2026,1,2026-01,balres
00266,BNP PARIBAS,100050700000,De Control deudoras,91786228.0,N,2026,1,2026-01,balres
00266,BNP PARIBAS,100050800000,De Derivados deudoras,920928675.0,N,2026,1,2026-01,balres
00266,BNP PARIBAS,100050900000,De Actividad fiduciaria deudoras,23501.0,N,2026,1,2026-01,balres
00268,BANCO PROVINCIA DE TIERRA DEL FUEGO,100010000000,A C T I V O,400725727.0,N,2026,1,2026-01,balres
00268,BANCO PROVINCIA DE TIERRA DEL FUEGO,100010100000,Efectivo y deposito en bancos,22798890.0,N,2026,1,2026-01,balres
00268,BANCO PROVINCIA DE TIERRA DEL FUEGO,100010200000,Títulos Públicos y Privados,65638289.0,N,2026,1,2026-01,balres
00268,BANCO PROVINCIA DE TIERRA DEL FUEGO,100010300000,Préstamos,172624899.0,N,2026,1,2026-01,balres
00268,BANCO PROVINCIA DE TIERRA DEL FUEGO,100010301000,Sector Público no Financiero,1650.0,N,2026,1,2026-01,balres
00268,BANCO PROVINCIA DE TIERRA DEL FUEGO,100010302000,Sector Financiero,7245.0,N,2026,1,2026-01,balres
00268,BANCO PROVINCIA DE TIERRA DEL FUEGO,100010303000,Sector Privado no Financiero y Residentes en el Ext.,185607171.0,N,2026,1,2026-01,balres
00268,BANCO PROVINCIA DE TIERRA DEL FUEGO,100010303001,Adelantos,1900395.0,N,2026,1,2026-01,balres
00268,BANCO PROVINCIA DE TIERRA DEL FUEGO,100010303005,"Doc a sola firma, descont. y comprados",14466903.0,N,2026,1,2026-01,balres
00268,BANCO PROVINCIA DE TIERRA DEL FUEGO,100010303010,Hipotecarios,964240.0,N,2026,1,2026-01,balres
00268,BANCO PROVINCIA DE TIERRA DEL FUEGO,100010303015,Prendarios,320524.0,N,2026,1,2026-01,balres
00268,BANCO PROVINCIA DE TIERRA DEL FUEGO,100010303020,Personales,74489382.0,N,2026,1,2026-01,balres
00268,BANCO PROVINCIA DE TIERRA DEL FUEGO,100010303030,Otros,73957583.0,N,2026,1,2026-01,balres
00268,BANCO PROVINCIA DE TIERRA DEL FUEGO,100010303045,Intereses y dif. cotiz. deveng. a cobrar,19654759.0,N,2026,1,2026-01,balres
00268,BANCO PROVINCIA DE TIERRA DEL FUEGO,100010303050,Cobros no aplicados,-2329.0,N,2026,1,2026-01,balres
00268,BANCO PROVINCIA DE TIERRA DEL FUEGO,100010303055,Intereses documentados,-175152.0,N,2026,1,2026-01,balres
00268,BANCO PROVINCIA DE TIERRA DEL FUEGO,100010303060,Ajustes NIIF,30866.0,N,2026,1,2026-01,balres
00268,BANCO PROVINCIA DE TIERRA DEL FUEGO,100010304000,Previsiones,-12991167.0,N,2026,1,2026-01,balres
00268,BANCO PROVINCIA DE TIERRA DEL FUEGO,100010400000,Otros Cred.por Interm.Finan.,19057722.0,N,2026,1,2026-01,balres
00268,BANCO PROVINCIA DE TIERRA DEL FUEGO,100010700000,Créditos Diversos,68767154.0,N,2026,1,2026-01,balres
00268,BANCO PROVINCIA DE TIERRA DEL FUEGO,100010800000,"Propiedad, plantas y equipo",32145243.0,N,2026,1,2026-01,balres
00268,BANCO PROVINCIA DE TIERRA DEL FUEGO,100010900000,Bienes Diversos,18174604.0,N,2026,1,2026-01,balres
00268,BANCO PROVINCIA DE TIERRA DEL FUEGO,100011000000,Activos Intangibles,1509743.0,N,2026,1,2026-01,balres
00268,BANCO PROVINCIA DE TIERRA DEL FUEGO,100011200000,Partidas Pend. de Imputación,9183.0,N,2026,1,2026-01,balres
00268,BANCO PROVINCIA DE TIERRA DEL FUEGO,100020000000,P A S I V O,208174264.0,N,2026,1,2026-01,balres
00268,BANCO PROVINCIA DE TIERRA DEL FUEGO,100020100000,Depósitos,153369390.0,N,2026,1,2026-01,balres
00268,BANCO PROVINCIA DE TIERRA DEL FUEGO,100020101000,Sector Público no financiero,37264896.0,N,2026,1,2026-01,balres
00268,BANCO PROVINCIA DE TIERRA DEL FUEGO,100020102000,Sector Financiero,76880.0,N,2026,1,2026-01,balres
00268,BANCO PROVINCIA DE TIERRA DEL FUEGO,100020103000,Sector Privado no Financiero y Residentes en el Ext.,116027614.0,N,2026,1,2026-01,balres
00268,BANCO PROVINCIA DE TIERRA DEL FUEGO,100020103001,Cuentas corrientes,16621474.0,N,2026,1,2026-01,balres
00268,BANCO PROVINCIA DE TIERRA DEL FUEGO,100020103005,Caja de ahorros,50558884.0,N,2026,1,2026-01,balres
00268,BANCO PROVINCIA DE TIERRA DEL FUEGO,100020103010,Plazo fijo e inversiones a plazo,40623896.0,N,2026,1,2026-01,balres
00268,BANCO PROVINCIA DE TIERRA DEL FUEGO,100020103015,Otros,7633259.0,N,2026,1,2026-01,balres
00268,BANCO PROVINCIA DE TIERRA DEL FUEGO,100020103020,Intereses y dif. cotiz. deveng. a pagar,590101.0,N,2026,1,2026-01,balres
00268,BANCO PROVINCIA DE TIERRA DEL FUEGO,100020200000,Otras Oblig.por Intermed. Financ.,42989911.0,N,2026,1,2026-01,balres
00268,BANCO PROVINCIA DE TIERRA DEL FUEGO,100020300000,Obligaciones Diversas,10723031.0,N,2026,1,2026-01,balres
00268,BANCO PROVINCIA DE TIERRA DEL FUEGO,100020400000,Provisiones,754284.0,N,2026,1,2026-01,balres
00268,BANCO PROVINCIA DE TIERRA DEL FUEGO,100020600000,Partidas Pendientes de Imputación,337648.0,N,2026,1,2026-01,balres
00268,BANCO PROVINCIA DE TIERRA DEL FUEGO,100030000000,P A T R I M O N I O   N E T O,192551463.0,N,2026,1,2026-01,balres
00268,BANCO PROVINCIA DE TIERRA DEL FUEGO,100030100000,"Capital, Aportes, Reservas y ORI acumulado",154674773.0,N,2026,1,2026-01,balres
00268,BANCO PROVINCIA DE TIERRA DEL FUEGO,100030600000,Resultados no asignados,37876690.0,N,2026,1,2026-01,balres
00268,BANCO PROVINCIA DE TIERRA DEL FUEGO,100040000000,R D O S. I N T E G R A L E S  A C U M.  D E L  P E R I O D O,692542.0,N,2026,1,2026-01,balres
00268,BANCO PROVINCIA DE TIERRA DEL FUEGO,100040100000,Ingresos financieros,10615341.0,N,2026,1,2026-01,balres
00268,BANCO PROVINCIA DE TIERRA DEL FUEGO,100040100005,Por Intereses,7176184.0,N,2026,1,2026-01,balres
00268,BANCO PROVINCIA DE TIERRA DEL FUEGO,100040100090,Otros Ingresos Financieros,3439157.0,N,2026,1,2026-01,balres
00268,BANCO PROVINCIA DE TIERRA DEL FUEGO,100040200000,Egresos financieros,-1966186.0,N,2026,1,2026-01,balres
00268,BANCO PROVINCIA DE TIERRA DEL FUEGO,100040200005,Por Intereses,-1544636.0,N,2026,1,2026-01,balres
00268,BANCO PROVINCIA DE TIERRA DEL FUEGO,100040200090,Otros Egresos Financieros,-421550.0,N,2026,1,2026-01,balres
00268,BANCO PROVINCIA DE TIERRA DEL FUEGO,100040300000,Cargo por incobrabilidad,-2704714.0,N,2026,1,2026-01,balres
00268,BANCO PROVINCIA DE TIERRA DEL FUEGO,100040400000,Ingresos por servicios,1685952.0,N,2026,1,2026-01,balres
00268,BANCO PROVINCIA DE TIERRA DEL FUEGO,100040500000,Egresos por servicios,-695362.0,N,2026,1,2026-01,balres
00268,BANCO PROVINCIA DE TIERRA DEL FUEGO,100040700000,Gastos de administración,-4743081.0,N,2026,1,2026-01,balres
00268,BANCO PROVINCIA DE TIERRA DEL FUEGO,100040800000,Créditos recuperados y previsiones desafectadas,2206253.0,N,2026,1,2026-01,balres
00268,BANCO PROVINCIA DE TIERRA DEL FUEGO,100041200000,Resultado monetario,-3910092.0,N,2026,1,2026-01,balres
00268,BANCO PROVINCIA DE TIERRA DEL FUEGO,100041300000,Otros,247866.0,N,2026,1,2026-01,balres
00268,BANCO PROVINCIA DE TIERRA DEL FUEGO,100041400000,Impuesto a las ganancias,-43435.0,N,2026,1,2026-01,balres
00268,BANCO PROVINCIA DE TIERRA DEL FUEGO,100050000000,PARTIDAS FUERA DE BALANCE,0.0,N,2026,1,2026-01,balres
00268,BANCO PROVINCIA DE TIERRA DEL FUEGO,100050100000,Créditos irrecuperables en partidas fuera del balance,1140039.0,N,2026,1,2026-01,balres
00268,BANCO PROVINCIA DE TIERRA DEL FUEGO,100050200000,Contingentes acreedoras,165328914.0,N,2026,1,2026-01,balres
00268,BANCO PROVINCIA DE TIERRA DEL FUEGO,100050300000,De Control acreedoras,1222191.0,N,2026,1,2026-01,balres
00268,BANCO PROVINCIA DE TIERRA DEL FUEGO,100050400000,De Derivados acreedoras,0.0,N,2026,1,2026-01,balres
00268,BANCO PROVINCIA DE TIERRA DEL FUEGO,100050600000,Contingentes deudoras,21206136.0,N,2026,1,2026-01,balres
00268,BANCO PROVINCIA DE TIERRA DEL FUEGO,100050700000,De Control deudoras,4443503.0,N,2026,1,2026-01,balres
00268,BANCO PROVINCIA DE TIERRA DEL FUEGO,100050800000,De Derivados deudoras,0.0,N,2026,1,2026-01,balres
00269,BANCO DE LA REPUBLICA ORIENTAL DEL URUGUAY,100010000000,A C T I V O,12061713.0,N,2026,1,2026-01,balres
00269,BANCO DE LA REPUBLICA ORIENTAL DEL URUGUAY,100010100000,Efectivo y deposito en bancos,3610497.0,N,2026,1,2026-01,balres
00269,BANCO DE LA REPUBLICA ORIENTAL DEL URUGUAY,100010200000,Títulos Públicos y Privados,3903739.0,N,2026,1,2026-01,balres
00269,BANCO DE LA REPUBLICA ORIENTAL DEL URUGUAY,100010300000,Préstamos,491473.0,N,2026,1,2026-01,balres
00269,BANCO DE LA REPUBLICA ORIENTAL DEL URUGUAY,100010302000,Sector Financiero,400384.0,N,2026,1,2026-01,balres
00269,BANCO DE LA REPUBLICA ORIENTAL DEL URUGUAY,100010303000,Sector Privado no Financiero y Residentes en el Ext.,94399.0,N,2026,1,2026-01,balres
00269,BANCO DE LA REPUBLICA ORIENTAL DEL URUGUAY,100010303001,Adelantos,7114.0,N,2026,1,2026-01,balres
00269,BANCO DE LA REPUBLICA ORIENTAL DEL URUGUAY,100010303005,"Doc a sola firma, descont. y comprados",3374.0,N,2026,1,2026-01,balres
00269,BANCO DE LA REPUBLICA ORIENTAL DEL URUGUAY,100010303020,Personales,24208.0,N,2026,1,2026-01,balres
00269,BANCO DE LA REPUBLICA ORIENTAL DEL URUGUAY,100010303030,Otros,58757.0,N,2026,1,2026-01,balres
00269,BANCO DE LA REPUBLICA ORIENTAL DEL URUGUAY,100010303045,Intereses y dif. cotiz. deveng. a cobrar,946.0,N,2026,1,2026-01,balres
00269,BANCO DE LA REPUBLICA ORIENTAL DEL URUGUAY,100010304000,Previsiones,-3310.0,N,2026,1,2026-01,balres
00269,BANCO DE LA REPUBLICA ORIENTAL DEL URUGUAY,100010400000,Otros Cred.por Interm.Finan.,283946.0,N,2026,1,2026-01,balres
00269,BANCO DE LA REPUBLICA ORIENTAL DEL URUGUAY,100010700000,Créditos Diversos,1137840.0,N,2026,1,2026-01,balres
00269,BANCO DE LA REPUBLICA ORIENTAL DEL URUGUAY,100010800000,"Propiedad, plantas y equipo",2573464.0,N,2026,1,2026-01,balres
00269,BANCO DE LA REPUBLICA ORIENTAL DEL URUGUAY,100010900000,Bienes Diversos,60665.0,N,2026,1,2026-01,balres
00269,BANCO DE LA REPUBLICA ORIENTAL DEL URUGUAY,100011200000,Partidas Pend. de Imputación,89.0,N,2026,1,2026-01,balres
00269,BANCO DE LA REPUBLICA ORIENTAL DEL URUGUAY,100020000000,P A S I V O,4753360.0,N,2026,1,2026-01,balres
00269,BANCO DE LA REPUBLICA ORIENTAL DEL URUGUAY,100020100000,Depósitos,3912492.0,N,2026,1,2026-01,balres
00269,BANCO DE LA REPUBLICA ORIENTAL DEL URUGUAY,100020103000,Sector Privado no Financiero y Residentes en el Ext.,3912492.0,N,2026,1,2026-01,balres
00269,BANCO DE LA REPUBLICA ORIENTAL DEL URUGUAY,100020103001,Cuentas corrientes,284187.0,N,2026,1,2026-01,balres
00269,BANCO DE LA REPUBLICA ORIENTAL DEL URUGUAY,100020103005,Caja de ahorros,3342721.0,N,2026,1,2026-01,balres
00269,BANCO DE LA REPUBLICA ORIENTAL DEL URUGUAY,100020103010,Plazo fijo e inversiones a plazo,55656.0,N,2026,1,2026-01,balres
00269,BANCO DE LA REPUBLICA ORIENTAL DEL URUGUAY,100020103015,Otros,229427.0,N,2026,1,2026-01,balres
00269,BANCO DE LA REPUBLICA ORIENTAL DEL URUGUAY,100020103020,Intereses y dif. cotiz. deveng. a pagar,501.0,N,2026,1,2026-01,balres
00269,BANCO DE LA REPUBLICA ORIENTAL DEL URUGUAY,100020200000,Otras Oblig.por Intermed. Financ.,102197.0,N,2026,1,2026-01,balres
00269,BANCO DE LA REPUBLICA ORIENTAL DEL URUGUAY,100020300000,Obligaciones Diversas,733556.0,N,2026,1,2026-01,balres
00269,BANCO DE LA REPUBLICA ORIENTAL DEL URUGUAY,100020400000,Provisiones,1216.0,N,2026,1,2026-01,balres
00269,BANCO DE LA REPUBLICA ORIENTAL DEL URUGUAY,100020600000,Partidas Pendientes de Imputación,3899.0,N,2026,1,2026-01,balres
00269,BANCO DE LA REPUBLICA ORIENTAL DEL URUGUAY,100030000000,P A T R I M O N I O   N E T O,7308353.0,N,2026,1,2026-01,balres
00269,BANCO DE LA REPUBLICA ORIENTAL DEL URUGUAY,100030100000,"Capital, Aportes, Reservas y ORI acumulado",49502895.0,N,2026,1,2026-01,balres
00269,BANCO DE LA REPUBLICA ORIENTAL DEL URUGUAY,100030600000,Resultados no asignados,-42194542.0,N,2026,1,2026-01,balres
00269,BANCO DE LA REPUBLICA ORIENTAL DEL URUGUAY,100040000000,R D O S. I N T E G R A L E S  A C U M.  D E L  P E R I O D O,-432907.0,N,2026,1,2026-01,balres
00269,BANCO DE LA REPUBLICA ORIENTAL DEL URUGUAY,100040100000,Ingresos financieros,132254.0,N,2026,1,2026-01,balres
00269,BANCO DE LA REPUBLICA ORIENTAL DEL URUGUAY,100040100005,Por Intereses,108483.0,N,2026,1,2026-01,balres
00269,BANCO DE LA REPUBLICA ORIENTAL DEL URUGUAY,100040100090,Otros Ingresos Financieros,23771.0,N,2026,1,2026-01,balres
00269,BANCO DE LA REPUBLICA ORIENTAL DEL URUGUAY,100040200000,Egresos financieros,-3909.0,N,2026,1,2026-01,balres
00269,BANCO DE LA REPUBLICA ORIENTAL DEL URUGUAY,100040200005,Por Intereses,-476.0,N,2026,1,2026-01,balres
00269,BANCO DE LA REPUBLICA ORIENTAL DEL URUGUAY,100040200090,Otros Egresos Financieros,-3433.0,N,2026,1,2026-01,balres
00269,BANCO DE LA REPUBLICA ORIENTAL DEL URUGUAY,100040300000,Cargo por incobrabilidad,-1608.0,N,2026,1,2026-01,balres
00269,BANCO DE LA REPUBLICA ORIENTAL DEL URUGUAY,100040400000,Ingresos por servicios,24003.0,N,2026,1,2026-01,balres
00269,BANCO DE LA REPUBLICA ORIENTAL DEL URUGUAY,100040500000,Egresos por servicios,-40669.0,N,2026,1,2026-01,balres
00269,BANCO DE LA REPUBLICA ORIENTAL DEL URUGUAY,100040700000,Gastos de administración,-384250.0,N,2026,1,2026-01,balres
00269,BANCO DE LA REPUBLICA ORIENTAL DEL URUGUAY,100040800000,Créditos recuperados y previsiones desafectadas,173.0,N,2026,1,2026-01,balres
00269,BANCO DE LA REPUBLICA ORIENTAL DEL URUGUAY,100041200000,Resultado monetario,-161395.0,N,2026,1,2026-01,balres
00269,BANCO DE LA REPUBLICA ORIENTAL DEL URUGUAY,100041300000,Otros,2465.0,N,2026,1,2026-01,balres
00269,BANCO DE LA REPUBLICA ORIENTAL DEL URUGUAY,100041400000,Impuesto a las ganancias,29.0,N,2026,1,2026-01,balres
00269,BANCO DE LA REPUBLICA ORIENTAL DEL URUGUAY,100050000000,PARTIDAS FUERA DE BALANCE,0.0,N,2026,1,2026-01,balres
00269,BANCO DE LA REPUBLICA ORIENTAL DEL URUGUAY,100050100000,Créditos irrecuperables en partidas fuera del balance,19534.0,N,2026,1,2026-01,balres
00269,BANCO DE LA REPUBLICA ORIENTAL DEL URUGUAY,100050200000,Contingentes acreedoras,232671.0,N,2026,1,2026-01,balres
00269,BANCO DE LA REPUBLICA ORIENTAL DEL URUGUAY,100050300000,De Control acreedoras,2431.0,N,2026,1,2026-01,balres
00269,BANCO DE LA REPUBLICA ORIENTAL DEL URUGUAY,100050600000,Contingentes deudoras,444830.0,N,2026,1,2026-01,balres
00269,BANCO DE LA REPUBLICA ORIENTAL DEL URUGUAY,100050700000,De Control deudoras,3361336.0,N,2026,1,2026-01,balres
00277,BANCO SAENZ S.A.,100010000000,A C T I V O,85600444.0,N,2026,1,2026-01,balres
00277,BANCO SAENZ S.A.,100010100000,Efectivo y deposito en bancos,7853040.0,N,2026,1,2026-01,balres
00277,BANCO SAENZ S.A.,100010200000,Títulos Públicos y Privados,34674065.0,N,2026,1,2026-01,balres
00277,BANCO SAENZ S.A.,100010300000,Préstamos,35531448.0,N,2026,1,2026-01,balres
00277,BANCO SAENZ S.A.,100010302000,Sector Financiero,10948910.0,N,2026,1,2026-01,balres
00277,BANCO SAENZ S.A.,100010303000,Sector Privado no Financiero y Residentes en el Ext.,35618896.0,N,2026,1,2026-01,balres
00277,BANCO SAENZ S.A.,100010303001,Adelantos,18938.0,N,2026,1,2026-01,balres
00277,BANCO SAENZ S.A.,100010303005,"Doc a sola firma, descont. y comprados",115100.0,N,2026,1,2026-01,balres
00277,BANCO SAENZ S.A.,100010303020,Personales,31946271.0,N,2026,1,2026-01,balres
00277,BANCO SAENZ S.A.,100010303030,Otros,78723.0,N,2026,1,2026-01,balres
00277,BANCO SAENZ S.A.,100010303045,Intereses y dif. cotiz. deveng. a cobrar,3459830.0,N,2026,1,2026-01,balres
00277,BANCO SAENZ S.A.,100010303060,Ajustes NIIF,34.0,N,2026,1,2026-01,balres
00277,BANCO SAENZ S.A.,100010304000,Previsiones,-11036358.0,N,2026,1,2026-01,balres
00277,BANCO SAENZ S.A.,100010400000,Otros Cred.por Interm.Finan.,3139296.0,N,2026,1,2026-01,balres
00277,BANCO SAENZ S.A.,100010700000,Créditos Diversos,3270915.0,N,2026,1,2026-01,balres
00277,BANCO SAENZ S.A.,100010800000,"Propiedad, plantas y equipo",31414.0,N,2026,1,2026-01,balres
00277,BANCO SAENZ S.A.,100010900000,Bienes Diversos,10590.0,N,2026,1,2026-01,balres
00277,BANCO SAENZ S.A.,100011000000,Activos Intangibles,1089676.0,N,2026,1,2026-01,balres
00277,BANCO SAENZ S.A.,100020000000,P A S I V O,60297638.0,N,2026,1,2026-01,balres
00277,BANCO SAENZ S.A.,100020100000,Depósitos,56478904.0,N,2026,1,2026-01,balres
00277,BANCO SAENZ S.A.,100020103000,Sector Privado no Financiero y Residentes en el Ext.,56478904.0,N,2026,1,2026-01,balres
00277,BANCO SAENZ S.A.,100020103001,Cuentas corrientes,14473557.0,N,2026,1,2026-01,balres
00277,BANCO SAENZ S.A.,100020103005,Caja de ahorros,7477268.0,N,2026,1,2026-01,balres
00277,BANCO SAENZ S.A.,100020103010,Plazo fijo e inversiones a plazo,33640810.0,N,2026,1,2026-01,balres
00277,BANCO SAENZ S.A.,100020103015,Otros,20132.0,N,2026,1,2026-01,balres
00277,BANCO SAENZ S.A.,100020103020,Intereses y dif. cotiz. deveng. a pagar,867137.0,N,2026,1,2026-01,balres
00277,BANCO SAENZ S.A.,100020200000,Otras Oblig.por Intermed. Financ.,574708.0,N,2026,1,2026-01,balres
00277,BANCO SAENZ S.A.,100020300000,Obligaciones Diversas,2043943.0,N,2026,1,2026-01,balres
00277,BANCO SAENZ S.A.,100020400000,Provisiones,1090321.0,N,2026,1,2026-01,balres
00277,BANCO SAENZ S.A.,100020500000,Obligaciones Subordinadas,109762.0,N,2026,1,2026-01,balres
00277,BANCO SAENZ S.A.,100030000000,P A T R I M O N I O   N E T O,25302806.0,N,2026,1,2026-01,balres
00277,BANCO SAENZ S.A.,100030100000,"Capital, Aportes, Reservas y ORI acumulado",26121531.0,N,2026,1,2026-01,balres
00277,BANCO SAENZ S.A.,100030600000,Resultados no asignados,-818725.0,N,2026,1,2026-01,balres
00277,BANCO SAENZ S.A.,100040000000,R D O S. I N T E G R A L E S  A C U M.  D E L  P E R I O D O,-685666.0,N,2026,1,2026-01,balres
00277,BANCO SAENZ S.A.,100040100000,Ingresos financieros,3229716.0,N,2026,1,2026-01,balres
00277,BANCO SAENZ S.A.,100040100005,Por Intereses,2873426.0,N,2026,1,2026-01,balres
00277,BANCO SAENZ S.A.,100040100090,Otros Ingresos Financieros,356290.0,N,2026,1,2026-01,balres
00277,BANCO SAENZ S.A.,100040200000,Egresos financieros,-1346339.0,N,2026,1,2026-01,balres
00277,BANCO SAENZ S.A.,100040200005,Por Intereses,-1148421.0,N,2026,1,2026-01,balres
00277,BANCO SAENZ S.A.,100040200090,Otros Egresos Financieros,-197918.0,N,2026,1,2026-01,balres
00277,BANCO SAENZ S.A.,100040300000,Cargo por incobrabilidad,-1084803.0,N,2026,1,2026-01,balres
00277,BANCO SAENZ S.A.,100040400000,Ingresos por servicios,39613.0,N,2026,1,2026-01,balres
00277,BANCO SAENZ S.A.,100040500000,Egresos por servicios,-37373.0,N,2026,1,2026-01,balres
00277,BANCO SAENZ S.A.,100040700000,Gastos de administración,-1257087.0,N,2026,1,2026-01,balres
00277,BANCO SAENZ S.A.,100040800000,Créditos recuperados y previsiones desafectadas,1882.0,N,2026,1,2026-01,balres
00277,BANCO SAENZ S.A.,100041200000,Resultado monetario,-699889.0,N,2026,1,2026-01,balres
00277,BANCO SAENZ S.A.,100041300000,Otros,123516.0,N,2026,1,2026-01,balres
00277,BANCO SAENZ S.A.,100041400000,Impuesto a las ganancias,345098.0,N,2026,1,2026-01,balres
00277,BANCO SAENZ S.A.,100041500000,Otro resultado integral,0.0,N,2026,1,2026-01,balres
00277,BANCO SAENZ S.A.,100050000000,PARTIDAS FUERA DE BALANCE,0.0,N,2026,1,2026-01,balres
00277,BANCO SAENZ S.A.,100050100000,Créditos irrecuperables en partidas fuera del balance,1550585.0,N,2026,1,2026-01,balres
00277,BANCO SAENZ S.A.,100050200000,Contingentes acreedoras,0.0,N,2026,1,2026-01,balres
00277,BANCO SAENZ S.A.,100050300000,De Control acreedoras,8861.0,N,2026,1,2026-01,balres
00277,BANCO SAENZ S.A.,100050600000,Contingentes deudoras,214377.0,N,2026,1,2026-01,balres
00277,BANCO SAENZ S.A.,100050700000,De Control deudoras,9217037.0,N,2026,1,2026-01,balres
00281,BANCO MERIDIAN S.A.,100010000000,A C T I V O,52908452.0,N,2026,1,2026-01,balres
00281,BANCO MERIDIAN S.A.,100010100000,Efectivo y deposito en bancos,4446996.0,N,2026,1,2026-01,balres
00281,BANCO MERIDIAN S.A.,100010200000,Títulos Públicos y Privados,15742768.0,N,2026,1,2026-01,balres
00281,BANCO MERIDIAN S.A.,100010300000,Préstamos,9924490.0,N,2026,1,2026-01,balres
00281,BANCO MERIDIAN S.A.,100010302000,Sector Financiero,550879.0,N,2026,1,2026-01,balres
00281,BANCO MERIDIAN S.A.,100010303000,Sector Privado no Financiero y Residentes en el Ext.,9511198.0,N,2026,1,2026-01,balres
00281,BANCO MERIDIAN S.A.,100010303001,Adelantos,255476.0,N,2026,1,2026-01,balres
00281,BANCO MERIDIAN S.A.,100010303005,"Doc a sola firma, descont. y comprados",8163768.0,N,2026,1,2026-01,balres
00281,BANCO MERIDIAN S.A.,100010303015,Prendarios,0.0,N,2026,1,2026-01,balres
00281,BANCO MERIDIAN S.A.,100010303030,Otros,2507096.0,N,2026,1,2026-01,balres
00281,BANCO MERIDIAN S.A.,100010303045,Intereses y dif. cotiz. deveng. a cobrar,422600.0,N,2026,1,2026-01,balres
00281,BANCO MERIDIAN S.A.,100010303055,Intereses documentados,-1824166.0,N,2026,1,2026-01,balres
00281,BANCO MERIDIAN S.A.,100010303060,Ajustes NIIF,-13576.0,N,2026,1,2026-01,balres
00281,BANCO MERIDIAN S.A.,100010304000,Previsiones,-137587.0,N,2026,1,2026-01,balres
00281,BANCO MERIDIAN S.A.,100010400000,Otros Cred.por Interm.Finan.,5726296.0,N,2026,1,2026-01,balres
00281,BANCO MERIDIAN S.A.,100010500000,Credito por arrendamiento financiero,3176035.0,N,2026,1,2026-01,balres
00281,BANCO MERIDIAN S.A.,100010700000,Créditos Diversos,1712295.0,N,2026,1,2026-01,balres
00281,BANCO MERIDIAN S.A.,100010800000,"Propiedad, plantas y equipo",12022381.0,N,2026,1,2026-01,balres
00281,BANCO MERIDIAN S.A.,100010900000,Bienes Diversos,27605.0,N,2026,1,2026-01,balres
00281,BANCO MERIDIAN S.A.,100011000000,Activos Intangibles,129574.0,N,2026,1,2026-01,balres
00281,BANCO MERIDIAN S.A.,100011200000,Partidas Pend. de Imputación,12.0,N,2026,1,2026-01,balres
00281,BANCO MERIDIAN S.A.,100020000000,P A S I V O,39143278.0,N,2026,1,2026-01,balres
00281,BANCO MERIDIAN S.A.,100020100000,Depósitos,27545505.0,N,2026,1,2026-01,balres
00281,BANCO MERIDIAN S.A.,100020103000,Sector Privado no Financiero y Residentes en el Ext.,27545505.0,N,2026,1,2026-01,balres
00281,BANCO MERIDIAN S.A.,100020103001,Cuentas corrientes,3600597.0,N,2026,1,2026-01,balres
00281,BANCO MERIDIAN S.A.,100020103005,Caja de ahorros,6347721.0,N,2026,1,2026-01,balres
00281,BANCO MERIDIAN S.A.,100020103010,Plazo fijo e inversiones a plazo,16381921.0,N,2026,1,2026-01,balres
00281,BANCO MERIDIAN S.A.,100020103015,Otros,1010784.0,N,2026,1,2026-01,balres
00281,BANCO MERIDIAN S.A.,100020103020,Intereses y dif. cotiz. deveng. a pagar,204482.0,N,2026,1,2026-01,balres
00281,BANCO MERIDIAN S.A.,100020200000,Otras Oblig.por Intermed. Financ.,8411491.0,N,2026,1,2026-01,balres
00281,BANCO MERIDIAN S.A.,100020300000,Obligaciones Diversas,3168891.0,N,2026,1,2026-01,balres
00281,BANCO MERIDIAN S.A.,100020400000,Provisiones,16586.0,N,2026,1,2026-01,balres
00281,BANCO MERIDIAN S.A.,100020600000,Partidas Pendientes de Imputación,805.0,N,2026,1,2026-01,balres
00281,BANCO MERIDIAN S.A.,100030000000,P A T R I M O N I O   N E T O,13765174.0,N,2026,1,2026-01,balres
00281,BANCO MERIDIAN S.A.,100030100000,"Capital, Aportes, Reservas y ORI acumulado",14173384.0,N,2026,1,2026-01,balres
00281,BANCO MERIDIAN S.A.,100030600000,Resultados no asignados,-408210.0,N,2026,1,2026-01,balres
00281,BANCO MERIDIAN S.A.,100040000000,R D O S. I N T E G R A L E S  A C U M.  D E L  P E R I O D O,-186796.0,N,2026,1,2026-01,balres
00281,BANCO MERIDIAN S.A.,100040100000,Ingresos financieros,1262104.0,N,2026,1,2026-01,balres
00281,BANCO MERIDIAN S.A.,100040100005,Por Intereses,839781.0,N,2026,1,2026-01,balres
00281,BANCO MERIDIAN S.A.,100040100090,Otros Ingresos Financieros,422323.0,N,2026,1,2026-01,balres
00281,BANCO MERIDIAN S.A.,100040200000,Egresos financieros,-466485.0,N,2026,1,2026-01,balres
00281,BANCO MERIDIAN S.A.,100040200005,Por Intereses,-372055.0,N,2026,1,2026-01,balres
00281,BANCO MERIDIAN S.A.,100040200090,Otros Egresos Financieros,-94430.0,N,2026,1,2026-01,balres
00281,BANCO MERIDIAN S.A.,100040300000,Cargo por incobrabilidad,-43545.0,N,2026,1,2026-01,balres
00281,BANCO MERIDIAN S.A.,100040400000,Ingresos por servicios,271305.0,N,2026,1,2026-01,balres
00281,BANCO MERIDIAN S.A.,100040500000,Egresos por servicios,-23508.0,N,2026,1,2026-01,balres
00281,BANCO MERIDIAN S.A.,100040700000,Gastos de administración,-1018308.0,N,2026,1,2026-01,balres
00281,BANCO MERIDIAN S.A.,100040800000,Créditos recuperados y previsiones desafectadas,24911.0,N,2026,1,2026-01,balres
00281,BANCO MERIDIAN S.A.,100041200000,Resultado monetario,-112343.0,N,2026,1,2026-01,balres
00281,BANCO MERIDIAN S.A.,100041300000,Otros,-135900.0,N,2026,1,2026-01,balres
00281,BANCO MERIDIAN S.A.,100041400000,Impuesto a las ganancias,54973.0,N,2026,1,2026-01,balres
00281,BANCO MERIDIAN S.A.,100041500000,Otro resultado integral,0.0,N,2026,1,2026-01,balres
00281,BANCO MERIDIAN S.A.,100050000000,PARTIDAS FUERA DE BALANCE,0.0,N,2026,1,2026-01,balres
00281,BANCO MERIDIAN S.A.,100050100000,Créditos irrecuperables en partidas fuera del balance,1582525.0,N,2026,1,2026-01,balres
00281,BANCO MERIDIAN S.A.,100050200000,Contingentes acreedoras,7099200.0,N,2026,1,2026-01,balres
00281,BANCO MERIDIAN S.A.,100050300000,De Control acreedoras,62380.0,N,2026,1,2026-01,balres
00281,BANCO MERIDIAN S.A.,100050600000,Contingentes deudoras,6507927.0,N,2026,1,2026-01,balres
00281,BANCO MERIDIAN S.A.,100050700000,De Control deudoras,28428650.0,N,2026,1,2026-01,balres
00281,BANCO MERIDIAN S.A.,100050800000,De Derivados deudoras,0.0,N,2026,1,2026-01,balres
00285,BANCO MACRO S.A.,100010000000,A C T I V O,22609652317.0,N,2026,1,2026-01,balres
00285,BANCO MACRO S.A.,100010100000,Efectivo y deposito en bancos,4342279540.0,N,2026,1,2026-01,balres
00285,BANCO MACRO S.A.,100010200000,Títulos Públicos y Privados,4864313018.0,N,2026,1,2026-01,balres
00285,BANCO MACRO S.A.,100010300000,Préstamos,10726510979.0,N,2026,1,2026-01,balres
00285,BANCO MACRO S.A.,100010301000,Sector Público no Financiero,221443733.0,N,2026,1,2026-01,balres
00285,BANCO MACRO S.A.,100010302000,Sector Financiero,145270826.0,N,2026,1,2026-01,balres
00285,BANCO MACRO S.A.,100010303000,Sector Privado no Financiero y Residentes en el Ext.,10887388933.0,N,2026,1,2026-01,balres
00285,BANCO MACRO S.A.,100010303001,Adelantos,1704970385.0,N,2026,1,2026-01,balres
00285,BANCO MACRO S.A.,100010303005,"Doc a sola firma, descont. y comprados",1631749248.0,N,2026,1,2026-01,balres
00285,BANCO MACRO S.A.,100010303010,Hipotecarios,499916876.0,N,2026,1,2026-01,balres
00285,BANCO MACRO S.A.,100010303015,Prendarios,238684007.0,N,2026,1,2026-01,balres
00285,BANCO MACRO S.A.,100010303020,Personales,2329773883.0,N,2026,1,2026-01,balres
00285,BANCO MACRO S.A.,100010303030,Otros,3801400408.0,N,2026,1,2026-01,balres
00285,BANCO MACRO S.A.,100010303045,Intereses y dif. cotiz. deveng. a cobrar,747514474.0,N,2026,1,2026-01,balres
00285,BANCO MACRO S.A.,100010303055,Intereses documentados,-59912572.0,N,2026,1,2026-01,balres
00285,BANCO MACRO S.A.,100010303060,Ajustes NIIF,-6707776.0,N,2026,1,2026-01,balres
00285,BANCO MACRO S.A.,100010304000,Previsiones,-527592513.0,N,2026,1,2026-01,balres
00285,BANCO MACRO S.A.,100010400000,Otros Cred.por Interm.Finan.,393139691.0,N,2026,1,2026-01,balres
00285,BANCO MACRO S.A.,100010500000,Credito por arrendamiento financiero,12414051.0,N,2026,1,2026-01,balres
00285,BANCO MACRO S.A.,100010600000,Part. en otras Sociedades,423162631.0,N,2026,1,2026-01,balres
00285,BANCO MACRO S.A.,100010600005,En entidades financieras,70762650.0,N,2026,1,2026-01,balres
00285,BANCO MACRO S.A.,100010600020,Otras,352399981.0,N,2026,1,2026-01,balres
00285,BANCO MACRO S.A.,100010700000,Créditos Diversos,395274750.0,N,2026,1,2026-01,balres
00285,BANCO MACRO S.A.,100010800000,"Propiedad, plantas y equipo",1059766751.0,N,2026,1,2026-01,balres
00285,BANCO MACRO S.A.,100010900000,Bienes Diversos,194372072.0,N,2026,1,2026-01,balres
00285,BANCO MACRO S.A.,100011000000,Activos Intangibles,182526306.0,N,2026,1,2026-01,balres
00285,BANCO MACRO S.A.,100011200000,Partidas Pend. de Imputación,15892528.0,N,2026,1,2026-01,balres
00285,BANCO MACRO S.A.,100020000000,P A S I V O,17180053747.0,N,2026,1,2026-01,balres
00285,BANCO MACRO S.A.,100020100000,Depósitos,13420749905.0,N,2026,1,2026-01,balres
00285,BANCO MACRO S.A.,100020101000,Sector Público no financiero,833548081.0,N,2026,1,2026-01,balres
00285,BANCO MACRO S.A.,100020102000,Sector Financiero,18115033.0,N,2026,1,2026-01,balres
00285,BANCO MACRO S.A.,100020103000,Sector Privado no Financiero y Residentes en el Ext.,12569086791.0,N,2026,1,2026-01,balres
00285,BANCO MACRO S.A.,100020103001,Cuentas corrientes,992736369.0,N,2026,1,2026-01,balres
00285,BANCO MACRO S.A.,100020103005,Caja de ahorros,4393250017.0,N,2026,1,2026-01,balres
00285,BANCO MACRO S.A.,100020103010,Plazo fijo e inversiones a plazo,6950115985.0,N,2026,1,2026-01,balres
00285,BANCO MACRO S.A.,100020103015,Otros,135156646.0,N,2026,1,2026-01,balres
00285,BANCO MACRO S.A.,100020103020,Intereses y dif. cotiz. deveng. a pagar,97827774.0,N,2026,1,2026-01,balres
00285,BANCO MACRO S.A.,100020200000,Otras Oblig.por Intermed. Financ.,2618435551.0,N,2026,1,2026-01,balres
00285,BANCO MACRO S.A.,100020300000,Obligaciones Diversas,878892912.0,N,2026,1,2026-01,balres
00285,BANCO MACRO S.A.,100020400000,Provisiones,70287068.0,N,2026,1,2026-01,balres
00285,BANCO MACRO S.A.,100020500000,Obligaciones Subordinadas,183742506.0,N,2026,1,2026-01,balres
00285,BANCO MACRO S.A.,100020600000,Partidas Pendientes de Imputación,7945805.0,N,2026,1,2026-01,balres
00285,BANCO MACRO S.A.,100030000000,P A T R I M O N I O   N E T O,5429598570.0,N,2026,1,2026-01,balres
00285,BANCO MACRO S.A.,100030100000,"Capital, Aportes, Reservas y ORI acumulado",5081539620.0,N,2026,1,2026-01,balres
00285,BANCO MACRO S.A.,100030600000,Resultados no asignados,348058950.0,N,2026,1,2026-01,balres
00285,BANCO MACRO S.A.,100040000000,R D O S. I N T E G R A L E S  A C U M.  D E L  P E R I O D O,46609863.0,N,2026,1,2026-01,balres
00285,BANCO MACRO S.A.,100040100000,Ingresos financieros,513770925.0,N,2026,1,2026-01,balres
00285,BANCO MACRO S.A.,100040100005,Por Intereses,348956140.0,N,2026,1,2026-01,balres
00285,BANCO MACRO S.A.,100040100090,Otros Ingresos Financieros,164814785.0,N,2026,1,2026-01,balres
00285,BANCO MACRO S.A.,100040200000,Egresos financieros,-208520028.0,N,2026,1,2026-01,balres
00285,BANCO MACRO S.A.,100040200005,Por Intereses,-151189854.0,N,2026,1,2026-01,balres
00285,BANCO MACRO S.A.,100040200090,Otros Egresos Financieros,-57330174.0,N,2026,1,2026-01,balres
00285,BANCO MACRO S.A.,100040300000,Cargo por incobrabilidad,-53575943.0,N,2026,1,2026-01,balres
00285,BANCO MACRO S.A.,100040400000,Ingresos por servicios,75838755.0,N,2026,1,2026-01,balres
00285,BANCO MACRO S.A.,100040500000,Egresos por servicios,-33805821.0,N,2026,1,2026-01,balres
00285,BANCO MACRO S.A.,100040700000,Gastos de administración,-114965276.0,N,2026,1,2026-01,balres
00285,BANCO MACRO S.A.,100040800000,Créditos recuperados y previsiones desafectadas,414291.0,N,2026,1,2026-01,balres
00285,BANCO MACRO S.A.,100041200000,Resultado monetario,-100210435.0,N,2026,1,2026-01,balres
00285,BANCO MACRO S.A.,100041300000,Otros,4152778.0,N,2026,1,2026-01,balres
00285,BANCO MACRO S.A.,100041400000,Impuesto a las ganancias,-33848514.0,N,2026,1,2026-01,balres
00285,BANCO MACRO S.A.,100041500000,Otro resultado integral,-2640869.0,N,2026,1,2026-01,balres
00285,BANCO MACRO S.A.,100050000000,PARTIDAS FUERA DE BALANCE,0.0,N,2026,1,2026-01,balres
00285,BANCO MACRO S.A.,100050100000,Créditos irrecuperables en partidas fuera del balance,148568728.0,N,2026,1,2026-01,balres
00285,BANCO MACRO S.A.,100050200000,Contingentes acreedoras,6128079042.0,N,2026,1,2026-01,balres
00285,BANCO MACRO S.A.,100050300000,De Control acreedoras,176508881.0,N,2026,1,2026-01,balres
00285,BANCO MACRO S.A.,100050400000,De Derivados acreedoras,78181615.0,N,2026,1,2026-01,balres
00285,BANCO MACRO S.A.,100050600000,Contingentes deudoras,3516888230.0,N,2026,1,2026-01,balres
00285,BANCO MACRO S.A.,100050700000,De Control deudoras,13204234349.0,N,2026,1,2026-01,balres
00285,BANCO MACRO S.A.,100050800000,De Derivados deudoras,303079196.0,N,2026,1,2026-01,balres
00299,BANCO COMAFI SOCIEDAD ANONIMA,100010000000,A C T I V O,3425747735.0,N,2026,1,2026-01,balres
00299,BANCO COMAFI SOCIEDAD ANONIMA,100010100000,Efectivo y deposito en bancos,696442805.0,N,2026,1,2026-01,balres
00299,BANCO COMAFI SOCIEDAD ANONIMA,100010200000,Títulos Públicos y Privados,515650797.0,N,2026,1,2026-01,balres
00299,BANCO COMAFI SOCIEDAD ANONIMA,100010300000,Préstamos,1402121483.0,N,2026,1,2026-01,balres
00299,BANCO COMAFI SOCIEDAD ANONIMA,100010301000,Sector Público no Financiero,8882.0,N,2026,1,2026-01,balres
00299,BANCO COMAFI SOCIEDAD ANONIMA,100010302000,Sector Financiero,285910457.0,N,2026,1,2026-01,balres
00299,BANCO COMAFI SOCIEDAD ANONIMA,100010303000,Sector Privado no Financiero y Residentes en el Ext.,1167068242.0,N,2026,1,2026-01,balres
00299,BANCO COMAFI SOCIEDAD ANONIMA,100010303001,Adelantos,176410031.0,N,2026,1,2026-01,balres
00299,BANCO COMAFI SOCIEDAD ANONIMA,100010303005,"Doc a sola firma, descont. y comprados",50420651.0,N,2026,1,2026-01,balres
00299,BANCO COMAFI SOCIEDAD ANONIMA,100010303010,Hipotecarios,19518611.0,N,2026,1,2026-01,balres
00299,BANCO COMAFI SOCIEDAD ANONIMA,100010303015,Prendarios,13121044.0,N,2026,1,2026-01,balres
00299,BANCO COMAFI SOCIEDAD ANONIMA,100010303020,Personales,44190696.0,N,2026,1,2026-01,balres
00299,BANCO COMAFI SOCIEDAD ANONIMA,100010303030,Otros,841747667.0,N,2026,1,2026-01,balres
00299,BANCO COMAFI SOCIEDAD ANONIMA,100010303045,Intereses y dif. cotiz. deveng. a cobrar,29607345.0,N,2026,1,2026-01,balres
00299,BANCO COMAFI SOCIEDAD ANONIMA,100010303050,Cobros no aplicados,-1124.0,N,2026,1,2026-01,balres
00299,BANCO COMAFI SOCIEDAD ANONIMA,100010303055,Intereses documentados,-4930031.0,N,2026,1,2026-01,balres
00299,BANCO COMAFI SOCIEDAD ANONIMA,100010303060,Ajustes NIIF,-3016648.0,N,2026,1,2026-01,balres
00299,BANCO COMAFI SOCIEDAD ANONIMA,100010304000,Previsiones,-50866098.0,N,2026,1,2026-01,balres
00299,BANCO COMAFI SOCIEDAD ANONIMA,100010400000,Otros Cred.por Interm.Finan.,289771400.0,N,2026,1,2026-01,balres
00299,BANCO COMAFI SOCIEDAD ANONIMA,100010500000,Credito por arrendamiento financiero,216001678.0,N,2026,1,2026-01,balres
00299,BANCO COMAFI SOCIEDAD ANONIMA,100010600000,Part. en otras Sociedades,629630.0,N,2026,1,2026-01,balres
00299,BANCO COMAFI SOCIEDAD ANONIMA,100010600020,Otras,629630.0,N,2026,1,2026-01,balres
00299,BANCO COMAFI SOCIEDAD ANONIMA,100010700000,Créditos Diversos,98114489.0,N,2026,1,2026-01,balres
00299,BANCO COMAFI SOCIEDAD ANONIMA,100010800000,"Propiedad, plantas y equipo",128070215.0,N,2026,1,2026-01,balres
00299,BANCO COMAFI SOCIEDAD ANONIMA,100010900000,Bienes Diversos,65257805.0,N,2026,1,2026-01,balres
00299,BANCO COMAFI SOCIEDAD ANONIMA,100011000000,Activos Intangibles,13417457.0,N,2026,1,2026-01,balres
00299,BANCO COMAFI SOCIEDAD ANONIMA,100011200000,Partidas Pend. de Imputación,269976.0,N,2026,1,2026-01,balres
00299,BANCO COMAFI SOCIEDAD ANONIMA,100020000000,P A S I V O,3031715588.0,N,2026,1,2026-01,balres
00299,BANCO COMAFI SOCIEDAD ANONIMA,100020100000,Depósitos,2482842822.0,N,2026,1,2026-01,balres
00299,BANCO COMAFI SOCIEDAD ANONIMA,100020101000,Sector Público no financiero,20047594.0,N,2026,1,2026-01,balres
00299,BANCO COMAFI SOCIEDAD ANONIMA,100020102000,Sector Financiero,5729.0,N,2026,1,2026-01,balres
00299,BANCO COMAFI SOCIEDAD ANONIMA,100020103000,Sector Privado no Financiero y Residentes en el Ext.,2462789499.0,N,2026,1,2026-01,balres
00299,BANCO COMAFI SOCIEDAD ANONIMA,100020103001,Cuentas corrientes,651053888.0,N,2026,1,2026-01,balres
00299,BANCO COMAFI SOCIEDAD ANONIMA,100020103005,Caja de ahorros,659066638.0,N,2026,1,2026-01,balres
00299,BANCO COMAFI SOCIEDAD ANONIMA,100020103010,Plazo fijo e inversiones a plazo,1127320328.0,N,2026,1,2026-01,balres
00299,BANCO COMAFI SOCIEDAD ANONIMA,100020103015,Otros,6337152.0,N,2026,1,2026-01,balres
00299,BANCO COMAFI SOCIEDAD ANONIMA,100020103020,Intereses y dif. cotiz. deveng. a pagar,19011493.0,N,2026,1,2026-01,balres
00299,BANCO COMAFI SOCIEDAD ANONIMA,100020200000,Otras Oblig.por Intermed. Financ.,449202736.0,N,2026,1,2026-01,balres
00299,BANCO COMAFI SOCIEDAD ANONIMA,100020300000,Obligaciones Diversas,97079556.0,N,2026,1,2026-01,balres
00299,BANCO COMAFI SOCIEDAD ANONIMA,100020400000,Provisiones,2430058.0,N,2026,1,2026-01,balres
00299,BANCO COMAFI SOCIEDAD ANONIMA,100020600000,Partidas Pendientes de Imputación,160416.0,N,2026,1,2026-01,balres
00299,BANCO COMAFI SOCIEDAD ANONIMA,100030000000,P A T R I M O N I O   N E T O,394032147.0,N,2026,1,2026-01,balres
00299,BANCO COMAFI SOCIEDAD ANONIMA,100030100000,"Capital, Aportes, Reservas y ORI acumulado",376997494.0,N,2026,1,2026-01,balres
00299,BANCO COMAFI SOCIEDAD ANONIMA,100030600000,Resultados no asignados,17034653.0,N,2026,1,2026-01,balres
00299,BANCO COMAFI SOCIEDAD ANONIMA,100040000000,R D O S. I N T E G R A L E S  A C U M.  D E L  P E R I O D O,199995.0,N,2026,1,2026-01,balres
00299,BANCO COMAFI SOCIEDAD ANONIMA,100040100000,Ingresos financieros,58992575.0,N,2026,1,2026-01,balres
00299,BANCO COMAFI SOCIEDAD ANONIMA,100040100005,Por Intereses,45757317.0,N,2026,1,2026-01,balres
00299,BANCO COMAFI SOCIEDAD ANONIMA,100040100090,Otros Ingresos Financieros,13235258.0,N,2026,1,2026-01,balres
00299,BANCO COMAFI SOCIEDAD ANONIMA,100040200000,Egresos financieros,-36819259.0,N,2026,1,2026-01,balres
00299,BANCO COMAFI SOCIEDAD ANONIMA,100040200005,Por Intereses,-32627393.0,N,2026,1,2026-01,balres
00299,BANCO COMAFI SOCIEDAD ANONIMA,100040200090,Otros Egresos Financieros,-4191866.0,N,2026,1,2026-01,balres
00299,BANCO COMAFI SOCIEDAD ANONIMA,100040300000,Cargo por incobrabilidad,-8808330.0,N,2026,1,2026-01,balres
00299,BANCO COMAFI SOCIEDAD ANONIMA,100040400000,Ingresos por servicios,9552365.0,N,2026,1,2026-01,balres
00299,BANCO COMAFI SOCIEDAD ANONIMA,100040500000,Egresos por servicios,-1958567.0,N,2026,1,2026-01,balres
00299,BANCO COMAFI SOCIEDAD ANONIMA,100040700000,Gastos de administración,-20255487.0,N,2026,1,2026-01,balres
00299,BANCO COMAFI SOCIEDAD ANONIMA,100040800000,Créditos recuperados y previsiones desafectadas,55228.0,N,2026,1,2026-01,balres
00299,BANCO COMAFI SOCIEDAD ANONIMA,100041200000,Resultado monetario,-6220532.0,N,2026,1,2026-01,balres
00299,BANCO COMAFI SOCIEDAD ANONIMA,100041300000,Otros,-475028.0,N,2026,1,2026-01,balres
00299,BANCO COMAFI SOCIEDAD ANONIMA,100041400000,Impuesto a las ganancias,6137030.0,N,2026,1,2026-01,balres
00299,BANCO COMAFI SOCIEDAD ANONIMA,100041500000,Otro resultado integral,0.0,N,2026,1,2026-01,balres
00299,BANCO COMAFI SOCIEDAD ANONIMA,100050000000,PARTIDAS FUERA DE BALANCE,0.0,N,2026,1,2026-01,balres
00299,BANCO COMAFI SOCIEDAD ANONIMA,100050100000,Créditos irrecuperables en partidas fuera del balance,9878567.0,N,2026,1,2026-01,balres
00299,BANCO COMAFI SOCIEDAD ANONIMA,100050200000,Contingentes acreedoras,149058635.0,N,2026,1,2026-01,balres
00299,BANCO COMAFI SOCIEDAD ANONIMA,100050400000,De Derivados acreedoras,567639952.0,N,2026,1,2026-01,balres
00299,BANCO COMAFI SOCIEDAD ANONIMA,100050600000,Contingentes deudoras,558271838.0,N,2026,1,2026-01,balres
00299,BANCO COMAFI SOCIEDAD ANONIMA,100050700000,De Control deudoras,29976189627.0,N,2026,1,2026-01,balres
00299,BANCO COMAFI SOCIEDAD ANONIMA,100050800000,De Derivados deudoras,740098285.0,N,2026,1,2026-01,balres
00300,BANCO DE INVERSION Y COMERCIO EXTERIOR S.A.,100010000000,A C T I V O,1786883561.0,N,2026,1,2026-01,balres
00300,BANCO DE INVERSION Y COMERCIO EXTERIOR S.A.,100010100000,Efectivo y deposito en bancos,74726557.0,N,2026,1,2026-01,balres
00300,BANCO DE INVERSION Y COMERCIO EXTERIOR S.A.,100010200000,Títulos Públicos y Privados,887963410.0,N,2026,1,2026-01,balres
00300,BANCO DE INVERSION Y COMERCIO EXTERIOR S.A.,100010300000,Préstamos,606924114.0,N,2026,1,2026-01,balres
00300,BANCO DE INVERSION Y COMERCIO EXTERIOR S.A.,100010301000,Sector Público no Financiero,690129.0,N,2026,1,2026-01,balres
00300,BANCO DE INVERSION Y COMERCIO EXTERIOR S.A.,100010302000,Sector Financiero,256124116.0,N,2026,1,2026-01,balres
00300,BANCO DE INVERSION Y COMERCIO EXTERIOR S.A.,100010303000,Sector Privado no Financiero y Residentes en el Ext.,361614277.0,N,2026,1,2026-01,balres
00300,BANCO DE INVERSION Y COMERCIO EXTERIOR S.A.,100010303005,"Doc a sola firma, descont. y comprados",196501188.0,N,2026,1,2026-01,balres
00300,BANCO DE INVERSION Y COMERCIO EXTERIOR S.A.,100010303010,Hipotecarios,103840822.0,N,2026,1,2026-01,balres
00300,BANCO DE INVERSION Y COMERCIO EXTERIOR S.A.,100010303015,Prendarios,6083016.0,N,2026,1,2026-01,balres
00300,BANCO DE INVERSION Y COMERCIO EXTERIOR S.A.,100010303030,Otros,48116597.0,N,2026,1,2026-01,balres
00300,BANCO DE INVERSION Y COMERCIO EXTERIOR S.A.,100010303045,Intereses y dif. cotiz. deveng. a cobrar,8531077.0,N,2026,1,2026-01,balres
00300,BANCO DE INVERSION Y COMERCIO EXTERIOR S.A.,100010303055,Intereses documentados,-1211101.0,N,2026,1,2026-01,balres
00300,BANCO DE INVERSION Y COMERCIO EXTERIOR S.A.,100010303060,Ajustes NIIF,-247322.0,N,2026,1,2026-01,balres
00300,BANCO DE INVERSION Y COMERCIO EXTERIOR S.A.,100010304000,Previsiones,-11504408.0,N,2026,1,2026-01,balres
00300,BANCO DE INVERSION Y COMERCIO EXTERIOR S.A.,100010400000,Otros Cred.por Interm.Finan.,18633583.0,N,2026,1,2026-01,balres
00300,BANCO DE INVERSION Y COMERCIO EXTERIOR S.A.,100010500000,Credito por arrendamiento financiero,65448911.0,N,2026,1,2026-01,balres
00300,BANCO DE INVERSION Y COMERCIO EXTERIOR S.A.,100010600000,Part. en otras Sociedades,78296189.0,N,2026,1,2026-01,balres
00300,BANCO DE INVERSION Y COMERCIO EXTERIOR S.A.,100010600020,Otras,78296189.0,N,2026,1,2026-01,balres
00300,BANCO DE INVERSION Y COMERCIO EXTERIOR S.A.,100010700000,Créditos Diversos,37630972.0,N,2026,1,2026-01,balres
00300,BANCO DE INVERSION Y COMERCIO EXTERIOR S.A.,100010800000,"Propiedad, plantas y equipo",2654975.0,N,2026,1,2026-01,balres
00300,BANCO DE INVERSION Y COMERCIO EXTERIOR S.A.,100010900000,Bienes Diversos,13346390.0,N,2026,1,2026-01,balres
00300,BANCO DE INVERSION Y COMERCIO EXTERIOR S.A.,100011000000,Activos Intangibles,1240635.0,N,2026,1,2026-01,balres
00300,BANCO DE INVERSION Y COMERCIO EXTERIOR S.A.,100011200000,Partidas Pend. de Imputación,17825.0,N,2026,1,2026-01,balres
00300,BANCO DE INVERSION Y COMERCIO EXTERIOR S.A.,100020000000,P A S I V O,1098620916.0,N,2026,1,2026-01,balres
00300,BANCO DE INVERSION Y COMERCIO EXTERIOR S.A.,100020100000,Depósitos,842432509.0,N,2026,1,2026-01,balres
00300,BANCO DE INVERSION Y COMERCIO EXTERIOR S.A.,100020101000,Sector Público no financiero,225911668.0,N,2026,1,2026-01,balres
00300,BANCO DE INVERSION Y COMERCIO EXTERIOR S.A.,100020103000,Sector Privado no Financiero y Residentes en el Ext.,616520841.0,N,2026,1,2026-01,balres
00300,BANCO DE INVERSION Y COMERCIO EXTERIOR S.A.,100020103010,Plazo fijo e inversiones a plazo,608226060.0,N,2026,1,2026-01,balres
00300,BANCO DE INVERSION Y COMERCIO EXTERIOR S.A.,100020103020,Intereses y dif. cotiz. deveng. a pagar,8294781.0,N,2026,1,2026-01,balres
00300,BANCO DE INVERSION Y COMERCIO EXTERIOR S.A.,100020200000,Otras Oblig.por Intermed. Financ.,209944288.0,N,2026,1,2026-01,balres
00300,BANCO DE INVERSION Y COMERCIO EXTERIOR S.A.,100020300000,Obligaciones Diversas,45115149.0,N,2026,1,2026-01,balres
00300,BANCO DE INVERSION Y COMERCIO EXTERIOR S.A.,100020400000,Provisiones,1128970.0,N,2026,1,2026-01,balres
00300,BANCO DE INVERSION Y COMERCIO EXTERIOR S.A.,100030000000,P A T R I M O N I O   N E T O,688262645.0,N,2026,1,2026-01,balres
00300,BANCO DE INVERSION Y COMERCIO EXTERIOR S.A.,100030100000,"Capital, Aportes, Reservas y ORI acumulado",662909607.0,N,2026,1,2026-01,balres
00300,BANCO DE INVERSION Y COMERCIO EXTERIOR S.A.,100030600000,Resultados no asignados,25353038.0,N,2026,1,2026-01,balres
00300,BANCO DE INVERSION Y COMERCIO EXTERIOR S.A.,100040000000,R D O S. I N T E G R A L E S  A C U M.  D E L  P E R I O D O,-1424539.0,N,2026,1,2026-01,balres
00300,BANCO DE INVERSION Y COMERCIO EXTERIOR S.A.,100040100000,Ingresos financieros,39331509.0,N,2026,1,2026-01,balres
00300,BANCO DE INVERSION Y COMERCIO EXTERIOR S.A.,100040100005,Por Intereses,24825853.0,N,2026,1,2026-01,balres
00300,BANCO DE INVERSION Y COMERCIO EXTERIOR S.A.,100040100090,Otros Ingresos Financieros,14505656.0,N,2026,1,2026-01,balres
00300,BANCO DE INVERSION Y COMERCIO EXTERIOR S.A.,100040200000,Egresos financieros,-18363325.0,N,2026,1,2026-01,balres
00300,BANCO DE INVERSION Y COMERCIO EXTERIOR S.A.,100040200005,Por Intereses,-16445966.0,N,2026,1,2026-01,balres
00300,BANCO DE INVERSION Y COMERCIO EXTERIOR S.A.,100040200090,Otros Egresos Financieros,-1917359.0,N,2026,1,2026-01,balres
00300,BANCO DE INVERSION Y COMERCIO EXTERIOR S.A.,100040300000,Cargo por incobrabilidad,-3088415.0,N,2026,1,2026-01,balres
00300,BANCO DE INVERSION Y COMERCIO EXTERIOR S.A.,100040400000,Ingresos por servicios,332078.0,N,2026,1,2026-01,balres
00300,BANCO DE INVERSION Y COMERCIO EXTERIOR S.A.,100040500000,Egresos por servicios,-31257.0,N,2026,1,2026-01,balres
00300,BANCO DE INVERSION Y COMERCIO EXTERIOR S.A.,100040700000,Gastos de administración,-4046274.0,N,2026,1,2026-01,balres
00300,BANCO DE INVERSION Y COMERCIO EXTERIOR S.A.,100040800000,Créditos recuperados y previsiones desafectadas,954719.0,N,2026,1,2026-01,balres
00300,BANCO DE INVERSION Y COMERCIO EXTERIOR S.A.,100041200000,Resultado monetario,-17355484.0,N,2026,1,2026-01,balres
00300,BANCO DE INVERSION Y COMERCIO EXTERIOR S.A.,100041300000,Otros,373145.0,N,2026,1,2026-01,balres
00300,BANCO DE INVERSION Y COMERCIO EXTERIOR S.A.,100041400000,Impuesto a las ganancias,664066.0,N,2026,1,2026-01,balres
00300,BANCO DE INVERSION Y COMERCIO EXTERIOR S.A.,100041500000,Otro resultado integral,-195301.0,N,2026,1,2026-01,balres
00300,BANCO DE INVERSION Y COMERCIO EXTERIOR S.A.,100050000000,PARTIDAS FUERA DE BALANCE,0.0,N,2026,1,2026-01,balres
00300,BANCO DE INVERSION Y COMERCIO EXTERIOR S.A.,100050100000,Créditos irrecuperables en partidas fuera del balance,76545151.0,N,2026,1,2026-01,balres
00300,BANCO DE INVERSION Y COMERCIO EXTERIOR S.A.,100050200000,Contingentes acreedoras,620653941.0,N,2026,1,2026-01,balres
00300,BANCO DE INVERSION Y COMERCIO EXTERIOR S.A.,100050300000,De Control acreedoras,1239380.0,N,2026,1,2026-01,balres
00300,BANCO DE INVERSION Y COMERCIO EXTERIOR S.A.,100050600000,Contingentes deudoras,2787745402.0,N,2026,1,2026-01,balres
00300,BANCO DE INVERSION Y COMERCIO EXTERIOR S.A.,100050700000,De Control deudoras,38291965.0,N,2026,1,2026-01,balres
00300,BANCO DE INVERSION Y COMERCIO EXTERIOR S.A.,100050800000,De Derivados deudoras,0.0,N,2026,1,2026-01,balres
00300,BANCO DE INVERSION Y COMERCIO EXTERIOR S.A.,100050900000,De Actividad fiduciaria deudoras,8647696487.0,N,2026,1,2026-01,balres
00301,BANCO PIANO S.A.,100010000000,A C T I V O,374983106.0,N,2026,1,2026-01,balres
00301,BANCO PIANO S.A.,100010100000,Efectivo y deposito en bancos,63757691.0,N,2026,1,2026-01,balres
00301,BANCO PIANO S.A.,100010200000,Títulos Públicos y Privados,127626848.0,N,2026,1,2026-01,balres
00301,BANCO PIANO S.A.,100010300000,Préstamos,124447485.0,N,2026,1,2026-01,balres
00301,BANCO PIANO S.A.,100010303000,Sector Privado no Financiero y Residentes en el Ext.,127511922.0,N,2026,1,2026-01,balres
00301,BANCO PIANO S.A.,100010303001,Adelantos,4634580.0,N,2026,1,2026-01,balres
00301,BANCO PIANO S.A.,100010303005,"Doc a sola firma, descont. y comprados",18262322.0,N,2026,1,2026-01,balres
00301,BANCO PIANO S.A.,100010303020,Personales,95398999.0,N,2026,1,2026-01,balres
00301,BANCO PIANO S.A.,100010303030,Otros,579066.0,N,2026,1,2026-01,balres
00301,BANCO PIANO S.A.,100010303045,Intereses y dif. cotiz. deveng. a cobrar,8636955.0,N,2026,1,2026-01,balres
00301,BANCO PIANO S.A.,100010304000,Previsiones,-3064437.0,N,2026,1,2026-01,balres
00301,BANCO PIANO S.A.,100010400000,Otros Cred.por Interm.Finan.,31390028.0,N,2026,1,2026-01,balres
00301,BANCO PIANO S.A.,100010700000,Créditos Diversos,5401954.0,N,2026,1,2026-01,balres
00301,BANCO PIANO S.A.,100010800000,"Propiedad, plantas y equipo",17048287.0,N,2026,1,2026-01,balres
00301,BANCO PIANO S.A.,100010900000,Bienes Diversos,4400196.0,N,2026,1,2026-01,balres
00301,BANCO PIANO S.A.,100011000000,Activos Intangibles,910617.0,N,2026,1,2026-01,balres
00301,BANCO PIANO S.A.,100020000000,P A S I V O,293610305.0,N,2026,1,2026-01,balres
00301,BANCO PIANO S.A.,100020100000,Depósitos,257589669.0,N,2026,1,2026-01,balres
00301,BANCO PIANO S.A.,100020102000,Sector Financiero,24959.0,N,2026,1,2026-01,balres
00301,BANCO PIANO S.A.,100020103000,Sector Privado no Financiero y Residentes en el Ext.,257564710.0,N,2026,1,2026-01,balres
00301,BANCO PIANO S.A.,100020103001,Cuentas corrientes,40576470.0,N,2026,1,2026-01,balres
00301,BANCO PIANO S.A.,100020103005,Caja de ahorros,126559968.0,N,2026,1,2026-01,balres
00301,BANCO PIANO S.A.,100020103010,Plazo fijo e inversiones a plazo,83412133.0,N,2026,1,2026-01,balres
00301,BANCO PIANO S.A.,100020103015,Otros,6262630.0,N,2026,1,2026-01,balres
00301,BANCO PIANO S.A.,100020103020,Intereses y dif. cotiz. deveng. a pagar,753509.0,N,2026,1,2026-01,balres
00301,BANCO PIANO S.A.,100020200000,Otras Oblig.por Intermed. Financ.,17073794.0,N,2026,1,2026-01,balres
00301,BANCO PIANO S.A.,100020300000,Obligaciones Diversas,18833170.0,N,2026,1,2026-01,balres
00301,BANCO PIANO S.A.,100020400000,Provisiones,113672.0,N,2026,1,2026-01,balres
00301,BANCO PIANO S.A.,100030000000,P A T R I M O N I O   N E T O,81372801.0,N,2026,1,2026-01,balres
00301,BANCO PIANO S.A.,100030100000,"Capital, Aportes, Reservas y ORI acumulado",71454475.0,N,2026,1,2026-01,balres
00301,BANCO PIANO S.A.,100030600000,Resultados no asignados,9918326.0,N,2026,1,2026-01,balres
00301,BANCO PIANO S.A.,100040000000,R D O S. I N T E G R A L E S  A C U M.  D E L  P E R I O D O,635679.0,N,2026,1,2026-01,balres
00301,BANCO PIANO S.A.,100040100000,Ingresos financieros,11955136.0,N,2026,1,2026-01,balres
00301,BANCO PIANO S.A.,100040100005,Por Intereses,10648268.0,N,2026,1,2026-01,balres
00301,BANCO PIANO S.A.,100040100090,Otros Ingresos Financieros,1306868.0,N,2026,1,2026-01,balres
00301,BANCO PIANO S.A.,100040200000,Egresos financieros,-2634943.0,N,2026,1,2026-01,balres
00301,BANCO PIANO S.A.,100040200005,Por Intereses,-1657130.0,N,2026,1,2026-01,balres
00301,BANCO PIANO S.A.,100040200090,Otros Egresos Financieros,-977813.0,N,2026,1,2026-01,balres
00301,BANCO PIANO S.A.,100040300000,Cargo por incobrabilidad,-462608.0,N,2026,1,2026-01,balres
00301,BANCO PIANO S.A.,100040400000,Ingresos por servicios,1242094.0,N,2026,1,2026-01,balres
00301,BANCO PIANO S.A.,100040500000,Egresos por servicios,-728318.0,N,2026,1,2026-01,balres
00301,BANCO PIANO S.A.,100040700000,Gastos de administración,-6522297.0,N,2026,1,2026-01,balres
00301,BANCO PIANO S.A.,100040800000,Créditos recuperados y previsiones desafectadas,34259.0,N,2026,1,2026-01,balres
00301,BANCO PIANO S.A.,100041200000,Resultado monetario,-1843805.0,N,2026,1,2026-01,balres
00301,BANCO PIANO S.A.,100041300000,Otros,-131405.0,N,2026,1,2026-01,balres
00301,BANCO PIANO S.A.,100041400000,Impuesto a las ganancias,-272434.0,N,2026,1,2026-01,balres
00301,BANCO PIANO S.A.,100050000000,PARTIDAS FUERA DE BALANCE,0.0,N,2026,1,2026-01,balres
00301,BANCO PIANO S.A.,100050100000,Créditos irrecuperables en partidas fuera del balance,1604152.0,N,2026,1,2026-01,balres
00301,BANCO PIANO S.A.,100050200000,Contingentes acreedoras,4976169.0,N,2026,1,2026-01,balres
00301,BANCO PIANO S.A.,100050300000,De Control acreedoras,50019.0,N,2026,1,2026-01,balres
00301,BANCO PIANO S.A.,100050400000,De Derivados acreedoras,2893884.0,N,2026,1,2026-01,balres
00301,BANCO PIANO S.A.,100050600000,Contingentes deudoras,23537353.0,N,2026,1,2026-01,balres
00301,BANCO PIANO S.A.,100050700000,De Control deudoras,236259304.0,N,2026,1,2026-01,balres
00305,BANCO JULIO SOCIEDAD ANONIMA,100010000000,A C T I V O,58592125.0,N,2026,1,2026-01,balres
00305,BANCO JULIO SOCIEDAD ANONIMA,100010100000,Efectivo y deposito en bancos,6149029.0,N,2026,1,2026-01,balres
00305,BANCO JULIO SOCIEDAD ANONIMA,100010200000,Títulos Públicos y Privados,15901912.0,N,2026,1,2026-01,balres
00305,BANCO JULIO SOCIEDAD ANONIMA,100010300000,Préstamos,25156375.0,N,2026,1,2026-01,balres
00305,BANCO JULIO SOCIEDAD ANONIMA,100010302000,Sector Financiero,1502383.0,N,2026,1,2026-01,balres
00305,BANCO JULIO SOCIEDAD ANONIMA,100010303000,Sector Privado no Financiero y Residentes en el Ext.,24465282.0,N,2026,1,2026-01,balres
00305,BANCO JULIO SOCIEDAD ANONIMA,100010303001,Adelantos,9076134.0,N,2026,1,2026-01,balres
00305,BANCO JULIO SOCIEDAD ANONIMA,100010303005,"Doc a sola firma, descont. y comprados",9632129.0,N,2026,1,2026-01,balres
00305,BANCO JULIO SOCIEDAD ANONIMA,100010303010,Hipotecarios,808267.0,N,2026,1,2026-01,balres
00305,BANCO JULIO SOCIEDAD ANONIMA,100010303015,Prendarios,610185.0,N,2026,1,2026-01,balres
00305,BANCO JULIO SOCIEDAD ANONIMA,100010303020,Personales,36730.0,N,2026,1,2026-01,balres
00305,BANCO JULIO SOCIEDAD ANONIMA,100010303030,Otros,3463976.0,N,2026,1,2026-01,balres
00305,BANCO JULIO SOCIEDAD ANONIMA,100010303045,Intereses y dif. cotiz. deveng. a cobrar,1201034.0,N,2026,1,2026-01,balres
00305,BANCO JULIO SOCIEDAD ANONIMA,100010303050,Cobros no aplicados,-412.0,N,2026,1,2026-01,balres
00305,BANCO JULIO SOCIEDAD ANONIMA,100010303055,Intereses documentados,-362761.0,N,2026,1,2026-01,balres
00305,BANCO JULIO SOCIEDAD ANONIMA,100010304000,Previsiones,-811290.0,N,2026,1,2026-01,balres
00305,BANCO JULIO SOCIEDAD ANONIMA,100010400000,Otros Cred.por Interm.Finan.,6727765.0,N,2026,1,2026-01,balres
00305,BANCO JULIO SOCIEDAD ANONIMA,100010500000,Credito por arrendamiento financiero,390194.0,N,2026,1,2026-01,balres
00305,BANCO JULIO SOCIEDAD ANONIMA,100010600000,Part. en otras Sociedades,764.0,N,2026,1,2026-01,balres
00305,BANCO JULIO SOCIEDAD ANONIMA,100010600020,Otras,764.0,N,2026,1,2026-01,balres
00305,BANCO JULIO SOCIEDAD ANONIMA,100010700000,Créditos Diversos,528876.0,N,2026,1,2026-01,balres
00305,BANCO JULIO SOCIEDAD ANONIMA,100010800000,"Propiedad, plantas y equipo",1405562.0,N,2026,1,2026-01,balres
00305,BANCO JULIO SOCIEDAD ANONIMA,100010900000,Bienes Diversos,2323916.0,N,2026,1,2026-01,balres
00305,BANCO JULIO SOCIEDAD ANONIMA,100011000000,Activos Intangibles,7732.0,N,2026,1,2026-01,balres
00305,BANCO JULIO SOCIEDAD ANONIMA,100011200000,Partidas Pend. de Imputación,0.0,N,2026,1,2026-01,balres
00305,BANCO JULIO SOCIEDAD ANONIMA,100020000000,P A S I V O,42955191.0,N,2026,1,2026-01,balres
00305,BANCO JULIO SOCIEDAD ANONIMA,100020100000,Depósitos,38535100.0,N,2026,1,2026-01,balres
00305,BANCO JULIO SOCIEDAD ANONIMA,100020101000,Sector Público no financiero,1116137.0,N,2026,1,2026-01,balres
00305,BANCO JULIO SOCIEDAD ANONIMA,100020103000,Sector Privado no Financiero y Residentes en el Ext.,37418963.0,N,2026,1,2026-01,balres
00305,BANCO JULIO SOCIEDAD ANONIMA,100020103001,Cuentas corrientes,18221796.0,N,2026,1,2026-01,balres
00305,BANCO JULIO SOCIEDAD ANONIMA,100020103005,Caja de ahorros,2584641.0,N,2026,1,2026-01,balres
00305,BANCO JULIO SOCIEDAD ANONIMA,100020103010,Plazo fijo e inversiones a plazo,15403923.0,N,2026,1,2026-01,balres
00305,BANCO JULIO SOCIEDAD ANONIMA,100020103015,Otros,886683.0,N,2026,1,2026-01,balres
00305,BANCO JULIO SOCIEDAD ANONIMA,100020103020,Intereses y dif. cotiz. deveng. a pagar,321920.0,N,2026,1,2026-01,balres
00305,BANCO JULIO SOCIEDAD ANONIMA,100020200000,Otras Oblig.por Intermed. Financ.,2634972.0,N,2026,1,2026-01,balres
00305,BANCO JULIO SOCIEDAD ANONIMA,100020300000,Obligaciones Diversas,1760919.0,N,2026,1,2026-01,balres
00305,BANCO JULIO SOCIEDAD ANONIMA,100020400000,Provisiones,18.0,N,2026,1,2026-01,balres
00305,BANCO JULIO SOCIEDAD ANONIMA,100020600000,Partidas Pendientes de Imputación,24182.0,N,2026,1,2026-01,balres
00305,BANCO JULIO SOCIEDAD ANONIMA,100030000000,P A T R I M O N I O   N E T O,15636934.0,N,2026,1,2026-01,balres
00305,BANCO JULIO SOCIEDAD ANONIMA,100030100000,"Capital, Aportes, Reservas y ORI acumulado",15484866.0,N,2026,1,2026-01,balres
00305,BANCO JULIO SOCIEDAD ANONIMA,100030600000,Resultados no asignados,152068.0,N,2026,1,2026-01,balres
00305,BANCO JULIO SOCIEDAD ANONIMA,100040000000,R D O S. I N T E G R A L E S  A C U M.  D E L  P E R I O D O,44126.0,N,2026,1,2026-01,balres
00305,BANCO JULIO SOCIEDAD ANONIMA,100040100000,Ingresos financieros,1707070.0,N,2026,1,2026-01,balres
00305,BANCO JULIO SOCIEDAD ANONIMA,100040100005,Por Intereses,1295179.0,N,2026,1,2026-01,balres
00305,BANCO JULIO SOCIEDAD ANONIMA,100040100090,Otros Ingresos Financieros,411891.0,N,2026,1,2026-01,balres
00305,BANCO JULIO SOCIEDAD ANONIMA,100040200000,Egresos financieros,-611327.0,N,2026,1,2026-01,balres
00305,BANCO JULIO SOCIEDAD ANONIMA,100040200005,Por Intereses,-410892.0,N,2026,1,2026-01,balres
00305,BANCO JULIO SOCIEDAD ANONIMA,100040200090,Otros Egresos Financieros,-200435.0,N,2026,1,2026-01,balres
00305,BANCO JULIO SOCIEDAD ANONIMA,100040300000,Cargo por incobrabilidad,-33067.0,N,2026,1,2026-01,balres
00305,BANCO JULIO SOCIEDAD ANONIMA,100040400000,Ingresos por servicios,143859.0,N,2026,1,2026-01,balres
00305,BANCO JULIO SOCIEDAD ANONIMA,100040500000,Egresos por servicios,-15520.0,N,2026,1,2026-01,balres
00305,BANCO JULIO SOCIEDAD ANONIMA,100040700000,Gastos de administración,-791644.0,N,2026,1,2026-01,balres
00305,BANCO JULIO SOCIEDAD ANONIMA,100040800000,Créditos recuperados y previsiones desafectadas,529.0,N,2026,1,2026-01,balres
00305,BANCO JULIO SOCIEDAD ANONIMA,100041200000,Resultado monetario,-333266.0,N,2026,1,2026-01,balres
00305,BANCO JULIO SOCIEDAD ANONIMA,100041300000,Otros,-22064.0,N,2026,1,2026-01,balres
00305,BANCO JULIO SOCIEDAD ANONIMA,100041400000,Impuesto a las ganancias,-444.0,N,2026,1,2026-01,balres
00305,BANCO JULIO SOCIEDAD ANONIMA,100050000000,PARTIDAS FUERA DE BALANCE,0.0,N,2026,1,2026-01,balres
00305,BANCO JULIO SOCIEDAD ANONIMA,100050100000,Créditos irrecuperables en partidas fuera del balance,39122.0,N,2026,1,2026-01,balres
00305,BANCO JULIO SOCIEDAD ANONIMA,100050200000,Contingentes acreedoras,180000.0,N,2026,1,2026-01,balres
00305,BANCO JULIO SOCIEDAD ANONIMA,100050300000,De Control acreedoras,337399.0,N,2026,1,2026-01,balres
00305,BANCO JULIO SOCIEDAD ANONIMA,100050400000,De Derivados acreedoras,73850.0,N,2026,1,2026-01,balres
00305,BANCO JULIO SOCIEDAD ANONIMA,100050600000,Contingentes deudoras,15187361.0,N,2026,1,2026-01,balres
00305,BANCO JULIO SOCIEDAD ANONIMA,100050700000,De Control deudoras,7595874.0,N,2026,1,2026-01,balres
00305,BANCO JULIO SOCIEDAD ANONIMA,100050800000,De Derivados deudoras,73850.0,N,2026,1,2026-01,balres
00309,BANCO RIOJA SOCIEDAD ANONIMA UNIPERSONAL,100010000000,A C T I V O,297431562.0,N,2026,1,2026-01,balres
00309,BANCO RIOJA SOCIEDAD ANONIMA UNIPERSONAL,100010100000,Efectivo y deposito en bancos,17233865.0,N,2026,1,2026-01,balres
00309,BANCO RIOJA SOCIEDAD ANONIMA UNIPERSONAL,100010200000,Títulos Públicos y Privados,35645465.0,N,2026,1,2026-01,balres
00309,BANCO RIOJA SOCIEDAD ANONIMA UNIPERSONAL,100010300000,Préstamos,123752264.0,N,2026,1,2026-01,balres
00309,BANCO RIOJA SOCIEDAD ANONIMA UNIPERSONAL,100010301000,Sector Público no Financiero,6936.0,N,2026,1,2026-01,balres
00309,BANCO RIOJA SOCIEDAD ANONIMA UNIPERSONAL,100010303000,Sector Privado no Financiero y Residentes en el Ext.,133481372.0,N,2026,1,2026-01,balres
00309,BANCO RIOJA SOCIEDAD ANONIMA UNIPERSONAL,100010303001,Adelantos,12419536.0,N,2026,1,2026-01,balres
00309,BANCO RIOJA SOCIEDAD ANONIMA UNIPERSONAL,100010303005,"Doc a sola firma, descont. y comprados",5834990.0,N,2026,1,2026-01,balres
00309,BANCO RIOJA SOCIEDAD ANONIMA UNIPERSONAL,100010303010,Hipotecarios,11748578.0,N,2026,1,2026-01,balres
00309,BANCO RIOJA SOCIEDAD ANONIMA UNIPERSONAL,100010303015,Prendarios,1942208.0,N,2026,1,2026-01,balres
00309,BANCO RIOJA SOCIEDAD ANONIMA UNIPERSONAL,100010303020,Personales,74644617.0,N,2026,1,2026-01,balres
00309,BANCO RIOJA SOCIEDAD ANONIMA UNIPERSONAL,100010303030,Otros,20792976.0,N,2026,1,2026-01,balres
00309,BANCO RIOJA SOCIEDAD ANONIMA UNIPERSONAL,100010303045,Intereses y dif. cotiz. deveng. a cobrar,6101026.0,N,2026,1,2026-01,balres
00309,BANCO RIOJA SOCIEDAD ANONIMA UNIPERSONAL,100010303050,Cobros no aplicados,0.0,N,2026,1,2026-01,balres
00309,BANCO RIOJA SOCIEDAD ANONIMA UNIPERSONAL,100010303055,Intereses documentados,0.0,N,2026,1,2026-01,balres
00309,BANCO RIOJA SOCIEDAD ANONIMA UNIPERSONAL,100010303060,Ajustes NIIF,-2559.0,N,2026,1,2026-01,balres
00309,BANCO RIOJA SOCIEDAD ANONIMA UNIPERSONAL,100010304000,Previsiones,-9736044.0,N,2026,1,2026-01,balres
00309,BANCO RIOJA SOCIEDAD ANONIMA UNIPERSONAL,100010400000,Otros Cred.por Interm.Finan.,50167998.0,N,2026,1,2026-01,balres
00309,BANCO RIOJA SOCIEDAD ANONIMA UNIPERSONAL,100010700000,Créditos Diversos,10648364.0,N,2026,1,2026-01,balres
00309,BANCO RIOJA SOCIEDAD ANONIMA UNIPERSONAL,100010800000,"Propiedad, plantas y equipo",45250867.0,N,2026,1,2026-01,balres
00309,BANCO RIOJA SOCIEDAD ANONIMA UNIPERSONAL,100010900000,Bienes Diversos,5437156.0,N,2026,1,2026-01,balres
00309,BANCO RIOJA SOCIEDAD ANONIMA UNIPERSONAL,100011000000,Activos Intangibles,8557046.0,N,2026,1,2026-01,balres
00309,BANCO RIOJA SOCIEDAD ANONIMA UNIPERSONAL,100011200000,Partidas Pend. de Imputación,738537.0,N,2026,1,2026-01,balres
00309,BANCO RIOJA SOCIEDAD ANONIMA UNIPERSONAL,100020000000,P A S I V O,212399014.0,N,2026,1,2026-01,balres
00309,BANCO RIOJA SOCIEDAD ANONIMA UNIPERSONAL,100020100000,Depósitos,200366341.0,N,2026,1,2026-01,balres
00309,BANCO RIOJA SOCIEDAD ANONIMA UNIPERSONAL,100020101000,Sector Público no financiero,123147996.0,N,2026,1,2026-01,balres
00309,BANCO RIOJA SOCIEDAD ANONIMA UNIPERSONAL,100020102000,Sector Financiero,0.0,N,2026,1,2026-01,balres
00309,BANCO RIOJA SOCIEDAD ANONIMA UNIPERSONAL,100020103000,Sector Privado no Financiero y Residentes en el Ext.,77218345.0,N,2026,1,2026-01,balres
00309,BANCO RIOJA SOCIEDAD ANONIMA UNIPERSONAL,100020103001,Cuentas corrientes,4927710.0,N,2026,1,2026-01,balres
00309,BANCO RIOJA SOCIEDAD ANONIMA UNIPERSONAL,100020103005,Caja de ahorros,38174861.0,N,2026,1,2026-01,balres
00309,BANCO RIOJA SOCIEDAD ANONIMA UNIPERSONAL,100020103010,Plazo fijo e inversiones a plazo,32329445.0,N,2026,1,2026-01,balres
00309,BANCO RIOJA SOCIEDAD ANONIMA UNIPERSONAL,100020103015,Otros,1301829.0,N,2026,1,2026-01,balres
00309,BANCO RIOJA SOCIEDAD ANONIMA UNIPERSONAL,100020103020,Intereses y dif. cotiz. deveng. a pagar,484500.0,N,2026,1,2026-01,balres
00309,BANCO RIOJA SOCIEDAD ANONIMA UNIPERSONAL,100020200000,Otras Oblig.por Intermed. Financ.,2345761.0,N,2026,1,2026-01,balres
00309,BANCO RIOJA SOCIEDAD ANONIMA UNIPERSONAL,100020300000,Obligaciones Diversas,8779858.0,N,2026,1,2026-01,balres
00309,BANCO RIOJA SOCIEDAD ANONIMA UNIPERSONAL,100020400000,Provisiones,2324.0,N,2026,1,2026-01,balres
00309,BANCO RIOJA SOCIEDAD ANONIMA UNIPERSONAL,100020600000,Partidas Pendientes de Imputación,904730.0,N,2026,1,2026-01,balres
00309,BANCO RIOJA SOCIEDAD ANONIMA UNIPERSONAL,100030000000,P A T R I M O N I O   N E T O,85032548.0,N,2026,1,2026-01,balres
00309,BANCO RIOJA SOCIEDAD ANONIMA UNIPERSONAL,100030100000,"Capital, Aportes, Reservas y ORI acumulado",100110669.0,N,2026,1,2026-01,balres
00309,BANCO RIOJA SOCIEDAD ANONIMA UNIPERSONAL,100030600000,Resultados no asignados,-15078121.0,N,2026,1,2026-01,balres
00309,BANCO RIOJA SOCIEDAD ANONIMA UNIPERSONAL,100040000000,R D O S. I N T E G R A L E S  A C U M.  D E L  P E R I O D O,496765.0,N,2026,1,2026-01,balres
00309,BANCO RIOJA SOCIEDAD ANONIMA UNIPERSONAL,100040100000,Ingresos financieros,8018738.0,N,2026,1,2026-01,balres
00309,BANCO RIOJA SOCIEDAD ANONIMA UNIPERSONAL,100040100005,Por Intereses,7487560.0,N,2026,1,2026-01,balres
00309,BANCO RIOJA SOCIEDAD ANONIMA UNIPERSONAL,100040100090,Otros Ingresos Financieros,531178.0,N,2026,1,2026-01,balres
00309,BANCO RIOJA SOCIEDAD ANONIMA UNIPERSONAL,100040200000,Egresos financieros,-1686790.0,N,2026,1,2026-01,balres
00309,BANCO RIOJA SOCIEDAD ANONIMA UNIPERSONAL,100040200005,Por Intereses,-1454209.0,N,2026,1,2026-01,balres
00309,BANCO RIOJA SOCIEDAD ANONIMA UNIPERSONAL,100040200090,Otros Egresos Financieros,-232581.0,N,2026,1,2026-01,balres
00309,BANCO RIOJA SOCIEDAD ANONIMA UNIPERSONAL,100040300000,Cargo por incobrabilidad,-449366.0,N,2026,1,2026-01,balres
00309,BANCO RIOJA SOCIEDAD ANONIMA UNIPERSONAL,100040400000,Ingresos por servicios,644753.0,N,2026,1,2026-01,balres
00309,BANCO RIOJA SOCIEDAD ANONIMA UNIPERSONAL,100040500000,Egresos por servicios,-415203.0,N,2026,1,2026-01,balres
00309,BANCO RIOJA SOCIEDAD ANONIMA UNIPERSONAL,100040700000,Gastos de administración,-5312525.0,N,2026,1,2026-01,balres
00309,BANCO RIOJA SOCIEDAD ANONIMA UNIPERSONAL,100040800000,Créditos recuperados y previsiones desafectadas,28805.0,N,2026,1,2026-01,balres
00309,BANCO RIOJA SOCIEDAD ANONIMA UNIPERSONAL,100041200000,Resultado monetario,-547210.0,N,2026,1,2026-01,balres
00309,BANCO RIOJA SOCIEDAD ANONIMA UNIPERSONAL,100041300000,Otros,234465.0,N,2026,1,2026-01,balres
00309,BANCO RIOJA SOCIEDAD ANONIMA UNIPERSONAL,100041400000,Impuesto a las ganancias,-18902.0,N,2026,1,2026-01,balres
00309,BANCO RIOJA SOCIEDAD ANONIMA UNIPERSONAL,100050000000,PARTIDAS FUERA DE BALANCE,0.0,N,2026,1,2026-01,balres
00309,BANCO RIOJA SOCIEDAD ANONIMA UNIPERSONAL,100050100000,Créditos irrecuperables en partidas fuera del balance,280205.0,N,2026,1,2026-01,balres
00309,BANCO RIOJA SOCIEDAD ANONIMA UNIPERSONAL,100050200000,Contingentes acreedoras,887074.0,N,2026,1,2026-01,balres
00309,BANCO RIOJA SOCIEDAD ANONIMA UNIPERSONAL,100050400000,De Derivados acreedoras,0.0,N,2026,1,2026-01,balres
00309,BANCO RIOJA SOCIEDAD ANONIMA UNIPERSONAL,100050600000,Contingentes deudoras,112569837.0,N,2026,1,2026-01,balres
00309,BANCO RIOJA SOCIEDAD ANONIMA UNIPERSONAL,100050700000,De Control deudoras,3298907.0,N,2026,1,2026-01,balres
00309,BANCO RIOJA SOCIEDAD ANONIMA UNIPERSONAL,100050800000,De Derivados deudoras,0.0,N,2026,1,2026-01,balres
00309,BANCO RIOJA SOCIEDAD ANONIMA UNIPERSONAL,100050900000,De Actividad fiduciaria deudoras,363364090.0,N,2026,1,2026-01,balres
00310,BANCO DEL SOL S.A.,100010000000,A C T I V O,710426085.0,N,2026,1,2026-01,balres
00310,BANCO DEL SOL S.A.,100010100000,Efectivo y deposito en bancos,98858616.0,N,2026,1,2026-01,balres
00310,BANCO DEL SOL S.A.,100010200000,Títulos Públicos y Privados,71600629.0,N,2026,1,2026-01,balres
00310,BANCO DEL SOL S.A.,100010300000,Préstamos,397305265.0,N,2026,1,2026-01,balres
00310,BANCO DEL SOL S.A.,100010303000,Sector Privado no Financiero y Residentes en el Ext.,407456239.0,N,2026,1,2026-01,balres
00310,BANCO DEL SOL S.A.,100010303001,Adelantos,7355413.0,N,2026,1,2026-01,balres
00310,BANCO DEL SOL S.A.,100010303005,"Doc a sola firma, descont. y comprados",181106088.0,N,2026,1,2026-01,balres
00310,BANCO DEL SOL S.A.,100010303010,Hipotecarios,11416940.0,N,2026,1,2026-01,balres
00310,BANCO DEL SOL S.A.,100010303015,Prendarios,167015755.0,N,2026,1,2026-01,balres
00310,BANCO DEL SOL S.A.,100010303020,Personales,41015545.0,N,2026,1,2026-01,balres
00310,BANCO DEL SOL S.A.,100010303030,Otros,12342768.0,N,2026,1,2026-01,balres
00310,BANCO DEL SOL S.A.,100010303045,Intereses y dif. cotiz. deveng. a cobrar,29577632.0,N,2026,1,2026-01,balres
00310,BANCO DEL SOL S.A.,100010303055,Intereses documentados,-60099312.0,N,2026,1,2026-01,balres
00310,BANCO DEL SOL S.A.,100010303060,Ajustes NIIF,17725410.0,N,2026,1,2026-01,balres
00310,BANCO DEL SOL S.A.,100010304000,Previsiones,-10150974.0,N,2026,1,2026-01,balres
00310,BANCO DEL SOL S.A.,100010400000,Otros Cred.por Interm.Finan.,51846871.0,N,2026,1,2026-01,balres
00310,BANCO DEL SOL S.A.,100010700000,Créditos Diversos,30835260.0,N,2026,1,2026-01,balres
00310,BANCO DEL SOL S.A.,100010800000,"Propiedad, plantas y equipo",1043449.0,N,2026,1,2026-01,balres
00310,BANCO DEL SOL S.A.,100011000000,Activos Intangibles,58935995.0,N,2026,1,2026-01,balres
00310,BANCO DEL SOL S.A.,100011200000,Partidas Pend. de Imputación,0.0,N,2026,1,2026-01,balres
00310,BANCO DEL SOL S.A.,100020000000,P A S I V O,587774836.0,N,2026,1,2026-01,balres
00310,BANCO DEL SOL S.A.,100020100000,Depósitos,568328979.0,N,2026,1,2026-01,balres
00310,BANCO DEL SOL S.A.,100020101000,Sector Público no financiero,43184270.0,N,2026,1,2026-01,balres
00310,BANCO DEL SOL S.A.,100020103000,Sector Privado no Financiero y Residentes en el Ext.,525144709.0,N,2026,1,2026-01,balres
00310,BANCO DEL SOL S.A.,100020103001,Cuentas corrientes,126333391.0,N,2026,1,2026-01,balres
00310,BANCO DEL SOL S.A.,100020103005,Caja de ahorros,35857853.0,N,2026,1,2026-01,balres
00310,BANCO DEL SOL S.A.,100020103010,Plazo fijo e inversiones a plazo,357005692.0,N,2026,1,2026-01,balres
00310,BANCO DEL SOL S.A.,100020103015,Otros,319206.0,N,2026,1,2026-01,balres
00310,BANCO DEL SOL S.A.,100020103020,Intereses y dif. cotiz. deveng. a pagar,5628567.0,N,2026,1,2026-01,balres
00310,BANCO DEL SOL S.A.,100020200000,Otras Oblig.por Intermed. Financ.,6391895.0,N,2026,1,2026-01,balres
00310,BANCO DEL SOL S.A.,100020300000,Obligaciones Diversas,13023277.0,N,2026,1,2026-01,balres
00310,BANCO DEL SOL S.A.,100020400000,Provisiones,25508.0,N,2026,1,2026-01,balres
00310,BANCO DEL SOL S.A.,100020600000,Partidas Pendientes de Imputación,5177.0,N,2026,1,2026-01,balres
00310,BANCO DEL SOL S.A.,100030000000,P A T R I M O N I O   N E T O,122651249.0,N,2026,1,2026-01,balres
00310,BANCO DEL SOL S.A.,100030100000,"Capital, Aportes, Reservas y ORI acumulado",107571912.0,N,2026,1,2026-01,balres
00310,BANCO DEL SOL S.A.,100030600000,Resultados no asignados,15079337.0,N,2026,1,2026-01,balres
00310,BANCO DEL SOL S.A.,100040000000,R D O S. I N T E G R A L E S  A C U M.  D E L  P E R I O D O,-1017353.0,N,2026,1,2026-01,balres
00310,BANCO DEL SOL S.A.,100040100000,Ingresos financieros,19735266.0,N,2026,1,2026-01,balres
00310,BANCO DEL SOL S.A.,100040100005,Por Intereses,15884787.0,N,2026,1,2026-01,balres
00310,BANCO DEL SOL S.A.,100040100090,Otros Ingresos Financieros,3850479.0,N,2026,1,2026-01,balres
00310,BANCO DEL SOL S.A.,100040200000,Egresos financieros,-9070813.0,N,2026,1,2026-01,balres
00310,BANCO DEL SOL S.A.,100040200005,Por Intereses,-6526433.0,N,2026,1,2026-01,balres
00310,BANCO DEL SOL S.A.,100040200090,Otros Egresos Financieros,-2544380.0,N,2026,1,2026-01,balres
00310,BANCO DEL SOL S.A.,100040300000,Cargo por incobrabilidad,-1546835.0,N,2026,1,2026-01,balres
00310,BANCO DEL SOL S.A.,100040400000,Ingresos por servicios,259033.0,N,2026,1,2026-01,balres
00310,BANCO DEL SOL S.A.,100040500000,Egresos por servicios,-1960577.0,N,2026,1,2026-01,balres
00310,BANCO DEL SOL S.A.,100040700000,Gastos de administración,-7956099.0,N,2026,1,2026-01,balres
00310,BANCO DEL SOL S.A.,100040800000,Créditos recuperados y previsiones desafectadas,30448.0,N,2026,1,2026-01,balres
00310,BANCO DEL SOL S.A.,100041200000,Resultado monetario,-1200783.0,N,2026,1,2026-01,balres
00310,BANCO DEL SOL S.A.,100041300000,Otros,-14131.0,N,2026,1,2026-01,balres
00310,BANCO DEL SOL S.A.,100041400000,Impuesto a las ganancias,707138.0,N,2026,1,2026-01,balres
00310,BANCO DEL SOL S.A.,100050000000,PARTIDAS FUERA DE BALANCE,0.0,N,2026,1,2026-01,balres
00310,BANCO DEL SOL S.A.,100050100000,Créditos irrecuperables en partidas fuera del balance,1744053.0,N,2026,1,2026-01,balres
00310,BANCO DEL SOL S.A.,100050200000,Contingentes acreedoras,24496639.0,N,2026,1,2026-01,balres
00310,BANCO DEL SOL S.A.,100050600000,Contingentes deudoras,275896664.0,N,2026,1,2026-01,balres
00310,BANCO DEL SOL S.A.,100050700000,De Control deudoras,67376300.0,N,2026,1,2026-01,balres
00310,BANCO DEL SOL S.A.,100050800000,De Derivados deudoras,0.0,N,2026,1,2026-01,balres
00311,NUEVO BANCO DEL CHACO S. A.,100010000000,A C T I V O,1228835656.0,N,2026,1,2026-01,balres
00311,NUEVO BANCO DEL CHACO S. A.,100010100000,Efectivo y deposito en bancos,84473196.0,N,2026,1,2026-01,balres
00311,NUEVO BANCO DEL CHACO S. A.,100010200000,Títulos Públicos y Privados,201847902.0,N,2026,1,2026-01,balres
00311,NUEVO BANCO DEL CHACO S. A.,100010300000,Préstamos,543537154.0,N,2026,1,2026-01,balres
00311,NUEVO BANCO DEL CHACO S. A.,100010301000,Sector Público no Financiero,236699.0,N,2026,1,2026-01,balres
00311,NUEVO BANCO DEL CHACO S. A.,100010302000,Sector Financiero,0.0,N,2026,1,2026-01,balres
00311,NUEVO BANCO DEL CHACO S. A.,100010303000,Sector Privado no Financiero y Residentes en el Ext.,578725039.0,N,2026,1,2026-01,balres
00311,NUEVO BANCO DEL CHACO S. A.,100010303001,Adelantos,31797058.0,N,2026,1,2026-01,balres
00311,NUEVO BANCO DEL CHACO S. A.,100010303005,"Doc a sola firma, descont. y comprados",116805853.0,N,2026,1,2026-01,balres
00311,NUEVO BANCO DEL CHACO S. A.,100010303010,Hipotecarios,19369951.0,N,2026,1,2026-01,balres
00311,NUEVO BANCO DEL CHACO S. A.,100010303015,Prendarios,157642.0,N,2026,1,2026-01,balres
00311,NUEVO BANCO DEL CHACO S. A.,100010303020,Personales,244107122.0,N,2026,1,2026-01,balres
00311,NUEVO BANCO DEL CHACO S. A.,100010303030,Otros,153067950.0,N,2026,1,2026-01,balres
00311,NUEVO BANCO DEL CHACO S. A.,100010303045,Intereses y dif. cotiz. deveng. a cobrar,21138818.0,N,2026,1,2026-01,balres
00311,NUEVO BANCO DEL CHACO S. A.,100010303050,Cobros no aplicados,0.0,N,2026,1,2026-01,balres
00311,NUEVO BANCO DEL CHACO S. A.,100010303055,Intereses documentados,-7498528.0,N,2026,1,2026-01,balres
00311,NUEVO BANCO DEL CHACO S. A.,100010303060,Ajustes NIIF,-220827.0,N,2026,1,2026-01,balres
00311,NUEVO BANCO DEL CHACO S. A.,100010304000,Previsiones,-35424584.0,N,2026,1,2026-01,balres
00311,NUEVO BANCO DEL CHACO S. A.,100010400000,Otros Cred.por Interm.Finan.,214259735.0,N,2026,1,2026-01,balres
00311,NUEVO BANCO DEL CHACO S. A.,100010500000,Credito por arrendamiento financiero,10167046.0,N,2026,1,2026-01,balres
00311,NUEVO BANCO DEL CHACO S. A.,100010600000,Part. en otras Sociedades,21565253.0,N,2026,1,2026-01,balres
00311,NUEVO BANCO DEL CHACO S. A.,100010600020,Otras,21565253.0,N,2026,1,2026-01,balres
00311,NUEVO BANCO DEL CHACO S. A.,100010700000,Créditos Diversos,21355766.0,N,2026,1,2026-01,balres
00311,NUEVO BANCO DEL CHACO S. A.,100010800000,"Propiedad, plantas y equipo",59421896.0,N,2026,1,2026-01,balres
00311,NUEVO BANCO DEL CHACO S. A.,100010900000,Bienes Diversos,1957262.0,N,2026,1,2026-01,balres
00311,NUEVO BANCO DEL CHACO S. A.,100011000000,Activos Intangibles,70160472.0,N,2026,1,2026-01,balres
00311,NUEVO BANCO DEL CHACO S. A.,100011200000,Partidas Pend. de Imputación,89974.0,N,2026,1,2026-01,balres
00311,NUEVO BANCO DEL CHACO S. A.,100020000000,P A S I V O,923568688.0,N,2026,1,2026-01,balres
00311,NUEVO BANCO DEL CHACO S. A.,100020100000,Depósitos,749117836.0,N,2026,1,2026-01,balres
00311,NUEVO BANCO DEL CHACO S. A.,100020101000,Sector Público no financiero,144128291.0,N,2026,1,2026-01,balres
00311,NUEVO BANCO DEL CHACO S. A.,100020102000,Sector Financiero,5847670.0,N,2026,1,2026-01,balres
00311,NUEVO BANCO DEL CHACO S. A.,100020103000,Sector Privado no Financiero y Residentes en el Ext.,599141875.0,N,2026,1,2026-01,balres
00311,NUEVO BANCO DEL CHACO S. A.,100020103001,Cuentas corrientes,39305216.0,N,2026,1,2026-01,balres
00311,NUEVO BANCO DEL CHACO S. A.,100020103005,Caja de ahorros,208881026.0,N,2026,1,2026-01,balres
00311,NUEVO BANCO DEL CHACO S. A.,100020103010,Plazo fijo e inversiones a plazo,340073589.0,N,2026,1,2026-01,balres
00311,NUEVO BANCO DEL CHACO S. A.,100020103015,Otros,5026599.0,N,2026,1,2026-01,balres
00311,NUEVO BANCO DEL CHACO S. A.,100020103020,Intereses y dif. cotiz. deveng. a pagar,5855445.0,N,2026,1,2026-01,balres
00311,NUEVO BANCO DEL CHACO S. A.,100020200000,Otras Oblig.por Intermed. Financ.,85016153.0,N,2026,1,2026-01,balres
00311,NUEVO BANCO DEL CHACO S. A.,100020300000,Obligaciones Diversas,86509482.0,N,2026,1,2026-01,balres
00311,NUEVO BANCO DEL CHACO S. A.,100020400000,Provisiones,2527225.0,N,2026,1,2026-01,balres
00311,NUEVO BANCO DEL CHACO S. A.,100020600000,Partidas Pendientes de Imputación,397992.0,N,2026,1,2026-01,balres
00311,NUEVO BANCO DEL CHACO S. A.,100030000000,P A T R I M O N I O   N E T O,305266968.0,N,2026,1,2026-01,balres
00311,NUEVO BANCO DEL CHACO S. A.,100030100000,"Capital, Aportes, Reservas y ORI acumulado",180762853.0,N,2026,1,2026-01,balres
00311,NUEVO BANCO DEL CHACO S. A.,100030600000,Resultados no asignados,124504115.0,N,2026,1,2026-01,balres
00311,NUEVO BANCO DEL CHACO S. A.,100040000000,R D O S. I N T E G R A L E S  A C U M.  D E L  P E R I O D O,948919.0,N,2026,1,2026-01,balres
00311,NUEVO BANCO DEL CHACO S. A.,100040100000,Ingresos financieros,32954649.0,N,2026,1,2026-01,balres
00311,NUEVO BANCO DEL CHACO S. A.,100040100005,Por Intereses,32610534.0,N,2026,1,2026-01,balres
00311,NUEVO BANCO DEL CHACO S. A.,100040100090,Otros Ingresos Financieros,344115.0,N,2026,1,2026-01,balres
00311,NUEVO BANCO DEL CHACO S. A.,100040200000,Egresos financieros,-9404705.0,N,2026,1,2026-01,balres
00311,NUEVO BANCO DEL CHACO S. A.,100040200005,Por Intereses,-9214598.0,N,2026,1,2026-01,balres
00311,NUEVO BANCO DEL CHACO S. A.,100040200090,Otros Egresos Financieros,-190107.0,N,2026,1,2026-01,balres
00311,NUEVO BANCO DEL CHACO S. A.,100040300000,Cargo por incobrabilidad,-3666309.0,N,2026,1,2026-01,balres
00311,NUEVO BANCO DEL CHACO S. A.,100040400000,Ingresos por servicios,4801249.0,N,2026,1,2026-01,balres
00311,NUEVO BANCO DEL CHACO S. A.,100040500000,Egresos por servicios,-2352237.0,N,2026,1,2026-01,balres
00311,NUEVO BANCO DEL CHACO S. A.,100040700000,Gastos de administración,-16324586.0,N,2026,1,2026-01,balres
00311,NUEVO BANCO DEL CHACO S. A.,100040800000,Créditos recuperados y previsiones desafectadas,0.0,N,2026,1,2026-01,balres
00311,NUEVO BANCO DEL CHACO S. A.,100041200000,Resultado monetario,-5002007.0,N,2026,1,2026-01,balres
00311,NUEVO BANCO DEL CHACO S. A.,100041300000,Otros,1194160.0,N,2026,1,2026-01,balres
00311,NUEVO BANCO DEL CHACO S. A.,100041400000,Impuesto a las ganancias,-1251295.0,N,2026,1,2026-01,balres
00311,NUEVO BANCO DEL CHACO S. A.,100050000000,PARTIDAS FUERA DE BALANCE,0.0,N,2026,1,2026-01,balres
00311,NUEVO BANCO DEL CHACO S. A.,100050100000,Créditos irrecuperables en partidas fuera del balance,192888.0,N,2026,1,2026-01,balres
00311,NUEVO BANCO DEL CHACO S. A.,100050200000,Contingentes acreedoras,560273548.0,N,2026,1,2026-01,balres
00311,NUEVO BANCO DEL CHACO S. A.,100050300000,De Control acreedoras,2770331.0,N,2026,1,2026-01,balres
00311,NUEVO BANCO DEL CHACO S. A.,100050600000,Contingentes deudoras,80033719.0,N,2026,1,2026-01,balres
00311,NUEVO BANCO DEL CHACO S. A.,100050700000,De Control deudoras,196241677.0,N,2026,1,2026-01,balres
00311,NUEVO BANCO DEL CHACO S. A.,100050800000,De Derivados deudoras,0.0,N,2026,1,2026-01,balres
00312,BANCO VOII S.A.,100010000000,A C T I V O,190702848.0,N,2026,1,2026-01,balres
00312,BANCO VOII S.A.,100010100000,Efectivo y deposito en bancos,12816992.0,N,2026,1,2026-01,balres
00312,BANCO VOII S.A.,100010200000,Títulos Públicos y Privados,76174107.0,N,2026,1,2026-01,balres
00312,BANCO VOII S.A.,100010300000,Préstamos,64697090.0,N,2026,1,2026-01,balres
00312,BANCO VOII S.A.,100010302000,Sector Financiero,1502244.0,N,2026,1,2026-01,balres
00312,BANCO VOII S.A.,100010303000,Sector Privado no Financiero y Residentes en el Ext.,63848905.0,N,2026,1,2026-01,balres
00312,BANCO VOII S.A.,100010303001,Adelantos,17152.0,N,2026,1,2026-01,balres
00312,BANCO VOII S.A.,100010303005,"Doc a sola firma, descont. y comprados",3017.0,N,2026,1,2026-01,balres
00312,BANCO VOII S.A.,100010303020,Personales,48475036.0,N,2026,1,2026-01,balres
00312,BANCO VOII S.A.,100010303030,Otros,311690.0,N,2026,1,2026-01,balres
00312,BANCO VOII S.A.,100010303045,Intereses y dif. cotiz. deveng. a cobrar,3304370.0,N,2026,1,2026-01,balres
00312,BANCO VOII S.A.,100010303060,Ajustes NIIF,11737640.0,N,2026,1,2026-01,balres
00312,BANCO VOII S.A.,100010304000,Previsiones,-654059.0,N,2026,1,2026-01,balres
00312,BANCO VOII S.A.,100010400000,Otros Cred.por Interm.Finan.,18991990.0,N,2026,1,2026-01,balres
00312,BANCO VOII S.A.,100010700000,Créditos Diversos,4019275.0,N,2026,1,2026-01,balres
00312,BANCO VOII S.A.,100010800000,"Propiedad, plantas y equipo",12733922.0,N,2026,1,2026-01,balres
00312,BANCO VOII S.A.,100011000000,Activos Intangibles,1269472.0,N,2026,1,2026-01,balres
00312,BANCO VOII S.A.,100020000000,P A S I V O,177897724.0,N,2026,1,2026-01,balres
00312,BANCO VOII S.A.,100020100000,Depósitos,167400046.0,N,2026,1,2026-01,balres
00312,BANCO VOII S.A.,100020101000,Sector Público no financiero,5475586.0,N,2026,1,2026-01,balres
00312,BANCO VOII S.A.,100020102000,Sector Financiero,38605.0,N,2026,1,2026-01,balres
00312,BANCO VOII S.A.,100020103000,Sector Privado no Financiero y Residentes en el Ext.,161885855.0,N,2026,1,2026-01,balres
00312,BANCO VOII S.A.,100020103001,Cuentas corrientes,41339289.0,N,2026,1,2026-01,balres
00312,BANCO VOII S.A.,100020103005,Caja de ahorros,3853142.0,N,2026,1,2026-01,balres
00312,BANCO VOII S.A.,100020103010,Plazo fijo e inversiones a plazo,114928401.0,N,2026,1,2026-01,balres
00312,BANCO VOII S.A.,100020103015,Otros,49564.0,N,2026,1,2026-01,balres
00312,BANCO VOII S.A.,100020103020,Intereses y dif. cotiz. deveng. a pagar,1715459.0,N,2026,1,2026-01,balres
00312,BANCO VOII S.A.,100020200000,Otras Oblig.por Intermed. Financ.,763892.0,N,2026,1,2026-01,balres
00312,BANCO VOII S.A.,100020300000,Obligaciones Diversas,9080450.0,N,2026,1,2026-01,balres
00312,BANCO VOII S.A.,100020400000,Provisiones,653336.0,N,2026,1,2026-01,balres
00312,BANCO VOII S.A.,100030000000,P A T R I M O N I O   N E T O,12805124.0,N,2026,1,2026-01,balres
00312,BANCO VOII S.A.,100030100000,"Capital, Aportes, Reservas y ORI acumulado",20752263.0,N,2026,1,2026-01,balres
00312,BANCO VOII S.A.,100030600000,Resultados no asignados,-7947139.0,N,2026,1,2026-01,balres
00312,BANCO VOII S.A.,100040000000,R D O S. I N T E G R A L E S  A C U M.  D E L  P E R I O D O,134529.0,N,2026,1,2026-01,balres
00312,BANCO VOII S.A.,100040100000,Ingresos financieros,5789478.0,N,2026,1,2026-01,balres
00312,BANCO VOII S.A.,100040100005,Por Intereses,2893704.0,N,2026,1,2026-01,balres
00312,BANCO VOII S.A.,100040100090,Otros Ingresos Financieros,2895774.0,N,2026,1,2026-01,balres
00312,BANCO VOII S.A.,100040200000,Egresos financieros,-3218622.0,N,2026,1,2026-01,balres
00312,BANCO VOII S.A.,100040200005,Por Intereses,-2959828.0,N,2026,1,2026-01,balres
00312,BANCO VOII S.A.,100040200090,Otros Egresos Financieros,-258794.0,N,2026,1,2026-01,balres
00312,BANCO VOII S.A.,100040300000,Cargo por incobrabilidad,50246.0,N,2026,1,2026-01,balres
00312,BANCO VOII S.A.,100040400000,Ingresos por servicios,309014.0,N,2026,1,2026-01,balres
00312,BANCO VOII S.A.,100040500000,Egresos por servicios,-1413249.0,N,2026,1,2026-01,balres
00312,BANCO VOII S.A.,100040700000,Gastos de administración,-1790782.0,N,2026,1,2026-01,balres
00312,BANCO VOII S.A.,100040800000,Créditos recuperados y previsiones desafectadas,9298.0,N,2026,1,2026-01,balres
00312,BANCO VOII S.A.,100041200000,Resultado monetario,314812.0,N,2026,1,2026-01,balres
00312,BANCO VOII S.A.,100041300000,Otros,105645.0,N,2026,1,2026-01,balres
00312,BANCO VOII S.A.,100041400000,Impuesto a las ganancias,-21311.0,N,2026,1,2026-01,balres
00312,BANCO VOII S.A.,100050000000,PARTIDAS FUERA DE BALANCE,0.0,N,2026,1,2026-01,balres
00312,BANCO VOII S.A.,100050100000,Créditos irrecuperables en partidas fuera del balance,241873.0,N,2026,1,2026-01,balres
00312,BANCO VOII S.A.,100050200000,Contingentes acreedoras,158648.0,N,2026,1,2026-01,balres
00312,BANCO VOII S.A.,100050300000,De Control acreedoras,0.0,N,2026,1,2026-01,balres
00312,BANCO VOII S.A.,100050400000,De Derivados acreedoras,221775.0,N,2026,1,2026-01,balres
00312,BANCO VOII S.A.,100050700000,De Control deudoras,74432665.0,N,2026,1,2026-01,balres
00315,BANCO DE FORMOSA S.A.,100010000000,A C T I V O,626195331.0,N,2026,1,2026-01,balres
00315,BANCO DE FORMOSA S.A.,100010100000,Efectivo y deposito en bancos,24694927.0,N,2026,1,2026-01,balres
00315,BANCO DE FORMOSA S.A.,100010200000,Títulos Públicos y Privados,208494396.0,N,2026,1,2026-01,balres
00315,BANCO DE FORMOSA S.A.,100010300000,Préstamos,251247850.0,N,2026,1,2026-01,balres
00315,BANCO DE FORMOSA S.A.,100010301000,Sector Público no Financiero,0.0,N,2026,1,2026-01,balres
00315,BANCO DE FORMOSA S.A.,100010302000,Sector Financiero,20023014.0,N,2026,1,2026-01,balres
00315,BANCO DE FORMOSA S.A.,100010303000,Sector Privado no Financiero y Residentes en el Ext.,239914289.0,N,2026,1,2026-01,balres
00315,BANCO DE FORMOSA S.A.,100010303001,Adelantos,13374906.0,N,2026,1,2026-01,balres
00315,BANCO DE FORMOSA S.A.,100010303005,"Doc a sola firma, descont. y comprados",28471218.0,N,2026,1,2026-01,balres
00315,BANCO DE FORMOSA S.A.,100010303010,Hipotecarios,3461041.0,N,2026,1,2026-01,balres
00315,BANCO DE FORMOSA S.A.,100010303015,Prendarios,14296423.0,N,2026,1,2026-01,balres
00315,BANCO DE FORMOSA S.A.,100010303020,Personales,127743793.0,N,2026,1,2026-01,balres
00315,BANCO DE FORMOSA S.A.,100010303030,Otros,45034663.0,N,2026,1,2026-01,balres
00315,BANCO DE FORMOSA S.A.,100010303045,Intereses y dif. cotiz. deveng. a cobrar,7067663.0,N,2026,1,2026-01,balres
00315,BANCO DE FORMOSA S.A.,100010303050,Cobros no aplicados,0.0,N,2026,1,2026-01,balres
00315,BANCO DE FORMOSA S.A.,100010303055,Intereses documentados,-486782.0,N,2026,1,2026-01,balres
00315,BANCO DE FORMOSA S.A.,100010303060,Ajustes NIIF,951364.0,N,2026,1,2026-01,balres
00315,BANCO DE FORMOSA S.A.,100010304000,Previsiones,-8689453.0,N,2026,1,2026-01,balres
00315,BANCO DE FORMOSA S.A.,100010400000,Otros Cred.por Interm.Finan.,60123272.0,N,2026,1,2026-01,balres
00315,BANCO DE FORMOSA S.A.,100010500000,Credito por arrendamiento financiero,203821.0,N,2026,1,2026-01,balres
00315,BANCO DE FORMOSA S.A.,100010600000,Part. en otras Sociedades,3762006.0,N,2026,1,2026-01,balres
00315,BANCO DE FORMOSA S.A.,100010600020,Otras,3762006.0,N,2026,1,2026-01,balres
00315,BANCO DE FORMOSA S.A.,100010700000,Créditos Diversos,34407442.0,N,2026,1,2026-01,balres
00315,BANCO DE FORMOSA S.A.,100010800000,"Propiedad, plantas y equipo",33796028.0,N,2026,1,2026-01,balres
00315,BANCO DE FORMOSA S.A.,100011000000,Activos Intangibles,9438940.0,N,2026,1,2026-01,balres
00315,BANCO DE FORMOSA S.A.,100011200000,Partidas Pend. de Imputación,26649.0,N,2026,1,2026-01,balres
00315,BANCO DE FORMOSA S.A.,100020000000,P A S I V O,439091221.0,N,2026,1,2026-01,balres
00315,BANCO DE FORMOSA S.A.,100020100000,Depósitos,360565553.0,N,2026,1,2026-01,balres
00315,BANCO DE FORMOSA S.A.,100020101000,Sector Público no financiero,185012958.0,N,2026,1,2026-01,balres
00315,BANCO DE FORMOSA S.A.,100020102000,Sector Financiero,248532.0,N,2026,1,2026-01,balres
00315,BANCO DE FORMOSA S.A.,100020103000,Sector Privado no Financiero y Residentes en el Ext.,175304063.0,N,2026,1,2026-01,balres
00315,BANCO DE FORMOSA S.A.,100020103001,Cuentas corrientes,27775446.0,N,2026,1,2026-01,balres
00315,BANCO DE FORMOSA S.A.,100020103005,Caja de ahorros,94910539.0,N,2026,1,2026-01,balres
00315,BANCO DE FORMOSA S.A.,100020103010,Plazo fijo e inversiones a plazo,41642758.0,N,2026,1,2026-01,balres
00315,BANCO DE FORMOSA S.A.,100020103015,Otros,10515180.0,N,2026,1,2026-01,balres
00315,BANCO DE FORMOSA S.A.,100020103020,Intereses y dif. cotiz. deveng. a pagar,460140.0,N,2026,1,2026-01,balres
00315,BANCO DE FORMOSA S.A.,100020200000,Otras Oblig.por Intermed. Financ.,24063149.0,N,2026,1,2026-01,balres
00315,BANCO DE FORMOSA S.A.,100020300000,Obligaciones Diversas,49876210.0,N,2026,1,2026-01,balres
00315,BANCO DE FORMOSA S.A.,100020400000,Provisiones,4525959.0,N,2026,1,2026-01,balres
00315,BANCO DE FORMOSA S.A.,100020600000,Partidas Pendientes de Imputación,60350.0,N,2026,1,2026-01,balres
00315,BANCO DE FORMOSA S.A.,100030000000,P A T R I M O N I O   N E T O,187104110.0,N,2026,1,2026-01,balres
00315,BANCO DE FORMOSA S.A.,100030100000,"Capital, Aportes, Reservas y ORI acumulado",169497760.0,N,2026,1,2026-01,balres
00315,BANCO DE FORMOSA S.A.,100030600000,Resultados no asignados,17606350.0,N,2026,1,2026-01,balres
00315,BANCO DE FORMOSA S.A.,100040000000,R D O S. I N T E G R A L E S  A C U M.  D E L  P E R I O D O,1152410.0,N,2026,1,2026-01,balres
00315,BANCO DE FORMOSA S.A.,100040100000,Ingresos financieros,17718031.0,N,2026,1,2026-01,balres
00315,BANCO DE FORMOSA S.A.,100040100005,Por Intereses,11307977.0,N,2026,1,2026-01,balres
00315,BANCO DE FORMOSA S.A.,100040100090,Otros Ingresos Financieros,6410054.0,N,2026,1,2026-01,balres
00315,BANCO DE FORMOSA S.A.,100040200000,Egresos financieros,-1770277.0,N,2026,1,2026-01,balres
00315,BANCO DE FORMOSA S.A.,100040200005,Por Intereses,-967668.0,N,2026,1,2026-01,balres
00315,BANCO DE FORMOSA S.A.,100040200090,Otros Egresos Financieros,-802609.0,N,2026,1,2026-01,balres
00315,BANCO DE FORMOSA S.A.,100040300000,Cargo por incobrabilidad,-1878338.0,N,2026,1,2026-01,balres
00315,BANCO DE FORMOSA S.A.,100040400000,Ingresos por servicios,1424684.0,N,2026,1,2026-01,balres
00315,BANCO DE FORMOSA S.A.,100040500000,Egresos por servicios,-157415.0,N,2026,1,2026-01,balres
00315,BANCO DE FORMOSA S.A.,100040700000,Gastos de administración,-10080128.0,N,2026,1,2026-01,balres
00315,BANCO DE FORMOSA S.A.,100040800000,Créditos recuperados y previsiones desafectadas,536450.0,N,2026,1,2026-01,balres
00315,BANCO DE FORMOSA S.A.,100041200000,Resultado monetario,-4063536.0,N,2026,1,2026-01,balres
00315,BANCO DE FORMOSA S.A.,100041300000,Otros,157695.0,N,2026,1,2026-01,balres
00315,BANCO DE FORMOSA S.A.,100041400000,Impuesto a las ganancias,-734756.0,N,2026,1,2026-01,balres
00315,BANCO DE FORMOSA S.A.,100050000000,PARTIDAS FUERA DE BALANCE,0.0,N,2026,1,2026-01,balres
00315,BANCO DE FORMOSA S.A.,100050100000,Créditos irrecuperables en partidas fuera del balance,3335027.0,N,2026,1,2026-01,balres
00315,BANCO DE FORMOSA S.A.,100050200000,Contingentes acreedoras,94407344.0,N,2026,1,2026-01,balres
00315,BANCO DE FORMOSA S.A.,100050300000,De Control acreedoras,0.0,N,2026,1,2026-01,balres
00315,BANCO DE FORMOSA S.A.,100050600000,Contingentes deudoras,169890713.0,N,2026,1,2026-01,balres
00315,BANCO DE FORMOSA S.A.,100050700000,De Control deudoras,31741458.0,N,2026,1,2026-01,balres
00315,BANCO DE FORMOSA S.A.,100050800000,De Derivados deudoras,1911780.0,N,2026,1,2026-01,balres
00315,BANCO DE FORMOSA S.A.,100050900000,De Actividad fiduciaria deudoras,1849819.0,N,2026,1,2026-01,balres
00319,BANCO CMF S.A.,100010000000,A C T I V O,983922207.0,N,2026,1,2026-01,balres
00319,BANCO CMF S.A.,100010100000,Efectivo y deposito en bancos,127302010.0,N,2026,1,2026-01,balres
00319,BANCO CMF S.A.,100010200000,Títulos Públicos y Privados,298686813.0,N,2026,1,2026-01,balres
00319,BANCO CMF S.A.,100010300000,Préstamos,400040442.0,N,2026,1,2026-01,balres
00319,BANCO CMF S.A.,100010301000,Sector Público no Financiero,14917.0,N,2026,1,2026-01,balres
00319,BANCO CMF S.A.,100010302000,Sector Financiero,37670203.0,N,2026,1,2026-01,balres
00319,BANCO CMF S.A.,100010303000,Sector Privado no Financiero y Residentes en el Ext.,379762940.0,N,2026,1,2026-01,balres
00319,BANCO CMF S.A.,100010303001,Adelantos,153704008.0,N,2026,1,2026-01,balres
00319,BANCO CMF S.A.,100010303005,"Doc a sola firma, descont. y comprados",121362075.0,N,2026,1,2026-01,balres
00319,BANCO CMF S.A.,100010303010,Hipotecarios,4813488.0,N,2026,1,2026-01,balres
00319,BANCO CMF S.A.,100010303015,Prendarios,721778.0,N,2026,1,2026-01,balres
00319,BANCO CMF S.A.,100010303030,Otros,99580699.0,N,2026,1,2026-01,balres
00319,BANCO CMF S.A.,100010303045,Intereses y dif. cotiz. deveng. a cobrar,5986142.0,N,2026,1,2026-01,balres
00319,BANCO CMF S.A.,100010303055,Intereses documentados,-5848887.0,N,2026,1,2026-01,balres
00319,BANCO CMF S.A.,100010303060,Ajustes NIIF,-556363.0,N,2026,1,2026-01,balres
00319,BANCO CMF S.A.,100010304000,Previsiones,-17407618.0,N,2026,1,2026-01,balres
00319,BANCO CMF S.A.,100010400000,Otros Cred.por Interm.Finan.,19425850.0,N,2026,1,2026-01,balres
00319,BANCO CMF S.A.,100010500000,Credito por arrendamiento financiero,9788143.0,N,2026,1,2026-01,balres
00319,BANCO CMF S.A.,100010600000,Part. en otras Sociedades,76931770.0,N,2026,1,2026-01,balres
00319,BANCO CMF S.A.,100010600005,En entidades financieras,60442332.0,N,2026,1,2026-01,balres
00319,BANCO CMF S.A.,100010600020,Otras,16489438.0,N,2026,1,2026-01,balres
00319,BANCO CMF S.A.,100010700000,Créditos Diversos,20344642.0,N,2026,1,2026-01,balres
00319,BANCO CMF S.A.,100010800000,"Propiedad, plantas y equipo",31108942.0,N,2026,1,2026-01,balres
00319,BANCO CMF S.A.,100010900000,Bienes Diversos,293595.0,N,2026,1,2026-01,balres
00319,BANCO CMF S.A.,100011000000,Activos Intangibles,0.0,N,2026,1,2026-01,balres
00319,BANCO CMF S.A.,100020000000,P A S I V O,735483748.0,N,2026,1,2026-01,balres
00319,BANCO CMF S.A.,100020100000,Depósitos,585461062.0,N,2026,1,2026-01,balres
00319,BANCO CMF S.A.,100020101000,Sector Público no financiero,9670.0,N,2026,1,2026-01,balres
00319,BANCO CMF S.A.,100020102000,Sector Financiero,2161.0,N,2026,1,2026-01,balres
00319,BANCO CMF S.A.,100020103000,Sector Privado no Financiero y Residentes en el Ext.,585449231.0,N,2026,1,2026-01,balres
00319,BANCO CMF S.A.,100020103001,Cuentas corrientes,140427212.0,N,2026,1,2026-01,balres
00319,BANCO CMF S.A.,100020103005,Caja de ahorros,280460790.0,N,2026,1,2026-01,balres
00319,BANCO CMF S.A.,100020103010,Plazo fijo e inversiones a plazo,137468444.0,N,2026,1,2026-01,balres
00319,BANCO CMF S.A.,100020103015,Otros,26078403.0,N,2026,1,2026-01,balres
00319,BANCO CMF S.A.,100020103020,Intereses y dif. cotiz. deveng. a pagar,1014382.0,N,2026,1,2026-01,balres
00319,BANCO CMF S.A.,100020200000,Otras Oblig.por Intermed. Financ.,124758002.0,N,2026,1,2026-01,balres
00319,BANCO CMF S.A.,100020300000,Obligaciones Diversas,25178286.0,N,2026,1,2026-01,balres
00319,BANCO CMF S.A.,100020400000,Provisiones,86398.0,N,2026,1,2026-01,balres
00319,BANCO CMF S.A.,100030000000,P A T R I M O N I O   N E T O,248438459.0,N,2026,1,2026-01,balres
00319,BANCO CMF S.A.,100030100000,"Capital, Aportes, Reservas y ORI acumulado",202575078.0,N,2026,1,2026-01,balres
00319,BANCO CMF S.A.,100030600000,Resultados no asignados,45863381.0,N,2026,1,2026-01,balres
00319,BANCO CMF S.A.,100040000000,R D O S. I N T E G R A L E S  A C U M.  D E L  P E R I O D O,-381382.0,N,2026,1,2026-01,balres
00319,BANCO CMF S.A.,100040100000,Ingresos financieros,19274712.0,N,2026,1,2026-01,balres
00319,BANCO CMF S.A.,100040100005,Por Intereses,13981256.0,N,2026,1,2026-01,balres
00319,BANCO CMF S.A.,100040100090,Otros Ingresos Financieros,5293456.0,N,2026,1,2026-01,balres
00319,BANCO CMF S.A.,100040200000,Egresos financieros,-11617480.0,N,2026,1,2026-01,balres
00319,BANCO CMF S.A.,100040200005,Por Intereses,-7967605.0,N,2026,1,2026-01,balres
00319,BANCO CMF S.A.,100040200090,Otros Egresos Financieros,-3649875.0,N,2026,1,2026-01,balres
00319,BANCO CMF S.A.,100040300000,Cargo por incobrabilidad,-808254.0,N,2026,1,2026-01,balres
00319,BANCO CMF S.A.,100040400000,Ingresos por servicios,1957478.0,N,2026,1,2026-01,balres
00319,BANCO CMF S.A.,100040500000,Egresos por servicios,-728448.0,N,2026,1,2026-01,balres
00319,BANCO CMF S.A.,100040700000,Gastos de administración,-4628071.0,N,2026,1,2026-01,balres
00319,BANCO CMF S.A.,100040800000,Créditos recuperados y previsiones desafectadas,0.0,N,2026,1,2026-01,balres
00319,BANCO CMF S.A.,100041200000,Resultado monetario,-3932298.0,N,2026,1,2026-01,balres
00319,BANCO CMF S.A.,100041300000,Otros,2151648.0,N,2026,1,2026-01,balres
00319,BANCO CMF S.A.,100041400000,Impuesto a las ganancias,137691.0,N,2026,1,2026-01,balres
00319,BANCO CMF S.A.,100041500000,Otro resultado integral,-2188360.0,N,2026,1,2026-01,balres
00319,BANCO CMF S.A.,100050000000,PARTIDAS FUERA DE BALANCE,0.0,N,2026,1,2026-01,balres
00319,BANCO CMF S.A.,100050100000,Créditos irrecuperables en partidas fuera del balance,822136.0,N,2026,1,2026-01,balres
00319,BANCO CMF S.A.,100050200000,Contingentes acreedoras,69557456.0,N,2026,1,2026-01,balres
00319,BANCO CMF S.A.,100050300000,De Control acreedoras,6203612.0,N,2026,1,2026-01,balres
00319,BANCO CMF S.A.,100050400000,De Derivados acreedoras,32410774.0,N,2026,1,2026-01,balres
00319,BANCO CMF S.A.,100050600000,Contingentes deudoras,546815704.0,N,2026,1,2026-01,balres
00319,BANCO CMF S.A.,100050700000,De Control deudoras,88788867.0,N,2026,1,2026-01,balres
00319,BANCO CMF S.A.,100050800000,De Derivados deudoras,85975418.0,N,2026,1,2026-01,balres
00319,BANCO CMF S.A.,100050900000,De Actividad fiduciaria deudoras,19483335.0,N,2026,1,2026-01,balres
00321,BANCO DE SANTIAGO DEL ESTERO S.A.,100010000000,A C T I V O,1623985956.0,N,2026,1,2026-01,balres
00321,BANCO DE SANTIAGO DEL ESTERO S.A.,100010100000,Efectivo y deposito en bancos,117992415.0,N,2026,1,2026-01,balres
00321,BANCO DE SANTIAGO DEL ESTERO S.A.,100010200000,Títulos Públicos y Privados,824008991.0,N,2026,1,2026-01,balres
00321,BANCO DE SANTIAGO DEL ESTERO S.A.,100010300000,Préstamos,489364160.0,N,2026,1,2026-01,balres
00321,BANCO DE SANTIAGO DEL ESTERO S.A.,100010302000,Sector Financiero,175118686.0,N,2026,1,2026-01,balres
00321,BANCO DE SANTIAGO DEL ESTERO S.A.,100010303000,Sector Privado no Financiero y Residentes en el Ext.,341471619.0,N,2026,1,2026-01,balres
00321,BANCO DE SANTIAGO DEL ESTERO S.A.,100010303001,Adelantos,7502017.0,N,2026,1,2026-01,balres
00321,BANCO DE SANTIAGO DEL ESTERO S.A.,100010303005,"Doc a sola firma, descont. y comprados",1004996.0,N,2026,1,2026-01,balres
00321,BANCO DE SANTIAGO DEL ESTERO S.A.,100010303020,Personales,173992592.0,N,2026,1,2026-01,balres
00321,BANCO DE SANTIAGO DEL ESTERO S.A.,100010303030,Otros,157797447.0,N,2026,1,2026-01,balres
00321,BANCO DE SANTIAGO DEL ESTERO S.A.,100010303045,Intereses y dif. cotiz. deveng. a cobrar,9444036.0,N,2026,1,2026-01,balres
00321,BANCO DE SANTIAGO DEL ESTERO S.A.,100010303055,Intereses documentados,-8911.0,N,2026,1,2026-01,balres
00321,BANCO DE SANTIAGO DEL ESTERO S.A.,100010303060,Ajustes NIIF,-8260558.0,N,2026,1,2026-01,balres
00321,BANCO DE SANTIAGO DEL ESTERO S.A.,100010304000,Previsiones,-27226145.0,N,2026,1,2026-01,balres
00321,BANCO DE SANTIAGO DEL ESTERO S.A.,100010400000,Otros Cred.por Interm.Finan.,31432401.0,N,2026,1,2026-01,balres
00321,BANCO DE SANTIAGO DEL ESTERO S.A.,100010600000,Part. en otras Sociedades,648242.0,N,2026,1,2026-01,balres
00321,BANCO DE SANTIAGO DEL ESTERO S.A.,100010600020,Otras,648242.0,N,2026,1,2026-01,balres
00321,BANCO DE SANTIAGO DEL ESTERO S.A.,100010700000,Créditos Diversos,37063792.0,N,2026,1,2026-01,balres
00321,BANCO DE SANTIAGO DEL ESTERO S.A.,100010800000,"Propiedad, plantas y equipo",100932403.0,N,2026,1,2026-01,balres
00321,BANCO DE SANTIAGO DEL ESTERO S.A.,100010900000,Bienes Diversos,11326135.0,N,2026,1,2026-01,balres
00321,BANCO DE SANTIAGO DEL ESTERO S.A.,100011000000,Activos Intangibles,1727052.0,N,2026,1,2026-01,balres
00321,BANCO DE SANTIAGO DEL ESTERO S.A.,100011200000,Partidas Pend. de Imputación,9490365.0,N,2026,1,2026-01,balres
00321,BANCO DE SANTIAGO DEL ESTERO S.A.,100020000000,P A S I V O,872916584.0,N,2026,1,2026-01,balres
00321,BANCO DE SANTIAGO DEL ESTERO S.A.,100020100000,Depósitos,714272045.0,N,2026,1,2026-01,balres
00321,BANCO DE SANTIAGO DEL ESTERO S.A.,100020101000,Sector Público no financiero,392457480.0,N,2026,1,2026-01,balres
00321,BANCO DE SANTIAGO DEL ESTERO S.A.,100020103000,Sector Privado no Financiero y Residentes en el Ext.,321814565.0,N,2026,1,2026-01,balres
00321,BANCO DE SANTIAGO DEL ESTERO S.A.,100020103001,Cuentas corrientes,58137559.0,N,2026,1,2026-01,balres
00321,BANCO DE SANTIAGO DEL ESTERO S.A.,100020103005,Caja de ahorros,162859255.0,N,2026,1,2026-01,balres
00321,BANCO DE SANTIAGO DEL ESTERO S.A.,100020103010,Plazo fijo e inversiones a plazo,95032602.0,N,2026,1,2026-01,balres
00321,BANCO DE SANTIAGO DEL ESTERO S.A.,100020103015,Otros,4681046.0,N,2026,1,2026-01,balres
00321,BANCO DE SANTIAGO DEL ESTERO S.A.,100020103020,Intereses y dif. cotiz. deveng. a pagar,1104103.0,N,2026,1,2026-01,balres
00321,BANCO DE SANTIAGO DEL ESTERO S.A.,100020200000,Otras Oblig.por Intermed. Financ.,7335839.0,N,2026,1,2026-01,balres
00321,BANCO DE SANTIAGO DEL ESTERO S.A.,100020300000,Obligaciones Diversas,140494530.0,N,2026,1,2026-01,balres
00321,BANCO DE SANTIAGO DEL ESTERO S.A.,100020400000,Provisiones,633645.0,N,2026,1,2026-01,balres
00321,BANCO DE SANTIAGO DEL ESTERO S.A.,100020600000,Partidas Pendientes de Imputación,10180525.0,N,2026,1,2026-01,balres
00321,BANCO DE SANTIAGO DEL ESTERO S.A.,100030000000,P A T R I M O N I O   N E T O,751069372.0,N,2026,1,2026-01,balres
00321,BANCO DE SANTIAGO DEL ESTERO S.A.,100030100000,"Capital, Aportes, Reservas y ORI acumulado",518597237.0,N,2026,1,2026-01,balres
00321,BANCO DE SANTIAGO DEL ESTERO S.A.,100030600000,Resultados no asignados,232472135.0,N,2026,1,2026-01,balres
00321,BANCO DE SANTIAGO DEL ESTERO S.A.,100040000000,R D O S. I N T E G R A L E S  A C U M.  D E L  P E R I O D O,6168731.0,N,2026,1,2026-01,balres
00321,BANCO DE SANTIAGO DEL ESTERO S.A.,100040100000,Ingresos financieros,42983731.0,N,2026,1,2026-01,balres
00321,BANCO DE SANTIAGO DEL ESTERO S.A.,100040100005,Por Intereses,39910857.0,N,2026,1,2026-01,balres
00321,BANCO DE SANTIAGO DEL ESTERO S.A.,100040100090,Otros Ingresos Financieros,3072874.0,N,2026,1,2026-01,balres
00321,BANCO DE SANTIAGO DEL ESTERO S.A.,100040200000,Egresos financieros,-6621553.0,N,2026,1,2026-01,balres
00321,BANCO DE SANTIAGO DEL ESTERO S.A.,100040200005,Por Intereses,-5817572.0,N,2026,1,2026-01,balres
00321,BANCO DE SANTIAGO DEL ESTERO S.A.,100040200090,Otros Egresos Financieros,-803981.0,N,2026,1,2026-01,balres
00321,BANCO DE SANTIAGO DEL ESTERO S.A.,100040300000,Cargo por incobrabilidad,-2113722.0,N,2026,1,2026-01,balres
00321,BANCO DE SANTIAGO DEL ESTERO S.A.,100040400000,Ingresos por servicios,4400331.0,N,2026,1,2026-01,balres
00321,BANCO DE SANTIAGO DEL ESTERO S.A.,100040500000,Egresos por servicios,-2437657.0,N,2026,1,2026-01,balres
00321,BANCO DE SANTIAGO DEL ESTERO S.A.,100040700000,Gastos de administración,-10116680.0,N,2026,1,2026-01,balres
00321,BANCO DE SANTIAGO DEL ESTERO S.A.,100040800000,Créditos recuperados y previsiones desafectadas,48968.0,N,2026,1,2026-01,balres
00321,BANCO DE SANTIAGO DEL ESTERO S.A.,100041200000,Resultado monetario,-17954036.0,N,2026,1,2026-01,balres
00321,BANCO DE SANTIAGO DEL ESTERO S.A.,100041300000,Otros,-635434.0,N,2026,1,2026-01,balres
00321,BANCO DE SANTIAGO DEL ESTERO S.A.,100041400000,Impuesto a las ganancias,-1385217.0,N,2026,1,2026-01,balres
00321,BANCO DE SANTIAGO DEL ESTERO S.A.,100050000000,PARTIDAS FUERA DE BALANCE,0.0,N,2026,1,2026-01,balres
00321,BANCO DE SANTIAGO DEL ESTERO S.A.,100050100000,Créditos irrecuperables en partidas fuera del balance,2766230.0,N,2026,1,2026-01,balres
00321,BANCO DE SANTIAGO DEL ESTERO S.A.,100050200000,Contingentes acreedoras,1371623103.0,N,2026,1,2026-01,balres
00321,BANCO DE SANTIAGO DEL ESTERO S.A.,100050600000,Contingentes deudoras,148662342.0,N,2026,1,2026-01,balres
00321,BANCO DE SANTIAGO DEL ESTERO S.A.,100050700000,De Control deudoras,98161619.0,N,2026,1,2026-01,balres
00321,BANCO DE SANTIAGO DEL ESTERO S.A.,100050900000,De Actividad fiduciaria deudoras,6529921.0,N,2026,1,2026-01,balres
00322,BANCO INDUSTRIAL S.A.,100010000000,A C T I V O,3377338718.0,N,2026,1,2026-01,balres
00322,BANCO INDUSTRIAL S.A.,100010100000,Efectivo y deposito en bancos,968989233.0,N,2026,1,2026-01,balres
00322,BANCO INDUSTRIAL S.A.,100010200000,Títulos Públicos y Privados,811261149.0,N,2026,1,2026-01,balres
00322,BANCO INDUSTRIAL S.A.,100010300000,Préstamos,1036125619.0,N,2026,1,2026-01,balres
00322,BANCO INDUSTRIAL S.A.,100010301000,Sector Público no Financiero,0.0,N,2026,1,2026-01,balres
00322,BANCO INDUSTRIAL S.A.,100010302000,Sector Financiero,344618383.0,N,2026,1,2026-01,balres
00322,BANCO INDUSTRIAL S.A.,100010303000,Sector Privado no Financiero y Residentes en el Ext.,721071589.0,N,2026,1,2026-01,balres
00322,BANCO INDUSTRIAL S.A.,100010303001,Adelantos,71313070.0,N,2026,1,2026-01,balres
00322,BANCO INDUSTRIAL S.A.,100010303005,"Doc a sola firma, descont. y comprados",378981564.0,N,2026,1,2026-01,balres
00322,BANCO INDUSTRIAL S.A.,100010303020,Personales,99870839.0,N,2026,1,2026-01,balres
00322,BANCO INDUSTRIAL S.A.,100010303030,Otros,157313938.0,N,2026,1,2026-01,balres
00322,BANCO INDUSTRIAL S.A.,100010303045,Intereses y dif. cotiz. deveng. a cobrar,20676299.0,N,2026,1,2026-01,balres
00322,BANCO INDUSTRIAL S.A.,100010303055,Intereses documentados,-12845821.0,N,2026,1,2026-01,balres
00322,BANCO INDUSTRIAL S.A.,100010303060,Ajustes NIIF,5761700.0,N,2026,1,2026-01,balres
00322,BANCO INDUSTRIAL S.A.,100010304000,Previsiones,-29564353.0,N,2026,1,2026-01,balres
00322,BANCO INDUSTRIAL S.A.,100010400000,Otros Cred.por Interm.Finan.,170257986.0,N,2026,1,2026-01,balres
00322,BANCO INDUSTRIAL S.A.,100010500000,Credito por arrendamiento financiero,3089922.0,N,2026,1,2026-01,balres
00322,BANCO INDUSTRIAL S.A.,100010700000,Créditos Diversos,123136318.0,N,2026,1,2026-01,balres
00322,BANCO INDUSTRIAL S.A.,100010800000,"Propiedad, plantas y equipo",199570831.0,N,2026,1,2026-01,balres
00322,BANCO INDUSTRIAL S.A.,100010900000,Bienes Diversos,3291297.0,N,2026,1,2026-01,balres
00322,BANCO INDUSTRIAL S.A.,100011000000,Activos Intangibles,0.0,N,2026,1,2026-01,balres
00322,BANCO INDUSTRIAL S.A.,100011200000,Partidas Pend. de Imputación,61616363.0,N,2026,1,2026-01,balres
00322,BANCO INDUSTRIAL S.A.,100020000000,P A S I V O,2939873588.0,N,2026,1,2026-01,balres
00322,BANCO INDUSTRIAL S.A.,100020100000,Depósitos,2609970611.0,N,2026,1,2026-01,balres
00322,BANCO INDUSTRIAL S.A.,100020101000,Sector Público no financiero,726233.0,N,2026,1,2026-01,balres
00322,BANCO INDUSTRIAL S.A.,100020102000,Sector Financiero,33046311.0,N,2026,1,2026-01,balres
00322,BANCO INDUSTRIAL S.A.,100020103000,Sector Privado no Financiero y Residentes en el Ext.,2576198067.0,N,2026,1,2026-01,balres
00322,BANCO INDUSTRIAL S.A.,100020103001,Cuentas corrientes,1249026693.0,N,2026,1,2026-01,balres
00322,BANCO INDUSTRIAL S.A.,100020103005,Caja de ahorros,803060136.0,N,2026,1,2026-01,balres
00322,BANCO INDUSTRIAL S.A.,100020103010,Plazo fijo e inversiones a plazo,493838199.0,N,2026,1,2026-01,balres
00322,BANCO INDUSTRIAL S.A.,100020103015,Otros,5257410.0,N,2026,1,2026-01,balres
00322,BANCO INDUSTRIAL S.A.,100020103020,Intereses y dif. cotiz. deveng. a pagar,25015629.0,N,2026,1,2026-01,balres
00322,BANCO INDUSTRIAL S.A.,100020200000,Otras Oblig.por Intermed. Financ.,139359045.0,N,2026,1,2026-01,balres
00322,BANCO INDUSTRIAL S.A.,100020300000,Obligaciones Diversas,188354562.0,N,2026,1,2026-01,balres
00322,BANCO INDUSTRIAL S.A.,100020400000,Provisiones,2015369.0,N,2026,1,2026-01,balres
00322,BANCO INDUSTRIAL S.A.,100020600000,Partidas Pendientes de Imputación,174001.0,N,2026,1,2026-01,balres
00322,BANCO INDUSTRIAL S.A.,100030000000,P A T R I M O N I O   N E T O,437465130.0,N,2026,1,2026-01,balres
00322,BANCO INDUSTRIAL S.A.,100030100000,"Capital, Aportes, Reservas y ORI acumulado",353386827.0,N,2026,1,2026-01,balres
00322,BANCO INDUSTRIAL S.A.,100030600000,Resultados no asignados,84078303.0,N,2026,1,2026-01,balres
00322,BANCO INDUSTRIAL S.A.,100040000000,R D O S. I N T E G R A L E S  A C U M.  D E L  P E R I O D O,4501356.0,N,2026,1,2026-01,balres
00322,BANCO INDUSTRIAL S.A.,100040100000,Ingresos financieros,51535375.0,N,2026,1,2026-01,balres
00322,BANCO INDUSTRIAL S.A.,100040100005,Por Intereses,38215849.0,N,2026,1,2026-01,balres
00322,BANCO INDUSTRIAL S.A.,100040100090,Otros Ingresos Financieros,13319526.0,N,2026,1,2026-01,balres
00322,BANCO INDUSTRIAL S.A.,100040200000,Egresos financieros,-29206488.0,N,2026,1,2026-01,balres
00322,BANCO INDUSTRIAL S.A.,100040200005,Por Intereses,-26279635.0,N,2026,1,2026-01,balres
00322,BANCO INDUSTRIAL S.A.,100040200090,Otros Egresos Financieros,-2926853.0,N,2026,1,2026-01,balres
00322,BANCO INDUSTRIAL S.A.,100040300000,Cargo por incobrabilidad,-461166.0,N,2026,1,2026-01,balres
00322,BANCO INDUSTRIAL S.A.,100040400000,Ingresos por servicios,8392178.0,N,2026,1,2026-01,balres
00322,BANCO INDUSTRIAL S.A.,100040500000,Egresos por servicios,-3383738.0,N,2026,1,2026-01,balres
00322,BANCO INDUSTRIAL S.A.,100040700000,Gastos de administración,-14825916.0,N,2026,1,2026-01,balres
00322,BANCO INDUSTRIAL S.A.,100040800000,Créditos recuperados y previsiones desafectadas,53337.0,N,2026,1,2026-01,balres
00322,BANCO INDUSTRIAL S.A.,100041200000,Resultado monetario,-6268462.0,N,2026,1,2026-01,balres
00322,BANCO INDUSTRIAL S.A.,100041300000,Otros,-1333764.0,N,2026,1,2026-01,balres
00322,BANCO INDUSTRIAL S.A.,100041400000,Impuesto a las ganancias,0.0,N,2026,1,2026-01,balres
00322,BANCO INDUSTRIAL S.A.,100050000000,PARTIDAS FUERA DE BALANCE,0.0,N,2026,1,2026-01,balres
00322,BANCO INDUSTRIAL S.A.,100050100000,Créditos irrecuperables en partidas fuera del balance,6654938.0,N,2026,1,2026-01,balres
00322,BANCO INDUSTRIAL S.A.,100050200000,Contingentes acreedoras,181007059.0,N,2026,1,2026-01,balres
00322,BANCO INDUSTRIAL S.A.,100050300000,De Control acreedoras,34148469.0,N,2026,1,2026-01,balres
00322,BANCO INDUSTRIAL S.A.,100050400000,De Derivados acreedoras,152870320.0,N,2026,1,2026-01,balres
00322,BANCO INDUSTRIAL S.A.,100050600000,Contingentes deudoras,1555466392.0,N,2026,1,2026-01,balres
00322,BANCO INDUSTRIAL S.A.,100050700000,De Control deudoras,8679459164.0,N,2026,1,2026-01,balres
00322,BANCO INDUSTRIAL S.A.,100050800000,De Derivados deudoras,137006019.0,N,2026,1,2026-01,balres
00330,NUEVO BANCO DE SANTA FE SOCIEDAD ANONIMA,100010000000,A C T I V O,3744911303.0,N,2026,1,2026-01,balres
00330,NUEVO BANCO DE SANTA FE SOCIEDAD ANONIMA,100010100000,Efectivo y deposito en bancos,298644094.0,N,2026,1,2026-01,balres
00330,NUEVO BANCO DE SANTA FE SOCIEDAD ANONIMA,100010200000,Títulos Públicos y Privados,967427088.0,N,2026,1,2026-01,balres
00330,NUEVO BANCO DE SANTA FE SOCIEDAD ANONIMA,100010300000,Préstamos,1887165842.0,N,2026,1,2026-01,balres
00330,NUEVO BANCO DE SANTA FE SOCIEDAD ANONIMA,100010301000,Sector Público no Financiero,13110373.0,N,2026,1,2026-01,balres
00330,NUEVO BANCO DE SANTA FE SOCIEDAD ANONIMA,100010302000,Sector Financiero,42739501.0,N,2026,1,2026-01,balres
00330,NUEVO BANCO DE SANTA FE SOCIEDAD ANONIMA,100010303000,Sector Privado no Financiero y Residentes en el Ext.,1888989177.0,N,2026,1,2026-01,balres
00330,NUEVO BANCO DE SANTA FE SOCIEDAD ANONIMA,100010303001,Adelantos,116313972.0,N,2026,1,2026-01,balres
00330,NUEVO BANCO DE SANTA FE SOCIEDAD ANONIMA,100010303005,"Doc a sola firma, descont. y comprados",678804850.0,N,2026,1,2026-01,balres
00330,NUEVO BANCO DE SANTA FE SOCIEDAD ANONIMA,100010303010,Hipotecarios,57730095.0,N,2026,1,2026-01,balres
00330,NUEVO BANCO DE SANTA FE SOCIEDAD ANONIMA,100010303015,Prendarios,58426391.0,N,2026,1,2026-01,balres
00330,NUEVO BANCO DE SANTA FE SOCIEDAD ANONIMA,100010303020,Personales,471044887.0,N,2026,1,2026-01,balres
00330,NUEVO BANCO DE SANTA FE SOCIEDAD ANONIMA,100010303030,Otros,451819784.0,N,2026,1,2026-01,balres
00330,NUEVO BANCO DE SANTA FE SOCIEDAD ANONIMA,100010303045,Intereses y dif. cotiz. deveng. a cobrar,73678872.0,N,2026,1,2026-01,balres
00330,NUEVO BANCO DE SANTA FE SOCIEDAD ANONIMA,100010303050,Cobros no aplicados,-619159.0,N,2026,1,2026-01,balres
00330,NUEVO BANCO DE SANTA FE SOCIEDAD ANONIMA,100010303055,Intereses documentados,-15402453.0,N,2026,1,2026-01,balres
00330,NUEVO BANCO DE SANTA FE SOCIEDAD ANONIMA,100010303060,Ajustes NIIF,-2808062.0,N,2026,1,2026-01,balres
00330,NUEVO BANCO DE SANTA FE SOCIEDAD ANONIMA,100010304000,Previsiones,-57673209.0,N,2026,1,2026-01,balres
00330,NUEVO BANCO DE SANTA FE SOCIEDAD ANONIMA,100010400000,Otros Cred.por Interm.Finan.,183361727.0,N,2026,1,2026-01,balres
00330,NUEVO BANCO DE SANTA FE SOCIEDAD ANONIMA,100010500000,Credito por arrendamiento financiero,2620389.0,N,2026,1,2026-01,balres
00330,NUEVO BANCO DE SANTA FE SOCIEDAD ANONIMA,100010600000,Part. en otras Sociedades,257651.0,N,2026,1,2026-01,balres
00330,NUEVO BANCO DE SANTA FE SOCIEDAD ANONIMA,100010600005,En entidades financieras,0.0,N,2026,1,2026-01,balres
00330,NUEVO BANCO DE SANTA FE SOCIEDAD ANONIMA,100010600020,Otras,257651.0,N,2026,1,2026-01,balres
00330,NUEVO BANCO DE SANTA FE SOCIEDAD ANONIMA,100010700000,Créditos Diversos,75362918.0,N,2026,1,2026-01,balres
00330,NUEVO BANCO DE SANTA FE SOCIEDAD ANONIMA,100010800000,"Propiedad, plantas y equipo",241100650.0,N,2026,1,2026-01,balres
00330,NUEVO BANCO DE SANTA FE SOCIEDAD ANONIMA,100010900000,Bienes Diversos,53534965.0,N,2026,1,2026-01,balres
00330,NUEVO BANCO DE SANTA FE SOCIEDAD ANONIMA,100011000000,Activos Intangibles,35194743.0,N,2026,1,2026-01,balres
00330,NUEVO BANCO DE SANTA FE SOCIEDAD ANONIMA,100011200000,Partidas Pend. de Imputación,241236.0,N,2026,1,2026-01,balres
00330,NUEVO BANCO DE SANTA FE SOCIEDAD ANONIMA,100020000000,P A S I V O,3256759683.0,N,2026,1,2026-01,balres
00330,NUEVO BANCO DE SANTA FE SOCIEDAD ANONIMA,100020100000,Depósitos,2927381935.0,N,2026,1,2026-01,balres
00330,NUEVO BANCO DE SANTA FE SOCIEDAD ANONIMA,100020101000,Sector Público no financiero,595464527.0,N,2026,1,2026-01,balres
00330,NUEVO BANCO DE SANTA FE SOCIEDAD ANONIMA,100020102000,Sector Financiero,262696.0,N,2026,1,2026-01,balres
00330,NUEVO BANCO DE SANTA FE SOCIEDAD ANONIMA,100020103000,Sector Privado no Financiero y Residentes en el Ext.,2331654712.0,N,2026,1,2026-01,balres
00330,NUEVO BANCO DE SANTA FE SOCIEDAD ANONIMA,100020103001,Cuentas corrientes,150413623.0,N,2026,1,2026-01,balres
00330,NUEVO BANCO DE SANTA FE SOCIEDAD ANONIMA,100020103005,Caja de ahorros,895395919.0,N,2026,1,2026-01,balres
00330,NUEVO BANCO DE SANTA FE SOCIEDAD ANONIMA,100020103010,Plazo fijo e inversiones a plazo,1212735691.0,N,2026,1,2026-01,balres
00330,NUEVO BANCO DE SANTA FE SOCIEDAD ANONIMA,100020103015,Otros,55531013.0,N,2026,1,2026-01,balres
00330,NUEVO BANCO DE SANTA FE SOCIEDAD ANONIMA,100020103020,Intereses y dif. cotiz. deveng. a pagar,17578466.0,N,2026,1,2026-01,balres
00330,NUEVO BANCO DE SANTA FE SOCIEDAD ANONIMA,100020200000,Otras Oblig.por Intermed. Financ.,223546848.0,N,2026,1,2026-01,balres
00330,NUEVO BANCO DE SANTA FE SOCIEDAD ANONIMA,100020300000,Obligaciones Diversas,98588114.0,N,2026,1,2026-01,balres
00330,NUEVO BANCO DE SANTA FE SOCIEDAD ANONIMA,100020400000,Provisiones,6540972.0,N,2026,1,2026-01,balres
00330,NUEVO BANCO DE SANTA FE SOCIEDAD ANONIMA,100020600000,Partidas Pendientes de Imputación,701814.0,N,2026,1,2026-01,balres
00330,NUEVO BANCO DE SANTA FE SOCIEDAD ANONIMA,100030000000,P A T R I M O N I O   N E T O,488151620.0,N,2026,1,2026-01,balres
00330,NUEVO BANCO DE SANTA FE SOCIEDAD ANONIMA,100030100000,"Capital, Aportes, Reservas y ORI acumulado",481846657.0,N,2026,1,2026-01,balres
00330,NUEVO BANCO DE SANTA FE SOCIEDAD ANONIMA,100030600000,Resultados no asignados,6304963.0,N,2026,1,2026-01,balres
00330,NUEVO BANCO DE SANTA FE SOCIEDAD ANONIMA,100040000000,R D O S. I N T E G R A L E S  A C U M.  D E L  P E R I O D O,233442.0,N,2026,1,2026-01,balres
00330,NUEVO BANCO DE SANTA FE SOCIEDAD ANONIMA,100040100000,Ingresos financieros,94722635.0,N,2026,1,2026-01,balres
00330,NUEVO BANCO DE SANTA FE SOCIEDAD ANONIMA,100040100005,Por Intereses,84888094.0,N,2026,1,2026-01,balres
00330,NUEVO BANCO DE SANTA FE SOCIEDAD ANONIMA,100040100090,Otros Ingresos Financieros,9834541.0,N,2026,1,2026-01,balres
00330,NUEVO BANCO DE SANTA FE SOCIEDAD ANONIMA,100040200000,Egresos financieros,-53089414.0,N,2026,1,2026-01,balres
00330,NUEVO BANCO DE SANTA FE SOCIEDAD ANONIMA,100040200005,Por Intereses,-43898148.0,N,2026,1,2026-01,balres
00330,NUEVO BANCO DE SANTA FE SOCIEDAD ANONIMA,100040200090,Otros Egresos Financieros,-9191266.0,N,2026,1,2026-01,balres
00330,NUEVO BANCO DE SANTA FE SOCIEDAD ANONIMA,100040300000,Cargo por incobrabilidad,-13919434.0,N,2026,1,2026-01,balres
00330,NUEVO BANCO DE SANTA FE SOCIEDAD ANONIMA,100040400000,Ingresos por servicios,14221563.0,N,2026,1,2026-01,balres
00330,NUEVO BANCO DE SANTA FE SOCIEDAD ANONIMA,100040500000,Egresos por servicios,-10205668.0,N,2026,1,2026-01,balres
00330,NUEVO BANCO DE SANTA FE SOCIEDAD ANONIMA,100040700000,Gastos de administración,-30035239.0,N,2026,1,2026-01,balres
00330,NUEVO BANCO DE SANTA FE SOCIEDAD ANONIMA,100040800000,Créditos recuperados y previsiones desafectadas,5070377.0,N,2026,1,2026-01,balres
00330,NUEVO BANCO DE SANTA FE SOCIEDAD ANONIMA,100041200000,Resultado monetario,-5245832.0,N,2026,1,2026-01,balres
00330,NUEVO BANCO DE SANTA FE SOCIEDAD ANONIMA,100041300000,Otros,-258241.0,N,2026,1,2026-01,balres
00330,NUEVO BANCO DE SANTA FE SOCIEDAD ANONIMA,100041400000,Impuesto a las ganancias,-1027305.0,N,2026,1,2026-01,balres
00330,NUEVO BANCO DE SANTA FE SOCIEDAD ANONIMA,100041500000,Otro resultado integral,0.0,N,2026,1,2026-01,balres
00330,NUEVO BANCO DE SANTA FE SOCIEDAD ANONIMA,100050000000,PARTIDAS FUERA DE BALANCE,0.0,N,2026,1,2026-01,balres
00330,NUEVO BANCO DE SANTA FE SOCIEDAD ANONIMA,100050100000,Créditos irrecuperables en partidas fuera del balance,7508016.0,N,2026,1,2026-01,balres
00330,NUEVO BANCO DE SANTA FE SOCIEDAD ANONIMA,100050200000,Contingentes acreedoras,1635726613.0,N,2026,1,2026-01,balres
00330,NUEVO BANCO DE SANTA FE SOCIEDAD ANONIMA,100050400000,De Derivados acreedoras,0.0,N,2026,1,2026-01,balres
00330,NUEVO BANCO DE SANTA FE SOCIEDAD ANONIMA,100050600000,Contingentes deudoras,474668214.0,N,2026,1,2026-01,balres
00330,NUEVO BANCO DE SANTA FE SOCIEDAD ANONIMA,100050700000,De Control deudoras,1338530640.0,N,2026,1,2026-01,balres
00330,NUEVO BANCO DE SANTA FE SOCIEDAD ANONIMA,100050800000,De Derivados deudoras,0.0,N,2026,1,2026-01,balres
00330,NUEVO BANCO DE SANTA FE SOCIEDAD ANONIMA,100050900000,De Actividad fiduciaria deudoras,242163.0,N,2026,1,2026-01,balres
00331,BANCO CETELEM ARGENTINA S.A.,100010000000,A C T I V O,6583286.0,N,2026,1,2026-01,balres
00331,BANCO CETELEM ARGENTINA S.A.,100010100000,Efectivo y deposito en bancos,1529642.0,N,2026,1,2026-01,balres
00331,BANCO CETELEM ARGENTINA S.A.,100010200000,Títulos Públicos y Privados,310.0,N,2026,1,2026-01,balres
00331,BANCO CETELEM ARGENTINA S.A.,100010300000,Préstamos,4890849.0,N,2026,1,2026-01,balres
00331,BANCO CETELEM ARGENTINA S.A.,100010302000,Sector Financiero,4890849.0,N,2026,1,2026-01,balres
00331,BANCO CETELEM ARGENTINA S.A.,100010400000,Otros Cred.por Interm.Finan.,48.0,N,2026,1,2026-01,balres
00331,BANCO CETELEM ARGENTINA S.A.,100010700000,Créditos Diversos,119400.0,N,2026,1,2026-01,balres
00331,BANCO CETELEM ARGENTINA S.A.,100010800000,"Propiedad, plantas y equipo",43037.0,N,2026,1,2026-01,balres
00331,BANCO CETELEM ARGENTINA S.A.,100011000000,Activos Intangibles,0.0,N,2026,1,2026-01,balres
00331,BANCO CETELEM ARGENTINA S.A.,100020000000,P A S I V O,481044.0,N,2026,1,2026-01,balres
00331,BANCO CETELEM ARGENTINA S.A.,100020300000,Obligaciones Diversas,271865.0,N,2026,1,2026-01,balres
00331,BANCO CETELEM ARGENTINA S.A.,100020400000,Provisiones,209179.0,N,2026,1,2026-01,balres
00331,BANCO CETELEM ARGENTINA S.A.,100030000000,P A T R I M O N I O   N E T O,6102242.0,N,2026,1,2026-01,balres
00331,BANCO CETELEM ARGENTINA S.A.,100030100000,"Capital, Aportes, Reservas y ORI acumulado",18814469.0,N,2026,1,2026-01,balres
00331,BANCO CETELEM ARGENTINA S.A.,100030600000,Resultados no asignados,-12712227.0,N,2026,1,2026-01,balres
00331,BANCO CETELEM ARGENTINA S.A.,100040000000,R D O S. I N T E G R A L E S  A C U M.  D E L  P E R I O D O,-365815.0,N,2026,1,2026-01,balres
00331,BANCO CETELEM ARGENTINA S.A.,100040100000,Ingresos financieros,95323.0,N,2026,1,2026-01,balres
00331,BANCO CETELEM ARGENTINA S.A.,100040100005,Por Intereses,95323.0,N,2026,1,2026-01,balres
00331,BANCO CETELEM ARGENTINA S.A.,100040200000,Egresos financieros,-8676.0,N,2026,1,2026-01,balres
00331,BANCO CETELEM ARGENTINA S.A.,100040200090,Otros Egresos Financieros,-8676.0,N,2026,1,2026-01,balres
00331,BANCO CETELEM ARGENTINA S.A.,100040400000,Ingresos por servicios,0.0,N,2026,1,2026-01,balres
00331,BANCO CETELEM ARGENTINA S.A.,100040500000,Egresos por servicios,-448.0,N,2026,1,2026-01,balres
00331,BANCO CETELEM ARGENTINA S.A.,100040700000,Gastos de administración,-269294.0,N,2026,1,2026-01,balres
00331,BANCO CETELEM ARGENTINA S.A.,100040800000,Créditos recuperados y previsiones desafectadas,0.0,N,2026,1,2026-01,balres
00331,BANCO CETELEM ARGENTINA S.A.,100041200000,Resultado monetario,-179709.0,N,2026,1,2026-01,balres
00331,BANCO CETELEM ARGENTINA S.A.,100041300000,Otros,-3011.0,N,2026,1,2026-01,balres
00331,BANCO CETELEM ARGENTINA S.A.,100050000000,PARTIDAS FUERA DE BALANCE,0.0,N,2026,1,2026-01,balres
00331,BANCO CETELEM ARGENTINA S.A.,100050100000,Créditos irrecuperables en partidas fuera del balance,29795.0,N,2026,1,2026-01,balres
00331,BANCO CETELEM ARGENTINA S.A.,100050600000,Contingentes deudoras,0.0,N,2026,1,2026-01,balres
00332,BANCO DE SERVICIOS FINANCIEROS S.A.,100010000000,A C T I V O,384768034.0,N,2026,1,2026-01,balres
00332,BANCO DE SERVICIOS FINANCIEROS S.A.,100010100000,Efectivo y deposito en bancos,21654374.0,N,2026,1,2026-01,balres
00332,BANCO DE SERVICIOS FINANCIEROS S.A.,100010300000,Préstamos,329988086.0,N,2026,1,2026-01,balres
00332,BANCO DE SERVICIOS FINANCIEROS S.A.,100010303000,Sector Privado no Financiero y Residentes en el Ext.,383807278.0,N,2026,1,2026-01,balres
00332,BANCO DE SERVICIOS FINANCIEROS S.A.,100010303020,Personales,23390042.0,N,2026,1,2026-01,balres
00332,BANCO DE SERVICIOS FINANCIEROS S.A.,100010303030,Otros,317503087.0,N,2026,1,2026-01,balres
00332,BANCO DE SERVICIOS FINANCIEROS S.A.,100010303045,Intereses y dif. cotiz. deveng. a cobrar,47301888.0,N,2026,1,2026-01,balres
00332,BANCO DE SERVICIOS FINANCIEROS S.A.,100010303060,Ajustes NIIF,-4387739.0,N,2026,1,2026-01,balres
00332,BANCO DE SERVICIOS FINANCIEROS S.A.,100010304000,Previsiones,-53819192.0,N,2026,1,2026-01,balres
00332,BANCO DE SERVICIOS FINANCIEROS S.A.,100010400000,Otros Cred.por Interm.Finan.,14740622.0,N,2026,1,2026-01,balres
00332,BANCO DE SERVICIOS FINANCIEROS S.A.,100010700000,Créditos Diversos,13109068.0,N,2026,1,2026-01,balres
00332,BANCO DE SERVICIOS FINANCIEROS S.A.,100010800000,"Propiedad, plantas y equipo",957398.0,N,2026,1,2026-01,balres
00332,BANCO DE SERVICIOS FINANCIEROS S.A.,100011000000,Activos Intangibles,4318486.0,N,2026,1,2026-01,balres
00332,BANCO DE SERVICIOS FINANCIEROS S.A.,100020000000,P A S I V O,313611806.0,N,2026,1,2026-01,balres
00332,BANCO DE SERVICIOS FINANCIEROS S.A.,100020100000,Depósitos,0.0,N,2026,1,2026-01,balres
00332,BANCO DE SERVICIOS FINANCIEROS S.A.,100020103000,Sector Privado no Financiero y Residentes en el Ext.,0.0,N,2026,1,2026-01,balres
00332,BANCO DE SERVICIOS FINANCIEROS S.A.,100020103005,Caja de ahorros,0.0,N,2026,1,2026-01,balres
00332,BANCO DE SERVICIOS FINANCIEROS S.A.,100020103010,Plazo fijo e inversiones a plazo,0.0,N,2026,1,2026-01,balres
00332,BANCO DE SERVICIOS FINANCIEROS S.A.,100020103020,Intereses y dif. cotiz. deveng. a pagar,0.0,N,2026,1,2026-01,balres
00332,BANCO DE SERVICIOS FINANCIEROS S.A.,100020200000,Otras Oblig.por Intermed. Financ.,277180253.0,N,2026,1,2026-01,balres
00332,BANCO DE SERVICIOS FINANCIEROS S.A.,100020300000,Obligaciones Diversas,34736442.0,N,2026,1,2026-01,balres
00332,BANCO DE SERVICIOS FINANCIEROS S.A.,100020400000,Provisiones,1695111.0,N,2026,1,2026-01,balres
00332,BANCO DE SERVICIOS FINANCIEROS S.A.,100030000000,P A T R I M O N I O   N E T O,71156228.0,N,2026,1,2026-01,balres
00332,BANCO DE SERVICIOS FINANCIEROS S.A.,100030100000,"Capital, Aportes, Reservas y ORI acumulado",61813301.0,N,2026,1,2026-01,balres
00332,BANCO DE SERVICIOS FINANCIEROS S.A.,100030600000,Resultados no asignados,9342927.0,N,2026,1,2026-01,balres
00332,BANCO DE SERVICIOS FINANCIEROS S.A.,100040000000,R D O S. I N T E G R A L E S  A C U M.  D E L  P E R I O D O,-2553660.0,N,2026,1,2026-01,balres
00332,BANCO DE SERVICIOS FINANCIEROS S.A.,100040100000,Ingresos financieros,16416764.0,N,2026,1,2026-01,balres
00332,BANCO DE SERVICIOS FINANCIEROS S.A.,100040100005,Por Intereses,16416764.0,N,2026,1,2026-01,balres
00332,BANCO DE SERVICIOS FINANCIEROS S.A.,100040100090,Otros Ingresos Financieros,0.0,N,2026,1,2026-01,balres
00332,BANCO DE SERVICIOS FINANCIEROS S.A.,100040200000,Egresos financieros,-8122646.0,N,2026,1,2026-01,balres
00332,BANCO DE SERVICIOS FINANCIEROS S.A.,100040200005,Por Intereses,-6822643.0,N,2026,1,2026-01,balres
00332,BANCO DE SERVICIOS FINANCIEROS S.A.,100040200090,Otros Egresos Financieros,-1300003.0,N,2026,1,2026-01,balres
00332,BANCO DE SERVICIOS FINANCIEROS S.A.,100040300000,Cargo por incobrabilidad,-10015946.0,N,2026,1,2026-01,balres
00332,BANCO DE SERVICIOS FINANCIEROS S.A.,100040400000,Ingresos por servicios,4560144.0,N,2026,1,2026-01,balres
00332,BANCO DE SERVICIOS FINANCIEROS S.A.,100040500000,Egresos por servicios,-752694.0,N,2026,1,2026-01,balres
00332,BANCO DE SERVICIOS FINANCIEROS S.A.,100040700000,Gastos de administración,-4183271.0,N,2026,1,2026-01,balres
00332,BANCO DE SERVICIOS FINANCIEROS S.A.,100040800000,Créditos recuperados y previsiones desafectadas,5458.0,N,2026,1,2026-01,balres
00332,BANCO DE SERVICIOS FINANCIEROS S.A.,100041200000,Resultado monetario,-1777520.0,N,2026,1,2026-01,balres
00332,BANCO DE SERVICIOS FINANCIEROS S.A.,100041300000,Otros,1531648.0,N,2026,1,2026-01,balres
00332,BANCO DE SERVICIOS FINANCIEROS S.A.,100041400000,Impuesto a las ganancias,-215597.0,N,2026,1,2026-01,balres
00332,BANCO DE SERVICIOS FINANCIEROS S.A.,100050000000,PARTIDAS FUERA DE BALANCE,0.0,N,2026,1,2026-01,balres
00332,BANCO DE SERVICIOS FINANCIEROS S.A.,100050100000,Créditos irrecuperables en partidas fuera del balance,224080.0,N,2026,1,2026-01,balres
00332,BANCO DE SERVICIOS FINANCIEROS S.A.,100050200000,Contingentes acreedoras,102736675.0,N,2026,1,2026-01,balres
00338,BANCO DE SERVICIOS Y TRANSACCIONES SAU,100010000000,A C T I V O,605829960.0,N,2026,1,2026-01,balres
00338,BANCO DE SERVICIOS Y TRANSACCIONES SAU,100010100000,Efectivo y deposito en bancos,39412249.0,N,2026,1,2026-01,balres
00338,BANCO DE SERVICIOS Y TRANSACCIONES SAU,100010200000,Títulos Públicos y Privados,205075467.0,N,2026,1,2026-01,balres
00338,BANCO DE SERVICIOS Y TRANSACCIONES SAU,100010300000,Préstamos,260220621.0,N,2026,1,2026-01,balres
00338,BANCO DE SERVICIOS Y TRANSACCIONES SAU,100010301000,Sector Público no Financiero,3483132.0,N,2026,1,2026-01,balres
00338,BANCO DE SERVICIOS Y TRANSACCIONES SAU,100010303000,Sector Privado no Financiero y Residentes en el Ext.,264246605.0,N,2026,1,2026-01,balres
00338,BANCO DE SERVICIOS Y TRANSACCIONES SAU,100010303001,Adelantos,40195587.0,N,2026,1,2026-01,balres
00338,BANCO DE SERVICIOS Y TRANSACCIONES SAU,100010303005,"Doc a sola firma, descont. y comprados",62912533.0,N,2026,1,2026-01,balres
00338,BANCO DE SERVICIOS Y TRANSACCIONES SAU,100010303010,Hipotecarios,2917038.0,N,2026,1,2026-01,balres
00338,BANCO DE SERVICIOS Y TRANSACCIONES SAU,100010303020,Personales,6359750.0,N,2026,1,2026-01,balres
00338,BANCO DE SERVICIOS Y TRANSACCIONES SAU,100010303030,Otros,143308307.0,N,2026,1,2026-01,balres
00338,BANCO DE SERVICIOS Y TRANSACCIONES SAU,100010303045,Intereses y dif. cotiz. deveng. a cobrar,8537708.0,N,2026,1,2026-01,balres
00338,BANCO DE SERVICIOS Y TRANSACCIONES SAU,100010303050,Cobros no aplicados,0.0,N,2026,1,2026-01,balres
00338,BANCO DE SERVICIOS Y TRANSACCIONES SAU,100010303055,Intereses documentados,-2547616.0,N,2026,1,2026-01,balres
00338,BANCO DE SERVICIOS Y TRANSACCIONES SAU,100010303060,Ajustes NIIF,2563298.0,N,2026,1,2026-01,balres
00338,BANCO DE SERVICIOS Y TRANSACCIONES SAU,100010304000,Previsiones,-7509116.0,N,2026,1,2026-01,balres
00338,BANCO DE SERVICIOS Y TRANSACCIONES SAU,100010400000,Otros Cred.por Interm.Finan.,24881695.0,N,2026,1,2026-01,balres
00338,BANCO DE SERVICIOS Y TRANSACCIONES SAU,100010500000,Credito por arrendamiento financiero,32515775.0,N,2026,1,2026-01,balres
00338,BANCO DE SERVICIOS Y TRANSACCIONES SAU,100010700000,Créditos Diversos,38882022.0,N,2026,1,2026-01,balres
00338,BANCO DE SERVICIOS Y TRANSACCIONES SAU,100010800000,"Propiedad, plantas y equipo",3543971.0,N,2026,1,2026-01,balres
00338,BANCO DE SERVICIOS Y TRANSACCIONES SAU,100011000000,Activos Intangibles,1298160.0,N,2026,1,2026-01,balres
00338,BANCO DE SERVICIOS Y TRANSACCIONES SAU,100020000000,P A S I V O,470198923.0,N,2026,1,2026-01,balres
00338,BANCO DE SERVICIOS Y TRANSACCIONES SAU,100020100000,Depósitos,309849771.0,N,2026,1,2026-01,balres
00338,BANCO DE SERVICIOS Y TRANSACCIONES SAU,100020101000,Sector Público no financiero,90464741.0,N,2026,1,2026-01,balres
00338,BANCO DE SERVICIOS Y TRANSACCIONES SAU,100020102000,Sector Financiero,501690.0,N,2026,1,2026-01,balres
00338,BANCO DE SERVICIOS Y TRANSACCIONES SAU,100020103000,Sector Privado no Financiero y Residentes en el Ext.,218883340.0,N,2026,1,2026-01,balres
00338,BANCO DE SERVICIOS Y TRANSACCIONES SAU,100020103001,Cuentas corrientes,77222173.0,N,2026,1,2026-01,balres
00338,BANCO DE SERVICIOS Y TRANSACCIONES SAU,100020103005,Caja de ahorros,40964770.0,N,2026,1,2026-01,balres
00338,BANCO DE SERVICIOS Y TRANSACCIONES SAU,100020103010,Plazo fijo e inversiones a plazo,97465406.0,N,2026,1,2026-01,balres
00338,BANCO DE SERVICIOS Y TRANSACCIONES SAU,100020103015,Otros,826876.0,N,2026,1,2026-01,balres
00338,BANCO DE SERVICIOS Y TRANSACCIONES SAU,100020103020,Intereses y dif. cotiz. deveng. a pagar,2404115.0,N,2026,1,2026-01,balres
00338,BANCO DE SERVICIOS Y TRANSACCIONES SAU,100020200000,Otras Oblig.por Intermed. Financ.,128491842.0,N,2026,1,2026-01,balres
00338,BANCO DE SERVICIOS Y TRANSACCIONES SAU,100020300000,Obligaciones Diversas,30782544.0,N,2026,1,2026-01,balres
00338,BANCO DE SERVICIOS Y TRANSACCIONES SAU,100020400000,Provisiones,1074766.0,N,2026,1,2026-01,balres
00338,BANCO DE SERVICIOS Y TRANSACCIONES SAU,100030000000,P A T R I M O N I O   N E T O,135631037.0,N,2026,1,2026-01,balres
00338,BANCO DE SERVICIOS Y TRANSACCIONES SAU,100030100000,"Capital, Aportes, Reservas y ORI acumulado",124755426.0,N,2026,1,2026-01,balres
00338,BANCO DE SERVICIOS Y TRANSACCIONES SAU,100030600000,Resultados no asignados,10875611.0,N,2026,1,2026-01,balres
00338,BANCO DE SERVICIOS Y TRANSACCIONES SAU,100040000000,R D O S. I N T E G R A L E S  A C U M.  D E L  P E R I O D O,735426.0,N,2026,1,2026-01,balres
00338,BANCO DE SERVICIOS Y TRANSACCIONES SAU,100040100000,Ingresos financieros,15491557.0,N,2026,1,2026-01,balres
00338,BANCO DE SERVICIOS Y TRANSACCIONES SAU,100040100005,Por Intereses,8433538.0,N,2026,1,2026-01,balres
00338,BANCO DE SERVICIOS Y TRANSACCIONES SAU,100040100090,Otros Ingresos Financieros,7058019.0,N,2026,1,2026-01,balres
00338,BANCO DE SERVICIOS Y TRANSACCIONES SAU,100040200000,Egresos financieros,-6427288.0,N,2026,1,2026-01,balres
00338,BANCO DE SERVICIOS Y TRANSACCIONES SAU,100040200005,Por Intereses,-5505754.0,N,2026,1,2026-01,balres
00338,BANCO DE SERVICIOS Y TRANSACCIONES SAU,100040200090,Otros Egresos Financieros,-921534.0,N,2026,1,2026-01,balres
00338,BANCO DE SERVICIOS Y TRANSACCIONES SAU,100040300000,Cargo por incobrabilidad,0.0,N,2026,1,2026-01,balres
00338,BANCO DE SERVICIOS Y TRANSACCIONES SAU,100040400000,Ingresos por servicios,670595.0,N,2026,1,2026-01,balres
00338,BANCO DE SERVICIOS Y TRANSACCIONES SAU,100040500000,Egresos por servicios,-178534.0,N,2026,1,2026-01,balres
00338,BANCO DE SERVICIOS Y TRANSACCIONES SAU,100040700000,Gastos de administración,-6470507.0,N,2026,1,2026-01,balres
00338,BANCO DE SERVICIOS Y TRANSACCIONES SAU,100040800000,Créditos recuperados y previsiones desafectadas,2472415.0,N,2026,1,2026-01,balres
00338,BANCO DE SERVICIOS Y TRANSACCIONES SAU,100041200000,Resultado monetario,-3637283.0,N,2026,1,2026-01,balres
00338,BANCO DE SERVICIOS Y TRANSACCIONES SAU,100041300000,Otros,109724.0,N,2026,1,2026-01,balres
00338,BANCO DE SERVICIOS Y TRANSACCIONES SAU,100041400000,Impuesto a las ganancias,-1295253.0,N,2026,1,2026-01,balres
00338,BANCO DE SERVICIOS Y TRANSACCIONES SAU,100050000000,PARTIDAS FUERA DE BALANCE,0.0,N,2026,1,2026-01,balres
00338,BANCO DE SERVICIOS Y TRANSACCIONES SAU,100050100000,Créditos irrecuperables en partidas fuera del balance,3578493.0,N,2026,1,2026-01,balres
00338,BANCO DE SERVICIOS Y TRANSACCIONES SAU,100050200000,Contingentes acreedoras,24689855.0,N,2026,1,2026-01,balres
00338,BANCO DE SERVICIOS Y TRANSACCIONES SAU,100050300000,De Control acreedoras,1786421.0,N,2026,1,2026-01,balres
00338,BANCO DE SERVICIOS Y TRANSACCIONES SAU,100050400000,De Derivados acreedoras,58458381.0,N,2026,1,2026-01,balres
00338,BANCO DE SERVICIOS Y TRANSACCIONES SAU,100050600000,Contingentes deudoras,20090366.0,N,2026,1,2026-01,balres
00338,BANCO DE SERVICIOS Y TRANSACCIONES SAU,100050700000,De Control deudoras,1904417293.0,N,2026,1,2026-01,balres
00338,BANCO DE SERVICIOS Y TRANSACCIONES SAU,100050800000,De Derivados deudoras,18895469.0,N,2026,1,2026-01,balres
00338,BANCO DE SERVICIOS Y TRANSACCIONES SAU,100050900000,De Actividad fiduciaria deudoras,122.0,N,2026,1,2026-01,balres
00339,RCI BANQUE S.A.,100010000000,A C T I V O,337154981.0,N,2026,1,2026-01,balres
00339,RCI BANQUE S.A.,100010100000,Efectivo y deposito en bancos,20427890.0,N,2026,1,2026-01,balres
00339,RCI BANQUE S.A.,100010200000,Títulos Públicos y Privados,11796675.0,N,2026,1,2026-01,balres
00339,RCI BANQUE S.A.,100010300000,Préstamos,302837060.0,N,2026,1,2026-01,balres
00339,RCI BANQUE S.A.,100010302000,Sector Financiero,0.0,N,2026,1,2026-01,balres
00339,RCI BANQUE S.A.,100010303000,Sector Privado no Financiero y Residentes en el Ext.,303311860.0,N,2026,1,2026-01,balres
00339,RCI BANQUE S.A.,100010303001,Adelantos,1472536.0,N,2026,1,2026-01,balres
00339,RCI BANQUE S.A.,100010303010,Hipotecarios,28586113.0,N,2026,1,2026-01,balres
00339,RCI BANQUE S.A.,100010303030,Otros,276521261.0,N,2026,1,2026-01,balres
00339,RCI BANQUE S.A.,100010303045,Intereses y dif. cotiz. deveng. a cobrar,1008640.0,N,2026,1,2026-01,balres
00339,RCI BANQUE S.A.,100010303050,Cobros no aplicados,-4276690.0,N,2026,1,2026-01,balres
00339,RCI BANQUE S.A.,100010304000,Previsiones,-474800.0,N,2026,1,2026-01,balres
00339,RCI BANQUE S.A.,100010400000,Otros Cred.por Interm.Finan.,877989.0,N,2026,1,2026-01,balres
00339,RCI BANQUE S.A.,100010700000,Créditos Diversos,1049136.0,N,2026,1,2026-01,balres
00339,RCI BANQUE S.A.,100010800000,"Propiedad, plantas y equipo",166231.0,N,2026,1,2026-01,balres
00339,RCI BANQUE S.A.,100020000000,P A S I V O,276580776.0,N,2026,1,2026-01,balres
00339,RCI BANQUE S.A.,100020100000,Depósitos,1901744.0,N,2026,1,2026-01,balres
00339,RCI BANQUE S.A.,100020103000,Sector Privado no Financiero y Residentes en el Ext.,1901744.0,N,2026,1,2026-01,balres
00339,RCI BANQUE S.A.,100020103001,Cuentas corrientes,1901744.0,N,2026,1,2026-01,balres
00339,RCI BANQUE S.A.,100020103010,Plazo fijo e inversiones a plazo,0.0,N,2026,1,2026-01,balres
00339,RCI BANQUE S.A.,100020103020,Intereses y dif. cotiz. deveng. a pagar,0.0,N,2026,1,2026-01,balres
00339,RCI BANQUE S.A.,100020200000,Otras Oblig.por Intermed. Financ.,270823968.0,N,2026,1,2026-01,balres
00339,RCI BANQUE S.A.,100020300000,Obligaciones Diversas,3855064.0,N,2026,1,2026-01,balres
00339,RCI BANQUE S.A.,100030000000,P A T R I M O N I O   N E T O,60574205.0,N,2026,1,2026-01,balres
00339,RCI BANQUE S.A.,100030100000,"Capital, Aportes, Reservas y ORI acumulado",73630231.0,N,2026,1,2026-01,balres
00339,RCI BANQUE S.A.,100030600000,Resultados no asignados,-13056026.0,N,2026,1,2026-01,balres
00339,RCI BANQUE S.A.,100040000000,R D O S. I N T E G R A L E S  A C U M.  D E L  P E R I O D O,117232.0,N,2026,1,2026-01,balres
00339,RCI BANQUE S.A.,100040100000,Ingresos financieros,13373165.0,N,2026,1,2026-01,balres
00339,RCI BANQUE S.A.,100040100005,Por Intereses,13002740.0,N,2026,1,2026-01,balres
00339,RCI BANQUE S.A.,100040100090,Otros Ingresos Financieros,370425.0,N,2026,1,2026-01,balres
00339,RCI BANQUE S.A.,100040200000,Egresos financieros,-10779287.0,N,2026,1,2026-01,balres
00339,RCI BANQUE S.A.,100040200005,Por Intereses,-9274679.0,N,2026,1,2026-01,balres
00339,RCI BANQUE S.A.,100040200090,Otros Egresos Financieros,-1504608.0,N,2026,1,2026-01,balres
00339,RCI BANQUE S.A.,100040300000,Cargo por incobrabilidad,-82443.0,N,2026,1,2026-01,balres
00339,RCI BANQUE S.A.,100040400000,Ingresos por servicios,12838.0,N,2026,1,2026-01,balres
00339,RCI BANQUE S.A.,100040500000,Egresos por servicios,-533961.0,N,2026,1,2026-01,balres
00339,RCI BANQUE S.A.,100040700000,Gastos de administración,-638091.0,N,2026,1,2026-01,balres
00339,RCI BANQUE S.A.,100040800000,Créditos recuperados y previsiones desafectadas,230557.0,N,2026,1,2026-01,balres
00339,RCI BANQUE S.A.,100041200000,Resultado monetario,-1688486.0,N,2026,1,2026-01,balres
00339,RCI BANQUE S.A.,100041300000,Otros,237143.0,N,2026,1,2026-01,balres
00339,RCI BANQUE S.A.,100041400000,Impuesto a las ganancias,-14203.0,N,2026,1,2026-01,balres
00339,RCI BANQUE S.A.,100050000000,PARTIDAS FUERA DE BALANCE,0.0,N,2026,1,2026-01,balres
00339,RCI BANQUE S.A.,100050200000,Contingentes acreedoras,0.0,N,2026,1,2026-01,balres
00339,RCI BANQUE S.A.,100050600000,Contingentes deudoras,68708436.0,N,2026,1,2026-01,balres
00339,RCI BANQUE S.A.,100050800000,De Derivados deudoras,0.0,N,2026,1,2026-01,balres
00340,BACS BANCO DE CREDITO Y SECURITIZACION S.A.,100010000000,A C T I V O,292349691.0,N,2026,1,2026-01,balres
00340,BACS BANCO DE CREDITO Y SECURITIZACION S.A.,100010100000,Efectivo y deposito en bancos,46364929.0,N,2026,1,2026-01,balres
00340,BACS BANCO DE CREDITO Y SECURITIZACION S.A.,100010200000,Títulos Públicos y Privados,67289006.0,N,2026,1,2026-01,balres
00340,BACS BANCO DE CREDITO Y SECURITIZACION S.A.,100010300000,Préstamos,146545701.0,N,2026,1,2026-01,balres
00340,BACS BANCO DE CREDITO Y SECURITIZACION S.A.,100010302000,Sector Financiero,92301703.0,N,2026,1,2026-01,balres
00340,BACS BANCO DE CREDITO Y SECURITIZACION S.A.,100010303000,Sector Privado no Financiero y Residentes en el Ext.,55553820.0,N,2026,1,2026-01,balres
00340,BACS BANCO DE CREDITO Y SECURITIZACION S.A.,100010303001,Adelantos,3666923.0,N,2026,1,2026-01,balres
00340,BACS BANCO DE CREDITO Y SECURITIZACION S.A.,100010303005,"Doc a sola firma, descont. y comprados",5242579.0,N,2026,1,2026-01,balres
00340,BACS BANCO DE CREDITO Y SECURITIZACION S.A.,100010303010,Hipotecarios,0.0,N,2026,1,2026-01,balres
00340,BACS BANCO DE CREDITO Y SECURITIZACION S.A.,100010303015,Prendarios,104.0,N,2026,1,2026-01,balres
00340,BACS BANCO DE CREDITO Y SECURITIZACION S.A.,100010303020,Personales,35356483.0,N,2026,1,2026-01,balres
00340,BACS BANCO DE CREDITO Y SECURITIZACION S.A.,100010303030,Otros,10308281.0,N,2026,1,2026-01,balres
00340,BACS BANCO DE CREDITO Y SECURITIZACION S.A.,100010303045,Intereses y dif. cotiz. deveng. a cobrar,971571.0,N,2026,1,2026-01,balres
00340,BACS BANCO DE CREDITO Y SECURITIZACION S.A.,100010303055,Intereses documentados,-559082.0,N,2026,1,2026-01,balres
00340,BACS BANCO DE CREDITO Y SECURITIZACION S.A.,100010303060,Ajustes NIIF,566961.0,N,2026,1,2026-01,balres
00340,BACS BANCO DE CREDITO Y SECURITIZACION S.A.,100010304000,Previsiones,-1309822.0,N,2026,1,2026-01,balres
00340,BACS BANCO DE CREDITO Y SECURITIZACION S.A.,100010400000,Otros Cred.por Interm.Finan.,20720937.0,N,2026,1,2026-01,balres
00340,BACS BANCO DE CREDITO Y SECURITIZACION S.A.,100010600000,Part. en otras Sociedades,5773161.0,N,2026,1,2026-01,balres
00340,BACS BANCO DE CREDITO Y SECURITIZACION S.A.,100010600020,Otras,5773161.0,N,2026,1,2026-01,balres
00340,BACS BANCO DE CREDITO Y SECURITIZACION S.A.,100010700000,Créditos Diversos,4249517.0,N,2026,1,2026-01,balres
00340,BACS BANCO DE CREDITO Y SECURITIZACION S.A.,100010800000,"Propiedad, plantas y equipo",403591.0,N,2026,1,2026-01,balres
00340,BACS BANCO DE CREDITO Y SECURITIZACION S.A.,100011000000,Activos Intangibles,1002849.0,N,2026,1,2026-01,balres
00340,BACS BANCO DE CREDITO Y SECURITIZACION S.A.,100020000000,P A S I V O,256542872.0,N,2026,1,2026-01,balres
00340,BACS BANCO DE CREDITO Y SECURITIZACION S.A.,100020100000,Depósitos,193588186.0,N,2026,1,2026-01,balres
00340,BACS BANCO DE CREDITO Y SECURITIZACION S.A.,100020103000,Sector Privado no Financiero y Residentes en el Ext.,193588186.0,N,2026,1,2026-01,balres
00340,BACS BANCO DE CREDITO Y SECURITIZACION S.A.,100020103001,Cuentas corrientes,2375517.0,N,2026,1,2026-01,balres
00340,BACS BANCO DE CREDITO Y SECURITIZACION S.A.,100020103005,Caja de ahorros,117334631.0,N,2026,1,2026-01,balres
00340,BACS BANCO DE CREDITO Y SECURITIZACION S.A.,100020103010,Plazo fijo e inversiones a plazo,70980497.0,N,2026,1,2026-01,balres
00340,BACS BANCO DE CREDITO Y SECURITIZACION S.A.,100020103020,Intereses y dif. cotiz. deveng. a pagar,2897541.0,N,2026,1,2026-01,balres
00340,BACS BANCO DE CREDITO Y SECURITIZACION S.A.,100020200000,Otras Oblig.por Intermed. Financ.,58352244.0,N,2026,1,2026-01,balres
00340,BACS BANCO DE CREDITO Y SECURITIZACION S.A.,100020300000,Obligaciones Diversas,4599970.0,N,2026,1,2026-01,balres
00340,BACS BANCO DE CREDITO Y SECURITIZACION S.A.,100020400000,Provisiones,2472.0,N,2026,1,2026-01,balres
00340,BACS BANCO DE CREDITO Y SECURITIZACION S.A.,100030000000,P A T R I M O N I O   N E T O,35806819.0,N,2026,1,2026-01,balres
00340,BACS BANCO DE CREDITO Y SECURITIZACION S.A.,100030100000,"Capital, Aportes, Reservas y ORI acumulado",34601340.0,N,2026,1,2026-01,balres
00340,BACS BANCO DE CREDITO Y SECURITIZACION S.A.,100030600000,Resultados no asignados,1205479.0,N,2026,1,2026-01,balres
00340,BACS BANCO DE CREDITO Y SECURITIZACION S.A.,100040000000,R D O S. I N T E G R A L E S  A C U M.  D E L  P E R I O D O,339052.0,N,2026,1,2026-01,balres
00340,BACS BANCO DE CREDITO Y SECURITIZACION S.A.,100040100000,Ingresos financieros,6847003.0,N,2026,1,2026-01,balres
00340,BACS BANCO DE CREDITO Y SECURITIZACION S.A.,100040100005,Por Intereses,6135502.0,N,2026,1,2026-01,balres
00340,BACS BANCO DE CREDITO Y SECURITIZACION S.A.,100040100090,Otros Ingresos Financieros,711501.0,N,2026,1,2026-01,balres
00340,BACS BANCO DE CREDITO Y SECURITIZACION S.A.,100040200000,Egresos financieros,-4813940.0,N,2026,1,2026-01,balres
00340,BACS BANCO DE CREDITO Y SECURITIZACION S.A.,100040200005,Por Intereses,-4274757.0,N,2026,1,2026-01,balres
00340,BACS BANCO DE CREDITO Y SECURITIZACION S.A.,100040200090,Otros Egresos Financieros,-539183.0,N,2026,1,2026-01,balres
00340,BACS BANCO DE CREDITO Y SECURITIZACION S.A.,100040300000,Cargo por incobrabilidad,-47262.0,N,2026,1,2026-01,balres
00340,BACS BANCO DE CREDITO Y SECURITIZACION S.A.,100040400000,Ingresos por servicios,175516.0,N,2026,1,2026-01,balres
00340,BACS BANCO DE CREDITO Y SECURITIZACION S.A.,100040500000,Egresos por servicios,-76990.0,N,2026,1,2026-01,balres
00340,BACS BANCO DE CREDITO Y SECURITIZACION S.A.,100040700000,Gastos de administración,-1345019.0,N,2026,1,2026-01,balres
00340,BACS BANCO DE CREDITO Y SECURITIZACION S.A.,100040800000,Créditos recuperados y previsiones desafectadas,132262.0,N,2026,1,2026-01,balres
00340,BACS BANCO DE CREDITO Y SECURITIZACION S.A.,100041200000,Resultado monetario,-774524.0,N,2026,1,2026-01,balres
00340,BACS BANCO DE CREDITO Y SECURITIZACION S.A.,100041300000,Otros,88405.0,N,2026,1,2026-01,balres
00340,BACS BANCO DE CREDITO Y SECURITIZACION S.A.,100041400000,Impuesto a las ganancias,153601.0,N,2026,1,2026-01,balres
00340,BACS BANCO DE CREDITO Y SECURITIZACION S.A.,100050000000,PARTIDAS FUERA DE BALANCE,0.0,N,2026,1,2026-01,balres
00340,BACS BANCO DE CREDITO Y SECURITIZACION S.A.,100050100000,Créditos irrecuperables en partidas fuera del balance,24923.0,N,2026,1,2026-01,balres
00340,BACS BANCO DE CREDITO Y SECURITIZACION S.A.,100050200000,Contingentes acreedoras,1450000.0,N,2026,1,2026-01,balres
00340,BACS BANCO DE CREDITO Y SECURITIZACION S.A.,100050300000,De Control acreedoras,0.0,N,2026,1,2026-01,balres
00340,BACS BANCO DE CREDITO Y SECURITIZACION S.A.,100050400000,De Derivados acreedoras,147700.0,N,2026,1,2026-01,balres
00340,BACS BANCO DE CREDITO Y SECURITIZACION S.A.,100050600000,Contingentes deudoras,861951.0,N,2026,1,2026-01,balres
00340,BACS BANCO DE CREDITO Y SECURITIZACION S.A.,100050700000,De Control deudoras,858519340.0,N,2026,1,2026-01,balres
00340,BACS BANCO DE CREDITO Y SECURITIZACION S.A.,100050800000,De Derivados deudoras,0.0,N,2026,1,2026-01,balres
00340,BACS BANCO DE CREDITO Y SECURITIZACION S.A.,100050900000,De Actividad fiduciaria deudoras,22392342.0,N,2026,1,2026-01,balres
00341,BANCO MASVENTAS S.A.,100010000000,A C T I V O,32067312.0,N,2026,1,2026-01,balres
00341,BANCO MASVENTAS S.A.,100010100000,Efectivo y deposito en bancos,1810769.0,N,2026,1,2026-01,balres
00341,BANCO MASVENTAS S.A.,100010200000,Títulos Públicos y Privados,6375765.0,N,2026,1,2026-01,balres
00341,BANCO MASVENTAS S.A.,100010300000,Préstamos,12877691.0,N,2026,1,2026-01,balres
00341,BANCO MASVENTAS S.A.,100010302000,Sector Financiero,0.0,N,2026,1,2026-01,balres
00341,BANCO MASVENTAS S.A.,100010303000,Sector Privado no Financiero y Residentes en el Ext.,13904459.0,N,2026,1,2026-01,balres
00341,BANCO MASVENTAS S.A.,100010303001,Adelantos,2255822.0,N,2026,1,2026-01,balres
00341,BANCO MASVENTAS S.A.,100010303005,"Doc a sola firma, descont. y comprados",9257908.0,N,2026,1,2026-01,balres
00341,BANCO MASVENTAS S.A.,100010303010,Hipotecarios,6486.0,N,2026,1,2026-01,balres
00341,BANCO MASVENTAS S.A.,100010303015,Prendarios,4949.0,N,2026,1,2026-01,balres
00341,BANCO MASVENTAS S.A.,100010303020,Personales,2008922.0,N,2026,1,2026-01,balres
00341,BANCO MASVENTAS S.A.,100010303030,Otros,1292811.0,N,2026,1,2026-01,balres
00341,BANCO MASVENTAS S.A.,100010303045,Intereses y dif. cotiz. deveng. a cobrar,1354896.0,N,2026,1,2026-01,balres
00341,BANCO MASVENTAS S.A.,100010303055,Intereses documentados,-2436830.0,N,2026,1,2026-01,balres
00341,BANCO MASVENTAS S.A.,100010303060,Ajustes NIIF,159495.0,N,2026,1,2026-01,balres
00341,BANCO MASVENTAS S.A.,100010304000,Previsiones,-1026768.0,N,2026,1,2026-01,balres
00341,BANCO MASVENTAS S.A.,100010400000,Otros Cred.por Interm.Finan.,1775754.0,N,2026,1,2026-01,balres
00341,BANCO MASVENTAS S.A.,100010700000,Créditos Diversos,6149734.0,N,2026,1,2026-01,balres
00341,BANCO MASVENTAS S.A.,100010800000,"Propiedad, plantas y equipo",2671157.0,N,2026,1,2026-01,balres
00341,BANCO MASVENTAS S.A.,100010900000,Bienes Diversos,276854.0,N,2026,1,2026-01,balres
00341,BANCO MASVENTAS S.A.,100011000000,Activos Intangibles,127841.0,N,2026,1,2026-01,balres
00341,BANCO MASVENTAS S.A.,100011200000,Partidas Pend. de Imputación,1747.0,N,2026,1,2026-01,balres
00341,BANCO MASVENTAS S.A.,100020000000,P A S I V O,25074044.0,N,2026,1,2026-01,balres
00341,BANCO MASVENTAS S.A.,100020100000,Depósitos,22578383.0,N,2026,1,2026-01,balres
00341,BANCO MASVENTAS S.A.,100020101000,Sector Público no financiero,4636619.0,N,2026,1,2026-01,balres
00341,BANCO MASVENTAS S.A.,100020103000,Sector Privado no Financiero y Residentes en el Ext.,17941764.0,N,2026,1,2026-01,balres
00341,BANCO MASVENTAS S.A.,100020103001,Cuentas corrientes,1681643.0,N,2026,1,2026-01,balres
00341,BANCO MASVENTAS S.A.,100020103005,Caja de ahorros,2756050.0,N,2026,1,2026-01,balres
00341,BANCO MASVENTAS S.A.,100020103010,Plazo fijo e inversiones a plazo,13041378.0,N,2026,1,2026-01,balres
00341,BANCO MASVENTAS S.A.,100020103015,Otros,272602.0,N,2026,1,2026-01,balres
00341,BANCO MASVENTAS S.A.,100020103020,Intereses y dif. cotiz. deveng. a pagar,190091.0,N,2026,1,2026-01,balres
00341,BANCO MASVENTAS S.A.,100020200000,Otras Oblig.por Intermed. Financ.,503827.0,N,2026,1,2026-01,balres
00341,BANCO MASVENTAS S.A.,100020300000,Obligaciones Diversas,1905930.0,N,2026,1,2026-01,balres
00341,BANCO MASVENTAS S.A.,100020400000,Provisiones,438.0,N,2026,1,2026-01,balres
00341,BANCO MASVENTAS S.A.,100020600000,Partidas Pendientes de Imputación,85466.0,N,2026,1,2026-01,balres
00341,BANCO MASVENTAS S.A.,100030000000,P A T R I M O N I O   N E T O,6993268.0,N,2026,1,2026-01,balres
00341,BANCO MASVENTAS S.A.,100030100000,"Capital, Aportes, Reservas y ORI acumulado",13239056.0,N,2026,1,2026-01,balres
00341,BANCO MASVENTAS S.A.,100030600000,Resultados no asignados,-6245788.0,N,2026,1,2026-01,balres
00341,BANCO MASVENTAS S.A.,100040000000,R D O S. I N T E G R A L E S  A C U M.  D E L  P E R I O D O,-194666.0,N,2026,1,2026-01,balres
00341,BANCO MASVENTAS S.A.,100040100000,Ingresos financieros,938140.0,N,2026,1,2026-01,balres
00341,BANCO MASVENTAS S.A.,100040100005,Por Intereses,918235.0,N,2026,1,2026-01,balres
00341,BANCO MASVENTAS S.A.,100040100090,Otros Ingresos Financieros,19905.0,N,2026,1,2026-01,balres
00341,BANCO MASVENTAS S.A.,100040200000,Egresos financieros,-454312.0,N,2026,1,2026-01,balres
00341,BANCO MASVENTAS S.A.,100040200005,Por Intereses,-362528.0,N,2026,1,2026-01,balres
00341,BANCO MASVENTAS S.A.,100040200090,Otros Egresos Financieros,-91784.0,N,2026,1,2026-01,balres
00341,BANCO MASVENTAS S.A.,100040300000,Cargo por incobrabilidad,-83967.0,N,2026,1,2026-01,balres
00341,BANCO MASVENTAS S.A.,100040400000,Ingresos por servicios,158719.0,N,2026,1,2026-01,balres
00341,BANCO MASVENTAS S.A.,100040500000,Egresos por servicios,-82913.0,N,2026,1,2026-01,balres
00341,BANCO MASVENTAS S.A.,100040700000,Gastos de administración,-586256.0,N,2026,1,2026-01,balres
00341,BANCO MASVENTAS S.A.,100040800000,Créditos recuperados y previsiones desafectadas,1326.0,N,2026,1,2026-01,balres
00341,BANCO MASVENTAS S.A.,100041200000,Resultado monetario,-114051.0,N,2026,1,2026-01,balres
00341,BANCO MASVENTAS S.A.,100041300000,Otros,-4368.0,N,2026,1,2026-01,balres
00341,BANCO MASVENTAS S.A.,100041400000,Impuesto a las ganancias,-22849.0,N,2026,1,2026-01,balres
00341,BANCO MASVENTAS S.A.,100041500000,Otro resultado integral,55865.0,N,2026,1,2026-01,balres
00341,BANCO MASVENTAS S.A.,100050000000,PARTIDAS FUERA DE BALANCE,0.0,N,2026,1,2026-01,balres
00341,BANCO MASVENTAS S.A.,100050100000,Créditos irrecuperables en partidas fuera del balance,286624.0,N,2026,1,2026-01,balres
00341,BANCO MASVENTAS S.A.,100050600000,Contingentes deudoras,179435.0,N,2026,1,2026-01,balres
00341,BANCO MASVENTAS S.A.,100050700000,De Control deudoras,889180.0,N,2026,1,2026-01,balres
00341,BANCO MASVENTAS S.A.,100050800000,De Derivados deudoras,0.0,N,2026,1,2026-01,balres
00384,UALA BANK S.A.U.,100010000000,A C T I V O,570703319.0,N,2026,1,2026-01,balres
00384,UALA BANK S.A.U.,100010100000,Efectivo y deposito en bancos,43158607.0,N,2026,1,2026-01,balres
00384,UALA BANK S.A.U.,100010200000,Títulos Públicos y Privados,229187229.0,N,2026,1,2026-01,balres
00384,UALA BANK S.A.U.,100010300000,Préstamos,233675763.0,N,2026,1,2026-01,balres
00384,UALA BANK S.A.U.,100010302000,Sector Financiero,24031562.0,N,2026,1,2026-01,balres
00384,UALA BANK S.A.U.,100010303000,Sector Privado no Financiero y Residentes en el Ext.,341306437.0,N,2026,1,2026-01,balres
00384,UALA BANK S.A.U.,100010303005,"Doc a sola firma, descont. y comprados",4550000.0,N,2026,1,2026-01,balres
00384,UALA BANK S.A.U.,100010303020,Personales,224195644.0,N,2026,1,2026-01,balres
00384,UALA BANK S.A.U.,100010303030,Otros,71510346.0,N,2026,1,2026-01,balres
00384,UALA BANK S.A.U.,100010303045,Intereses y dif. cotiz. deveng. a cobrar,37439147.0,N,2026,1,2026-01,balres
00384,UALA BANK S.A.U.,100010303055,Intereses documentados,-77282.0,N,2026,1,2026-01,balres
00384,UALA BANK S.A.U.,100010303060,Ajustes NIIF,3688582.0,N,2026,1,2026-01,balres
00384,UALA BANK S.A.U.,100010304000,Previsiones,-131662236.0,N,2026,1,2026-01,balres
00384,UALA BANK S.A.U.,100010400000,Otros Cred.por Interm.Finan.,53053411.0,N,2026,1,2026-01,balres
00384,UALA BANK S.A.U.,100010700000,Créditos Diversos,6743375.0,N,2026,1,2026-01,balres
00384,UALA BANK S.A.U.,100010800000,"Propiedad, plantas y equipo",3221055.0,N,2026,1,2026-01,balres
00384,UALA BANK S.A.U.,100010900000,Bienes Diversos,0.0,N,2026,1,2026-01,balres
00384,UALA BANK S.A.U.,100011000000,Activos Intangibles,1663879.0,N,2026,1,2026-01,balres
00384,UALA BANK S.A.U.,100020000000,P A S I V O,536335758.0,N,2026,1,2026-01,balres
00384,UALA BANK S.A.U.,100020100000,Depósitos,507997803.0,N,2026,1,2026-01,balres
00384,UALA BANK S.A.U.,100020103000,Sector Privado no Financiero y Residentes en el Ext.,507997803.0,N,2026,1,2026-01,balres
00384,UALA BANK S.A.U.,100020103005,Caja de ahorros,268558189.0,N,2026,1,2026-01,balres
00384,UALA BANK S.A.U.,100020103010,Plazo fijo e inversiones a plazo,229862297.0,N,2026,1,2026-01,balres
00384,UALA BANK S.A.U.,100020103015,Otros,629721.0,N,2026,1,2026-01,balres
00384,UALA BANK S.A.U.,100020103020,Intereses y dif. cotiz. deveng. a pagar,8947596.0,N,2026,1,2026-01,balres
00384,UALA BANK S.A.U.,100020200000,Otras Oblig.por Intermed. Financ.,18513177.0,N,2026,1,2026-01,balres
00384,UALA BANK S.A.U.,100020300000,Obligaciones Diversas,8930984.0,N,2026,1,2026-01,balres
00384,UALA BANK S.A.U.,100020400000,Provisiones,893794.0,N,2026,1,2026-01,balres
00384,UALA BANK S.A.U.,100030000000,P A T R I M O N I O   N E T O,34367561.0,N,2026,1,2026-01,balres
00384,UALA BANK S.A.U.,100030100000,"Capital, Aportes, Reservas y ORI acumulado",136136115.0,N,2026,1,2026-01,balres
00384,UALA BANK S.A.U.,100030600000,Resultados no asignados,-101768554.0,N,2026,1,2026-01,balres
00384,UALA BANK S.A.U.,100040000000,R D O S. I N T E G R A L E S  A C U M.  D E L  P E R I O D O,-4386127.0,N,2026,1,2026-01,balres
00384,UALA BANK S.A.U.,100040100000,Ingresos financieros,19477895.0,N,2026,1,2026-01,balres
00384,UALA BANK S.A.U.,100040100005,Por Intereses,17589098.0,N,2026,1,2026-01,balres
00384,UALA BANK S.A.U.,100040100090,Otros Ingresos Financieros,1888797.0,N,2026,1,2026-01,balres
00384,UALA BANK S.A.U.,100040200000,Egresos financieros,-10254743.0,N,2026,1,2026-01,balres
00384,UALA BANK S.A.U.,100040200005,Por Intereses,-8766636.0,N,2026,1,2026-01,balres
00384,UALA BANK S.A.U.,100040200090,Otros Egresos Financieros,-1488107.0,N,2026,1,2026-01,balres
00384,UALA BANK S.A.U.,100040300000,Cargo por incobrabilidad,-8703576.0,N,2026,1,2026-01,balres
00384,UALA BANK S.A.U.,100040400000,Ingresos por servicios,524878.0,N,2026,1,2026-01,balres
00384,UALA BANK S.A.U.,100040500000,Egresos por servicios,-1106493.0,N,2026,1,2026-01,balres
00384,UALA BANK S.A.U.,100040700000,Gastos de administración,-3607926.0,N,2026,1,2026-01,balres
00384,UALA BANK S.A.U.,100040800000,Créditos recuperados y previsiones desafectadas,1216.0,N,2026,1,2026-01,balres
00384,UALA BANK S.A.U.,100041200000,Resultado monetario,-988826.0,N,2026,1,2026-01,balres
00384,UALA BANK S.A.U.,100041300000,Otros,271448.0,N,2026,1,2026-01,balres
00384,UALA BANK S.A.U.,100050000000,PARTIDAS FUERA DE BALANCE,0.0,N,2026,1,2026-01,balres
00384,UALA BANK S.A.U.,100050100000,Créditos irrecuperables en partidas fuera del balance,0.0,N,2026,1,2026-01,balres
00384,UALA BANK S.A.U.,100050200000,Contingentes acreedoras,160202158.0,N,2026,1,2026-01,balres
00384,UALA BANK S.A.U.,100050600000,Contingentes deudoras,0.0,N,2026,1,2026-01,balres
00384,UALA BANK S.A.U.,100050700000,De Control deudoras,5563340.0,N,2026,1,2026-01,balres
00386,NUEVO BANCO DE ENTRE RÍOS S.A.,100010000000,A C T I V O,1880436145.0,N,2026,1,2026-01,balres
00386,NUEVO BANCO DE ENTRE RÍOS S.A.,100010100000,Efectivo y deposito en bancos,169619767.0,N,2026,1,2026-01,balres
00386,NUEVO BANCO DE ENTRE RÍOS S.A.,100010200000,Títulos Públicos y Privados,575640572.0,N,2026,1,2026-01,balres
00386,NUEVO BANCO DE ENTRE RÍOS S.A.,100010300000,Préstamos,800433762.0,N,2026,1,2026-01,balres
00386,NUEVO BANCO DE ENTRE RÍOS S.A.,100010301000,Sector Público no Financiero,51873432.0,N,2026,1,2026-01,balres
00386,NUEVO BANCO DE ENTRE RÍOS S.A.,100010302000,Sector Financiero,44757100.0,N,2026,1,2026-01,balres
00386,NUEVO BANCO DE ENTRE RÍOS S.A.,100010303000,Sector Privado no Financiero y Residentes en el Ext.,729955036.0,N,2026,1,2026-01,balres
00386,NUEVO BANCO DE ENTRE RÍOS S.A.,100010303001,Adelantos,34812267.0,N,2026,1,2026-01,balres
00386,NUEVO BANCO DE ENTRE RÍOS S.A.,100010303005,"Doc a sola firma, descont. y comprados",224443059.0,N,2026,1,2026-01,balres
00386,NUEVO BANCO DE ENTRE RÍOS S.A.,100010303010,Hipotecarios,33198028.0,N,2026,1,2026-01,balres
00386,NUEVO BANCO DE ENTRE RÍOS S.A.,100010303015,Prendarios,7473183.0,N,2026,1,2026-01,balres
00386,NUEVO BANCO DE ENTRE RÍOS S.A.,100010303020,Personales,227894238.0,N,2026,1,2026-01,balres
00386,NUEVO BANCO DE ENTRE RÍOS S.A.,100010303030,Otros,185214842.0,N,2026,1,2026-01,balres
00386,NUEVO BANCO DE ENTRE RÍOS S.A.,100010303045,Intereses y dif. cotiz. deveng. a cobrar,22601585.0,N,2026,1,2026-01,balres
00386,NUEVO BANCO DE ENTRE RÍOS S.A.,100010303050,Cobros no aplicados,-38037.0,N,2026,1,2026-01,balres
00386,NUEVO BANCO DE ENTRE RÍOS S.A.,100010303055,Intereses documentados,-3427298.0,N,2026,1,2026-01,balres
00386,NUEVO BANCO DE ENTRE RÍOS S.A.,100010303060,Ajustes NIIF,-2216831.0,N,2026,1,2026-01,balres
00386,NUEVO BANCO DE ENTRE RÍOS S.A.,100010304000,Previsiones,-26151806.0,N,2026,1,2026-01,balres
00386,NUEVO BANCO DE ENTRE RÍOS S.A.,100010400000,Otros Cred.por Interm.Finan.,41949695.0,N,2026,1,2026-01,balres
00386,NUEVO BANCO DE ENTRE RÍOS S.A.,100010500000,Credito por arrendamiento financiero,413734.0,N,2026,1,2026-01,balres
00386,NUEVO BANCO DE ENTRE RÍOS S.A.,100010600000,Part. en otras Sociedades,257651.0,N,2026,1,2026-01,balres
00386,NUEVO BANCO DE ENTRE RÍOS S.A.,100010600020,Otras,257651.0,N,2026,1,2026-01,balres
00386,NUEVO BANCO DE ENTRE RÍOS S.A.,100010700000,Créditos Diversos,33228800.0,N,2026,1,2026-01,balres
00386,NUEVO BANCO DE ENTRE RÍOS S.A.,100010800000,"Propiedad, plantas y equipo",171633170.0,N,2026,1,2026-01,balres
00386,NUEVO BANCO DE ENTRE RÍOS S.A.,100010900000,Bienes Diversos,68488145.0,N,2026,1,2026-01,balres
00386,NUEVO BANCO DE ENTRE RÍOS S.A.,100011000000,Activos Intangibles,18749733.0,N,2026,1,2026-01,balres
00386,NUEVO BANCO DE ENTRE RÍOS S.A.,100011200000,Partidas Pend. de Imputación,21116.0,N,2026,1,2026-01,balres
00386,NUEVO BANCO DE ENTRE RÍOS S.A.,100020000000,P A S I V O,1459965459.0,N,2026,1,2026-01,balres
00386,NUEVO BANCO DE ENTRE RÍOS S.A.,100020100000,Depósitos,1264553160.0,N,2026,1,2026-01,balres
00386,NUEVO BANCO DE ENTRE RÍOS S.A.,100020101000,Sector Público no financiero,506107117.0,N,2026,1,2026-01,balres
00386,NUEVO BANCO DE ENTRE RÍOS S.A.,100020102000,Sector Financiero,23671.0,N,2026,1,2026-01,balres
00386,NUEVO BANCO DE ENTRE RÍOS S.A.,100020103000,Sector Privado no Financiero y Residentes en el Ext.,758422372.0,N,2026,1,2026-01,balres
00386,NUEVO BANCO DE ENTRE RÍOS S.A.,100020103001,Cuentas corrientes,56861979.0,N,2026,1,2026-01,balres
00386,NUEVO BANCO DE ENTRE RÍOS S.A.,100020103005,Caja de ahorros,330390822.0,N,2026,1,2026-01,balres
00386,NUEVO BANCO DE ENTRE RÍOS S.A.,100020103010,Plazo fijo e inversiones a plazo,325464508.0,N,2026,1,2026-01,balres
00386,NUEVO BANCO DE ENTRE RÍOS S.A.,100020103015,Otros,41098309.0,N,2026,1,2026-01,balres
00386,NUEVO BANCO DE ENTRE RÍOS S.A.,100020103020,Intereses y dif. cotiz. deveng. a pagar,4606754.0,N,2026,1,2026-01,balres
00386,NUEVO BANCO DE ENTRE RÍOS S.A.,100020200000,Otras Oblig.por Intermed. Financ.,93735278.0,N,2026,1,2026-01,balres
00386,NUEVO BANCO DE ENTRE RÍOS S.A.,100020300000,Obligaciones Diversas,99421362.0,N,2026,1,2026-01,balres
00386,NUEVO BANCO DE ENTRE RÍOS S.A.,100020400000,Provisiones,2165990.0,N,2026,1,2026-01,balres
00386,NUEVO BANCO DE ENTRE RÍOS S.A.,100020500000,Obligaciones Subordinadas,3422.0,N,2026,1,2026-01,balres
00386,NUEVO BANCO DE ENTRE RÍOS S.A.,100020600000,Partidas Pendientes de Imputación,86247.0,N,2026,1,2026-01,balres
00386,NUEVO BANCO DE ENTRE RÍOS S.A.,100030000000,P A T R I M O N I O   N E T O,420470686.0,N,2026,1,2026-01,balres
00386,NUEVO BANCO DE ENTRE RÍOS S.A.,100030100000,"Capital, Aportes, Reservas y ORI acumulado",376207449.0,N,2026,1,2026-01,balres
00386,NUEVO BANCO DE ENTRE RÍOS S.A.,100030600000,Resultados no asignados,44263237.0,N,2026,1,2026-01,balres
00386,NUEVO BANCO DE ENTRE RÍOS S.A.,100040000000,R D O S. I N T E G R A L E S  A C U M.  D E L  P E R I O D O,2305586.0,N,2026,1,2026-01,balres
00386,NUEVO BANCO DE ENTRE RÍOS S.A.,100040100000,Ingresos financieros,44679032.0,N,2026,1,2026-01,balres
00386,NUEVO BANCO DE ENTRE RÍOS S.A.,100040100005,Por Intereses,40932807.0,N,2026,1,2026-01,balres
00386,NUEVO BANCO DE ENTRE RÍOS S.A.,100040100090,Otros Ingresos Financieros,3746225.0,N,2026,1,2026-01,balres
00386,NUEVO BANCO DE ENTRE RÍOS S.A.,100040200000,Egresos financieros,-19841931.0,N,2026,1,2026-01,balres
00386,NUEVO BANCO DE ENTRE RÍOS S.A.,100040200005,Por Intereses,-14862585.0,N,2026,1,2026-01,balres
00386,NUEVO BANCO DE ENTRE RÍOS S.A.,100040200090,Otros Egresos Financieros,-4979346.0,N,2026,1,2026-01,balres
00386,NUEVO BANCO DE ENTRE RÍOS S.A.,100040300000,Cargo por incobrabilidad,-7295152.0,N,2026,1,2026-01,balres
00386,NUEVO BANCO DE ENTRE RÍOS S.A.,100040400000,Ingresos por servicios,7654718.0,N,2026,1,2026-01,balres
00386,NUEVO BANCO DE ENTRE RÍOS S.A.,100040500000,Egresos por servicios,-5134433.0,N,2026,1,2026-01,balres
00386,NUEVO BANCO DE ENTRE RÍOS S.A.,100040700000,Gastos de administración,-13645127.0,N,2026,1,2026-01,balres
00386,NUEVO BANCO DE ENTRE RÍOS S.A.,100040800000,Créditos recuperados y previsiones desafectadas,2635298.0,N,2026,1,2026-01,balres
00386,NUEVO BANCO DE ENTRE RÍOS S.A.,100041200000,Resultado monetario,-4912714.0,N,2026,1,2026-01,balres
00386,NUEVO BANCO DE ENTRE RÍOS S.A.,100041300000,Otros,-1175358.0,N,2026,1,2026-01,balres
00386,NUEVO BANCO DE ENTRE RÍOS S.A.,100041400000,Impuesto a las ganancias,-658747.0,N,2026,1,2026-01,balres
00386,NUEVO BANCO DE ENTRE RÍOS S.A.,100050000000,PARTIDAS FUERA DE BALANCE,0.0,N,2026,1,2026-01,balres
00386,NUEVO BANCO DE ENTRE RÍOS S.A.,100050100000,Créditos irrecuperables en partidas fuera del balance,1341023.0,N,2026,1,2026-01,balres
00386,NUEVO BANCO DE ENTRE RÍOS S.A.,100050200000,Contingentes acreedoras,706631227.0,N,2026,1,2026-01,balres
00386,NUEVO BANCO DE ENTRE RÍOS S.A.,100050400000,De Derivados acreedoras,0.0,N,2026,1,2026-01,balres
00386,NUEVO BANCO DE ENTRE RÍOS S.A.,100050600000,Contingentes deudoras,277233257.0,N,2026,1,2026-01,balres
00386,NUEVO BANCO DE ENTRE RÍOS S.A.,100050700000,De Control deudoras,128562285.0,N,2026,1,2026-01,balres
00386,NUEVO BANCO DE ENTRE RÍOS S.A.,100050800000,De Derivados deudoras,0.0,N,2026,1,2026-01,balres
00389,BANCO COLUMBIA S.A.,100010000000,A C T I V O,677486124.0,N,2026,1,2026-01,balres
00389,BANCO COLUMBIA S.A.,100010100000,Efectivo y deposito en bancos,46018245.0,N,2026,1,2026-01,balres
00389,BANCO COLUMBIA S.A.,100010200000,Títulos Públicos y Privados,63929661.0,N,2026,1,2026-01,balres
00389,BANCO COLUMBIA S.A.,100010300000,Préstamos,241225734.0,N,2026,1,2026-01,balres
00389,BANCO COLUMBIA S.A.,100010301000,Sector Público no Financiero,53.0,N,2026,1,2026-01,balres
00389,BANCO COLUMBIA S.A.,100010302000,Sector Financiero,0.0,N,2026,1,2026-01,balres
00389,BANCO COLUMBIA S.A.,100010303000,Sector Privado no Financiero y Residentes en el Ext.,275094634.0,N,2026,1,2026-01,balres
00389,BANCO COLUMBIA S.A.,100010303001,Adelantos,5212722.0,N,2026,1,2026-01,balres
00389,BANCO COLUMBIA S.A.,100010303005,"Doc a sola firma, descont. y comprados",122928.0,N,2026,1,2026-01,balres
00389,BANCO COLUMBIA S.A.,100010303015,Prendarios,41099576.0,N,2026,1,2026-01,balres
00389,BANCO COLUMBIA S.A.,100010303020,Personales,113309293.0,N,2026,1,2026-01,balres
00389,BANCO COLUMBIA S.A.,100010303030,Otros,86690245.0,N,2026,1,2026-01,balres
00389,BANCO COLUMBIA S.A.,100010303045,Intereses y dif. cotiz. deveng. a cobrar,18797794.0,N,2026,1,2026-01,balres
00389,BANCO COLUMBIA S.A.,100010303055,Intereses documentados,-9519.0,N,2026,1,2026-01,balres
00389,BANCO COLUMBIA S.A.,100010303060,Ajustes NIIF,9871595.0,N,2026,1,2026-01,balres
00389,BANCO COLUMBIA S.A.,100010304000,Previsiones,-33868953.0,N,2026,1,2026-01,balres
00389,BANCO COLUMBIA S.A.,100010400000,Otros Cred.por Interm.Finan.,235328576.0,N,2026,1,2026-01,balres
00389,BANCO COLUMBIA S.A.,100010600000,Part. en otras Sociedades,0.0,N,2026,1,2026-01,balres
00389,BANCO COLUMBIA S.A.,100010600020,Otras,0.0,N,2026,1,2026-01,balres
00389,BANCO COLUMBIA S.A.,100010700000,Créditos Diversos,64692215.0,N,2026,1,2026-01,balres
00389,BANCO COLUMBIA S.A.,100010800000,"Propiedad, plantas y equipo",19986977.0,N,2026,1,2026-01,balres
00389,BANCO COLUMBIA S.A.,100011000000,Activos Intangibles,6304716.0,N,2026,1,2026-01,balres
00389,BANCO COLUMBIA S.A.,100020000000,P A S I V O,638405914.0,N,2026,1,2026-01,balres
00389,BANCO COLUMBIA S.A.,100020100000,Depósitos,266436869.0,N,2026,1,2026-01,balres
00389,BANCO COLUMBIA S.A.,100020101000,Sector Público no financiero,3091096.0,N,2026,1,2026-01,balres
00389,BANCO COLUMBIA S.A.,100020102000,Sector Financiero,1.0,N,2026,1,2026-01,balres
00389,BANCO COLUMBIA S.A.,100020103000,Sector Privado no Financiero y Residentes en el Ext.,263345772.0,N,2026,1,2026-01,balres
00389,BANCO COLUMBIA S.A.,100020103001,Cuentas corrientes,10739626.0,N,2026,1,2026-01,balres
00389,BANCO COLUMBIA S.A.,100020103005,Caja de ahorros,67651727.0,N,2026,1,2026-01,balres
00389,BANCO COLUMBIA S.A.,100020103010,Plazo fijo e inversiones a plazo,179020980.0,N,2026,1,2026-01,balres
00389,BANCO COLUMBIA S.A.,100020103015,Otros,3254654.0,N,2026,1,2026-01,balres
00389,BANCO COLUMBIA S.A.,100020103020,Intereses y dif. cotiz. deveng. a pagar,2678785.0,N,2026,1,2026-01,balres
00389,BANCO COLUMBIA S.A.,100020200000,Otras Oblig.por Intermed. Financ.,351153350.0,N,2026,1,2026-01,balres
00389,BANCO COLUMBIA S.A.,100020300000,Obligaciones Diversas,18941022.0,N,2026,1,2026-01,balres
00389,BANCO COLUMBIA S.A.,100020400000,Provisiones,728958.0,N,2026,1,2026-01,balres
00389,BANCO COLUMBIA S.A.,100020500000,Obligaciones Subordinadas,1145715.0,N,2026,1,2026-01,balres
00389,BANCO COLUMBIA S.A.,100030000000,P A T R I M O N I O   N E T O,39080210.0,N,2026,1,2026-01,balres
00389,BANCO COLUMBIA S.A.,100030100000,"Capital, Aportes, Reservas y ORI acumulado",103439337.0,N,2026,1,2026-01,balres
00389,BANCO COLUMBIA S.A.,100030600000,Resultados no asignados,-64359127.0,N,2026,1,2026-01,balres
00389,BANCO COLUMBIA S.A.,100040000000,R D O S. I N T E G R A L E S  A C U M.  D E L  P E R I O D O,-2999636.0,N,2026,1,2026-01,balres
00389,BANCO COLUMBIA S.A.,100040100000,Ingresos financieros,21646307.0,N,2026,1,2026-01,balres
00389,BANCO COLUMBIA S.A.,100040100005,Por Intereses,15531409.0,N,2026,1,2026-01,balres
00389,BANCO COLUMBIA S.A.,100040100090,Otros Ingresos Financieros,6114898.0,N,2026,1,2026-01,balres
00389,BANCO COLUMBIA S.A.,100040200000,Egresos financieros,-13529376.0,N,2026,1,2026-01,balres
00389,BANCO COLUMBIA S.A.,100040200005,Por Intereses,-12087749.0,N,2026,1,2026-01,balres
00389,BANCO COLUMBIA S.A.,100040200090,Otros Egresos Financieros,-1441627.0,N,2026,1,2026-01,balres
00389,BANCO COLUMBIA S.A.,100040300000,Cargo por incobrabilidad,-3109789.0,N,2026,1,2026-01,balres
00389,BANCO COLUMBIA S.A.,100040400000,Ingresos por servicios,2322024.0,N,2026,1,2026-01,balres
00389,BANCO COLUMBIA S.A.,100040500000,Egresos por servicios,-1935490.0,N,2026,1,2026-01,balres
00389,BANCO COLUMBIA S.A.,100040700000,Gastos de administración,-8234378.0,N,2026,1,2026-01,balres
00389,BANCO COLUMBIA S.A.,100040800000,Créditos recuperados y previsiones desafectadas,72.0,N,2026,1,2026-01,balres
00389,BANCO COLUMBIA S.A.,100041200000,Resultado monetario,-396780.0,N,2026,1,2026-01,balres
00389,BANCO COLUMBIA S.A.,100041300000,Otros,506182.0,N,2026,1,2026-01,balres
00389,BANCO COLUMBIA S.A.,100041400000,Impuesto a las ganancias,-268408.0,N,2026,1,2026-01,balres
00389,BANCO COLUMBIA S.A.,100050000000,PARTIDAS FUERA DE BALANCE,0.0,N,2026,1,2026-01,balres
00389,BANCO COLUMBIA S.A.,100050100000,Créditos irrecuperables en partidas fuera del balance,1630675.0,N,2026,1,2026-01,balres
00389,BANCO COLUMBIA S.A.,100050200000,Contingentes acreedoras,119739559.0,N,2026,1,2026-01,balres
00389,BANCO COLUMBIA S.A.,100050300000,De Control acreedoras,78975.0,N,2026,1,2026-01,balres
00389,BANCO COLUMBIA S.A.,100050400000,De Derivados acreedoras,1447666.0,N,2026,1,2026-01,balres
00389,BANCO COLUMBIA S.A.,100050600000,Contingentes deudoras,185091743.0,N,2026,1,2026-01,balres
00389,BANCO COLUMBIA S.A.,100050700000,De Control deudoras,126730453.0,N,2026,1,2026-01,balres
00389,BANCO COLUMBIA S.A.,100050800000,De Derivados deudoras,5000000.0,N,2026,1,2026-01,balres
00426,BANCO BICA S.A.,100010000000,A C T I V O,258341997.0,N,2026,1,2026-01,balres
00426,BANCO BICA S.A.,100010100000,Efectivo y deposito en bancos,26298538.0,N,2026,1,2026-01,balres
00426,BANCO BICA S.A.,100010200000,Títulos Públicos y Privados,54366786.0,N,2026,1,2026-01,balres
00426,BANCO BICA S.A.,100010300000,Préstamos,150373850.0,N,2026,1,2026-01,balres
00426,BANCO BICA S.A.,100010301000,Sector Público no Financiero,0.0,N,2026,1,2026-01,balres
00426,BANCO BICA S.A.,100010302000,Sector Financiero,12027205.0,N,2026,1,2026-01,balres
00426,BANCO BICA S.A.,100010303000,Sector Privado no Financiero y Residentes en el Ext.,141506447.0,N,2026,1,2026-01,balres
00426,BANCO BICA S.A.,100010303001,Adelantos,24287491.0,N,2026,1,2026-01,balres
00426,BANCO BICA S.A.,100010303005,"Doc a sola firma, descont. y comprados",74185241.0,N,2026,1,2026-01,balres
00426,BANCO BICA S.A.,100010303010,Hipotecarios,466080.0,N,2026,1,2026-01,balres
00426,BANCO BICA S.A.,100010303015,Prendarios,847802.0,N,2026,1,2026-01,balres
00426,BANCO BICA S.A.,100010303020,Personales,19749322.0,N,2026,1,2026-01,balres
00426,BANCO BICA S.A.,100010303030,Otros,18801720.0,N,2026,1,2026-01,balres
00426,BANCO BICA S.A.,100010303045,Intereses y dif. cotiz. deveng. a cobrar,2228337.0,N,2026,1,2026-01,balres
00426,BANCO BICA S.A.,100010303050,Cobros no aplicados,-54447.0,N,2026,1,2026-01,balres
00426,BANCO BICA S.A.,100010303055,Intereses documentados,-1166252.0,N,2026,1,2026-01,balres
00426,BANCO BICA S.A.,100010303060,Ajustes NIIF,2161153.0,N,2026,1,2026-01,balres
00426,BANCO BICA S.A.,100010304000,Previsiones,-3159802.0,N,2026,1,2026-01,balres
00426,BANCO BICA S.A.,100010400000,Otros Cred.por Interm.Finan.,13890675.0,N,2026,1,2026-01,balres
00426,BANCO BICA S.A.,100010700000,Créditos Diversos,2190122.0,N,2026,1,2026-01,balres
00426,BANCO BICA S.A.,100010800000,"Propiedad, plantas y equipo",9879048.0,N,2026,1,2026-01,balres
00426,BANCO BICA S.A.,100010900000,Bienes Diversos,566025.0,N,2026,1,2026-01,balres
00426,BANCO BICA S.A.,100011000000,Activos Intangibles,731476.0,N,2026,1,2026-01,balres
00426,BANCO BICA S.A.,100011200000,Partidas Pend. de Imputación,45477.0,N,2026,1,2026-01,balres
00426,BANCO BICA S.A.,100020000000,P A S I V O,210707292.0,N,2026,1,2026-01,balres
00426,BANCO BICA S.A.,100020100000,Depósitos,194840204.0,N,2026,1,2026-01,balres
00426,BANCO BICA S.A.,100020101000,Sector Público no financiero,12927146.0,N,2026,1,2026-01,balres
00426,BANCO BICA S.A.,100020102000,Sector Financiero,3.0,N,2026,1,2026-01,balres
00426,BANCO BICA S.A.,100020103000,Sector Privado no Financiero y Residentes en el Ext.,181913055.0,N,2026,1,2026-01,balres
00426,BANCO BICA S.A.,100020103001,Cuentas corrientes,24800295.0,N,2026,1,2026-01,balres
00426,BANCO BICA S.A.,100020103005,Caja de ahorros,26012256.0,N,2026,1,2026-01,balres
00426,BANCO BICA S.A.,100020103010,Plazo fijo e inversiones a plazo,128652002.0,N,2026,1,2026-01,balres
00426,BANCO BICA S.A.,100020103015,Otros,672844.0,N,2026,1,2026-01,balres
00426,BANCO BICA S.A.,100020103020,Intereses y dif. cotiz. deveng. a pagar,1775658.0,N,2026,1,2026-01,balres
00426,BANCO BICA S.A.,100020200000,Otras Oblig.por Intermed. Financ.,7454291.0,N,2026,1,2026-01,balres
00426,BANCO BICA S.A.,100020300000,Obligaciones Diversas,8207705.0,N,2026,1,2026-01,balres
00426,BANCO BICA S.A.,100020400000,Provisiones,6210.0,N,2026,1,2026-01,balres
00426,BANCO BICA S.A.,100020600000,Partidas Pendientes de Imputación,198882.0,N,2026,1,2026-01,balres
00426,BANCO BICA S.A.,100030000000,P A T R I M O N I O   N E T O,47634705.0,N,2026,1,2026-01,balres
00426,BANCO BICA S.A.,100030100000,"Capital, Aportes, Reservas y ORI acumulado",44592645.0,N,2026,1,2026-01,balres
00426,BANCO BICA S.A.,100030600000,Resultados no asignados,3042060.0,N,2026,1,2026-01,balres
00426,BANCO BICA S.A.,100040000000,R D O S. I N T E G R A L E S  A C U M.  D E L  P E R I O D O,432135.0,N,2026,1,2026-01,balres
00426,BANCO BICA S.A.,100040100000,Ingresos financieros,7874651.0,N,2026,1,2026-01,balres
00426,BANCO BICA S.A.,100040100005,Por Intereses,6965487.0,N,2026,1,2026-01,balres
00426,BANCO BICA S.A.,100040100090,Otros Ingresos Financieros,909164.0,N,2026,1,2026-01,balres
00426,BANCO BICA S.A.,100040200000,Egresos financieros,-3901914.0,N,2026,1,2026-01,balres
00426,BANCO BICA S.A.,100040200005,Por Intereses,-3168920.0,N,2026,1,2026-01,balres
00426,BANCO BICA S.A.,100040200090,Otros Egresos Financieros,-732994.0,N,2026,1,2026-01,balres
00426,BANCO BICA S.A.,100040300000,Cargo por incobrabilidad,-1097945.0,N,2026,1,2026-01,balres
00426,BANCO BICA S.A.,100040400000,Ingresos por servicios,854673.0,N,2026,1,2026-01,balres
00426,BANCO BICA S.A.,100040500000,Egresos por servicios,-353782.0,N,2026,1,2026-01,balres
00426,BANCO BICA S.A.,100040700000,Gastos de administración,-1931357.0,N,2026,1,2026-01,balres
00426,BANCO BICA S.A.,100040800000,Créditos recuperados y previsiones desafectadas,214248.0,N,2026,1,2026-01,balres
00426,BANCO BICA S.A.,100041200000,Resultado monetario,-1030296.0,N,2026,1,2026-01,balres
00426,BANCO BICA S.A.,100041300000,Otros,57651.0,N,2026,1,2026-01,balres
00426,BANCO BICA S.A.,100041400000,Impuesto a las ganancias,-253794.0,N,2026,1,2026-01,balres
00426,BANCO BICA S.A.,100050000000,PARTIDAS FUERA DE BALANCE,0.0,N,2026,1,2026-01,balres
00426,BANCO BICA S.A.,100050100000,Créditos irrecuperables en partidas fuera del balance,1022086.0,N,2026,1,2026-01,balres
00426,BANCO BICA S.A.,100050200000,Contingentes acreedoras,27430790.0,N,2026,1,2026-01,balres
00426,BANCO BICA S.A.,100050300000,De Control acreedoras,203136611.0,N,2026,1,2026-01,balres
00426,BANCO BICA S.A.,100050600000,Contingentes deudoras,29774680.0,N,2026,1,2026-01,balres
00426,BANCO BICA S.A.,100050700000,De Control deudoras,231560955.0,N,2026,1,2026-01,balres
00431,BANCO COINAG S.A.,100010000000,A C T I V O,372953762.0,N,2026,1,2026-01,balres
00431,BANCO COINAG S.A.,100010100000,Efectivo y deposito en bancos,99045609.0,N,2026,1,2026-01,balres
00431,BANCO COINAG S.A.,100010200000,Títulos Públicos y Privados,71309646.0,N,2026,1,2026-01,balres
00431,BANCO COINAG S.A.,100010300000,Préstamos,134384555.0,N,2026,1,2026-01,balres
00431,BANCO COINAG S.A.,100010301000,Sector Público no Financiero,8972.0,N,2026,1,2026-01,balres
00431,BANCO COINAG S.A.,100010302000,Sector Financiero,4005697.0,N,2026,1,2026-01,balres
00431,BANCO COINAG S.A.,100010303000,Sector Privado no Financiero y Residentes en el Ext.,133849629.0,N,2026,1,2026-01,balres
00431,BANCO COINAG S.A.,100010303001,Adelantos,21438952.0,N,2026,1,2026-01,balres
00431,BANCO COINAG S.A.,100010303005,"Doc a sola firma, descont. y comprados",63039007.0,N,2026,1,2026-01,balres
00431,BANCO COINAG S.A.,100010303015,Prendarios,0.0,N,2026,1,2026-01,balres
00431,BANCO COINAG S.A.,100010303020,Personales,12372742.0,N,2026,1,2026-01,balres
00431,BANCO COINAG S.A.,100010303030,Otros,33149743.0,N,2026,1,2026-01,balres
00431,BANCO COINAG S.A.,100010303045,Intereses y dif. cotiz. deveng. a cobrar,5795857.0,N,2026,1,2026-01,balres
00431,BANCO COINAG S.A.,100010303050,Cobros no aplicados,0.0,N,2026,1,2026-01,balres
00431,BANCO COINAG S.A.,100010303055,Intereses documentados,-1408754.0,N,2026,1,2026-01,balres
00431,BANCO COINAG S.A.,100010303060,Ajustes NIIF,-537918.0,N,2026,1,2026-01,balres
00431,BANCO COINAG S.A.,100010304000,Previsiones,-3479743.0,N,2026,1,2026-01,balres
00431,BANCO COINAG S.A.,100010400000,Otros Cred.por Interm.Finan.,29764197.0,N,2026,1,2026-01,balres
00431,BANCO COINAG S.A.,100010500000,Credito por arrendamiento financiero,2576873.0,N,2026,1,2026-01,balres
00431,BANCO COINAG S.A.,100010600000,Part. en otras Sociedades,1203565.0,N,2026,1,2026-01,balres
00431,BANCO COINAG S.A.,100010600020,Otras,1203565.0,N,2026,1,2026-01,balres
00431,BANCO COINAG S.A.,100010700000,Créditos Diversos,9237069.0,N,2026,1,2026-01,balres
00431,BANCO COINAG S.A.,100010800000,"Propiedad, plantas y equipo",15227269.0,N,2026,1,2026-01,balres
00431,BANCO COINAG S.A.,100010900000,Bienes Diversos,5899660.0,N,2026,1,2026-01,balres
00431,BANCO COINAG S.A.,100011000000,Activos Intangibles,4305299.0,N,2026,1,2026-01,balres
00431,BANCO COINAG S.A.,100011200000,Partidas Pend. de Imputación,20.0,N,2026,1,2026-01,balres
00431,BANCO COINAG S.A.,100020000000,P A S I V O,325413982.0,N,2026,1,2026-01,balres
00431,BANCO COINAG S.A.,100020100000,Depósitos,313065520.0,N,2026,1,2026-01,balres
00431,BANCO COINAG S.A.,100020101000,Sector Público no financiero,6173972.0,N,2026,1,2026-01,balres
00431,BANCO COINAG S.A.,100020102000,Sector Financiero,457347.0,N,2026,1,2026-01,balres
00431,BANCO COINAG S.A.,100020103000,Sector Privado no Financiero y Residentes en el Ext.,306434201.0,N,2026,1,2026-01,balres
00431,BANCO COINAG S.A.,100020103001,Cuentas corrientes,47043762.0,N,2026,1,2026-01,balres
00431,BANCO COINAG S.A.,100020103005,Caja de ahorros,83934248.0,N,2026,1,2026-01,balres
00431,BANCO COINAG S.A.,100020103010,Plazo fijo e inversiones a plazo,79591181.0,N,2026,1,2026-01,balres
00431,BANCO COINAG S.A.,100020103015,Otros,94800647.0,N,2026,1,2026-01,balres
00431,BANCO COINAG S.A.,100020103020,Intereses y dif. cotiz. deveng. a pagar,1064363.0,N,2026,1,2026-01,balres
00431,BANCO COINAG S.A.,100020200000,Otras Oblig.por Intermed. Financ.,8123286.0,N,2026,1,2026-01,balres
00431,BANCO COINAG S.A.,100020300000,Obligaciones Diversas,4175799.0,N,2026,1,2026-01,balres
00431,BANCO COINAG S.A.,100020400000,Provisiones,49346.0,N,2026,1,2026-01,balres
00431,BANCO COINAG S.A.,100020600000,Partidas Pendientes de Imputación,31.0,N,2026,1,2026-01,balres
00431,BANCO COINAG S.A.,100030000000,P A T R I M O N I O   N E T O,47539780.0,N,2026,1,2026-01,balres
00431,BANCO COINAG S.A.,100030100000,"Capital, Aportes, Reservas y ORI acumulado",31224820.0,N,2026,1,2026-01,balres
00431,BANCO COINAG S.A.,100030600000,Resultados no asignados,16314960.0,N,2026,1,2026-01,balres
00431,BANCO COINAG S.A.,100040000000,R D O S. I N T E G R A L E S  A C U M.  D E L  P E R I O D O,225415.0,N,2026,1,2026-01,balres
00431,BANCO COINAG S.A.,100040100000,Ingresos financieros,7240775.0,N,2026,1,2026-01,balres
00431,BANCO COINAG S.A.,100040100005,Por Intereses,6157628.0,N,2026,1,2026-01,balres
00431,BANCO COINAG S.A.,100040100090,Otros Ingresos Financieros,1083147.0,N,2026,1,2026-01,balres
00431,BANCO COINAG S.A.,100040200000,Egresos financieros,-3323201.0,N,2026,1,2026-01,balres
00431,BANCO COINAG S.A.,100040200005,Por Intereses,-2648767.0,N,2026,1,2026-01,balres
00431,BANCO COINAG S.A.,100040200090,Otros Egresos Financieros,-674434.0,N,2026,1,2026-01,balres
00431,BANCO COINAG S.A.,100040300000,Cargo por incobrabilidad,-488783.0,N,2026,1,2026-01,balres
00431,BANCO COINAG S.A.,100040400000,Ingresos por servicios,1397375.0,N,2026,1,2026-01,balres
00431,BANCO COINAG S.A.,100040500000,Egresos por servicios,-1188778.0,N,2026,1,2026-01,balres
00431,BANCO COINAG S.A.,100040700000,Gastos de administración,-2899855.0,N,2026,1,2026-01,balres
00431,BANCO COINAG S.A.,100040800000,Créditos recuperados y previsiones desafectadas,88530.0,N,2026,1,2026-01,balres
00431,BANCO COINAG S.A.,100041200000,Resultado monetario,-498889.0,N,2026,1,2026-01,balres
00431,BANCO COINAG S.A.,100041300000,Otros,99918.0,N,2026,1,2026-01,balres
00431,BANCO COINAG S.A.,100041400000,Impuesto a las ganancias,-201677.0,N,2026,1,2026-01,balres
00431,BANCO COINAG S.A.,100050000000,PARTIDAS FUERA DE BALANCE,0.0,N,2026,1,2026-01,balres
00431,BANCO COINAG S.A.,100050100000,Créditos irrecuperables en partidas fuera del balance,427006.0,N,2026,1,2026-01,balres
00431,BANCO COINAG S.A.,100050200000,Contingentes acreedoras,28557155.0,N,2026,1,2026-01,balres
00431,BANCO COINAG S.A.,100050300000,De Control acreedoras,5008890.0,N,2026,1,2026-01,balres
00431,BANCO COINAG S.A.,100050400000,De Derivados acreedoras,0.0,N,2026,1,2026-01,balres
00431,BANCO COINAG S.A.,100050600000,Contingentes deudoras,16527170.0,N,2026,1,2026-01,balres
00431,BANCO COINAG S.A.,100050700000,De Control deudoras,31264204.0,N,2026,1,2026-01,balres
00432,BANCO DE COMERCIO S.A.,100010000000,A C T I V O,156526190.0,N,2026,1,2026-01,balres
00432,BANCO DE COMERCIO S.A.,100010100000,Efectivo y deposito en bancos,10829462.0,N,2026,1,2026-01,balres
00432,BANCO DE COMERCIO S.A.,100010200000,Títulos Públicos y Privados,21635794.0,N,2026,1,2026-01,balres
00432,BANCO DE COMERCIO S.A.,100010300000,Préstamos,82012994.0,N,2026,1,2026-01,balres
00432,BANCO DE COMERCIO S.A.,100010302000,Sector Financiero,5894200.0,N,2026,1,2026-01,balres
00432,BANCO DE COMERCIO S.A.,100010303000,Sector Privado no Financiero y Residentes en el Ext.,77403776.0,N,2026,1,2026-01,balres
00432,BANCO DE COMERCIO S.A.,100010303001,Adelantos,9554055.0,N,2026,1,2026-01,balres
00432,BANCO DE COMERCIO S.A.,100010303005,"Doc a sola firma, descont. y comprados",37051140.0,N,2026,1,2026-01,balres
00432,BANCO DE COMERCIO S.A.,100010303010,Hipotecarios,3473655.0,N,2026,1,2026-01,balres
00432,BANCO DE COMERCIO S.A.,100010303015,Prendarios,6693809.0,N,2026,1,2026-01,balres
00432,BANCO DE COMERCIO S.A.,100010303020,Personales,8201870.0,N,2026,1,2026-01,balres
00432,BANCO DE COMERCIO S.A.,100010303030,Otros,16360542.0,N,2026,1,2026-01,balres
00432,BANCO DE COMERCIO S.A.,100010303045,Intereses y dif. cotiz. deveng. a cobrar,2510876.0,N,2026,1,2026-01,balres
00432,BANCO DE COMERCIO S.A.,100010303055,Intereses documentados,-6465327.0,N,2026,1,2026-01,balres
00432,BANCO DE COMERCIO S.A.,100010303060,Ajustes NIIF,23156.0,N,2026,1,2026-01,balres
00432,BANCO DE COMERCIO S.A.,100010304000,Previsiones,-1284982.0,N,2026,1,2026-01,balres
00432,BANCO DE COMERCIO S.A.,100010400000,Otros Cred.por Interm.Finan.,10087519.0,N,2026,1,2026-01,balres
00432,BANCO DE COMERCIO S.A.,100010500000,Credito por arrendamiento financiero,2308828.0,N,2026,1,2026-01,balres
00432,BANCO DE COMERCIO S.A.,100010700000,Créditos Diversos,25637504.0,N,2026,1,2026-01,balres
00432,BANCO DE COMERCIO S.A.,100010800000,"Propiedad, plantas y equipo",3929695.0,N,2026,1,2026-01,balres
00432,BANCO DE COMERCIO S.A.,100010900000,Bienes Diversos,6917.0,N,2026,1,2026-01,balres
00432,BANCO DE COMERCIO S.A.,100011000000,Activos Intangibles,77513.0,N,2026,1,2026-01,balres
00432,BANCO DE COMERCIO S.A.,100011200000,Partidas Pend. de Imputación,-36.0,N,2026,1,2026-01,balres
00432,BANCO DE COMERCIO S.A.,100020000000,P A S I V O,117191308.0,N,2026,1,2026-01,balres
00432,BANCO DE COMERCIO S.A.,100020100000,Depósitos,52437595.0,N,2026,1,2026-01,balres
00432,BANCO DE COMERCIO S.A.,100020102000,Sector Financiero,4008437.0,N,2026,1,2026-01,balres
00432,BANCO DE COMERCIO S.A.,100020103000,Sector Privado no Financiero y Residentes en el Ext.,48429158.0,N,2026,1,2026-01,balres
00432,BANCO DE COMERCIO S.A.,100020103001,Cuentas corrientes,26173691.0,N,2026,1,2026-01,balres
00432,BANCO DE COMERCIO S.A.,100020103005,Caja de ahorros,15354734.0,N,2026,1,2026-01,balres
00432,BANCO DE COMERCIO S.A.,100020103010,Plazo fijo e inversiones a plazo,6117312.0,N,2026,1,2026-01,balres
00432,BANCO DE COMERCIO S.A.,100020103015,Otros,555794.0,N,2026,1,2026-01,balres
00432,BANCO DE COMERCIO S.A.,100020103020,Intereses y dif. cotiz. deveng. a pagar,227627.0,N,2026,1,2026-01,balres
00432,BANCO DE COMERCIO S.A.,100020200000,Otras Oblig.por Intermed. Financ.,62466103.0,N,2026,1,2026-01,balres
00432,BANCO DE COMERCIO S.A.,100020300000,Obligaciones Diversas,2228336.0,N,2026,1,2026-01,balres
00432,BANCO DE COMERCIO S.A.,100020400000,Provisiones,53202.0,N,2026,1,2026-01,balres
00432,BANCO DE COMERCIO S.A.,100020600000,Partidas Pendientes de Imputación,6072.0,N,2026,1,2026-01,balres
00432,BANCO DE COMERCIO S.A.,100030000000,P A T R I M O N I O   N E T O,39334882.0,N,2026,1,2026-01,balres
00432,BANCO DE COMERCIO S.A.,100030100000,"Capital, Aportes, Reservas y ORI acumulado",24535827.0,N,2026,1,2026-01,balres
00432,BANCO DE COMERCIO S.A.,100030600000,Resultados no asignados,14799055.0,N,2026,1,2026-01,balres
00432,BANCO DE COMERCIO S.A.,100040000000,R D O S. I N T E G R A L E S  A C U M.  D E L  P E R I O D O,432919.0,N,2026,1,2026-01,balres
00432,BANCO DE COMERCIO S.A.,100040100000,Ingresos financieros,3860755.0,N,2026,1,2026-01,balres
00432,BANCO DE COMERCIO S.A.,100040100005,Por Intereses,3300696.0,N,2026,1,2026-01,balres
00432,BANCO DE COMERCIO S.A.,100040100090,Otros Ingresos Financieros,560059.0,N,2026,1,2026-01,balres
00432,BANCO DE COMERCIO S.A.,100040200000,Egresos financieros,-1256714.0,N,2026,1,2026-01,balres
00432,BANCO DE COMERCIO S.A.,100040200005,Por Intereses,-517640.0,N,2026,1,2026-01,balres
00432,BANCO DE COMERCIO S.A.,100040200090,Otros Egresos Financieros,-739074.0,N,2026,1,2026-01,balres
00432,BANCO DE COMERCIO S.A.,100040300000,Cargo por incobrabilidad,-23071.0,N,2026,1,2026-01,balres
00432,BANCO DE COMERCIO S.A.,100040400000,Ingresos por servicios,437346.0,N,2026,1,2026-01,balres
00432,BANCO DE COMERCIO S.A.,100040500000,Egresos por servicios,-135033.0,N,2026,1,2026-01,balres
00432,BANCO DE COMERCIO S.A.,100040700000,Gastos de administración,-1399860.0,N,2026,1,2026-01,balres
00432,BANCO DE COMERCIO S.A.,100040800000,Créditos recuperados y previsiones desafectadas,123018.0,N,2026,1,2026-01,balres
00432,BANCO DE COMERCIO S.A.,100041200000,Resultado monetario,-1003324.0,N,2026,1,2026-01,balres
00432,BANCO DE COMERCIO S.A.,100041300000,Otros,-123965.0,N,2026,1,2026-01,balres
00432,BANCO DE COMERCIO S.A.,100041400000,Impuesto a las ganancias,-46233.0,N,2026,1,2026-01,balres
00432,BANCO DE COMERCIO S.A.,100050000000,PARTIDAS FUERA DE BALANCE,0.0,N,2026,1,2026-01,balres
00432,BANCO DE COMERCIO S.A.,100050100000,Créditos irrecuperables en partidas fuera del balance,57105.0,N,2026,1,2026-01,balres
00432,BANCO DE COMERCIO S.A.,100050200000,Contingentes acreedoras,756883.0,N,2026,1,2026-01,balres
00432,BANCO DE COMERCIO S.A.,100050300000,De Control acreedoras,0.0,N,2026,1,2026-01,balres
00432,BANCO DE COMERCIO S.A.,100050400000,De Derivados acreedoras,2954000.0,N,2026,1,2026-01,balres
00432,BANCO DE COMERCIO S.A.,100050600000,Contingentes deudoras,133076297.0,N,2026,1,2026-01,balres
00432,BANCO DE COMERCIO S.A.,100050700000,De Control deudoras,47878027.0,N,2026,1,2026-01,balres
00432,BANCO DE COMERCIO S.A.,100050800000,De Derivados deudoras,2067800.0,N,2026,1,2026-01,balres
00432,BANCO DE COMERCIO S.A.,100050900000,De Actividad fiduciaria deudoras,330386.0,N,2026,1,2026-01,balres
00435,BANCO SUCREDITO REGIONAL S.A.U.,100010000000,A C T I V O,9424276.0,N,2026,1,2026-01,balres
00435,BANCO SUCREDITO REGIONAL S.A.U.,100010100000,Efectivo y deposito en bancos,296803.0,N,2026,1,2026-01,balres
00435,BANCO SUCREDITO REGIONAL S.A.U.,100010200000,Títulos Públicos y Privados,102402.0,N,2026,1,2026-01,balres
00435,BANCO SUCREDITO REGIONAL S.A.U.,100010300000,Préstamos,4332679.0,N,2026,1,2026-01,balres
00435,BANCO SUCREDITO REGIONAL S.A.U.,100010303000,Sector Privado no Financiero y Residentes en el Ext.,5016368.0,N,2026,1,2026-01,balres
00435,BANCO SUCREDITO REGIONAL S.A.U.,100010303001,Adelantos,736633.0,N,2026,1,2026-01,balres
00435,BANCO SUCREDITO REGIONAL S.A.U.,100010303005,"Doc a sola firma, descont. y comprados",3343096.0,N,2026,1,2026-01,balres
00435,BANCO SUCREDITO REGIONAL S.A.U.,100010303020,Personales,673793.0,N,2026,1,2026-01,balres
00435,BANCO SUCREDITO REGIONAL S.A.U.,100010303045,Intereses y dif. cotiz. deveng. a cobrar,291041.0,N,2026,1,2026-01,balres
00435,BANCO SUCREDITO REGIONAL S.A.U.,100010303055,Intereses documentados,-28195.0,N,2026,1,2026-01,balres
00435,BANCO SUCREDITO REGIONAL S.A.U.,100010304000,Previsiones,-683689.0,N,2026,1,2026-01,balres
00435,BANCO SUCREDITO REGIONAL S.A.U.,100010400000,Otros Cred.por Interm.Finan.,987562.0,N,2026,1,2026-01,balres
00435,BANCO SUCREDITO REGIONAL S.A.U.,100010700000,Créditos Diversos,3531182.0,N,2026,1,2026-01,balres
00435,BANCO SUCREDITO REGIONAL S.A.U.,100010800000,"Propiedad, plantas y equipo",173648.0,N,2026,1,2026-01,balres
00435,BANCO SUCREDITO REGIONAL S.A.U.,100011000000,Activos Intangibles,0.0,N,2026,1,2026-01,balres
00435,BANCO SUCREDITO REGIONAL S.A.U.,100011200000,Partidas Pend. de Imputación,0.0,N,2026,1,2026-01,balres
00435,BANCO SUCREDITO REGIONAL S.A.U.,100020000000,P A S I V O,1614173.0,N,2026,1,2026-01,balres
00435,BANCO SUCREDITO REGIONAL S.A.U.,100020100000,Depósitos,1136161.0,N,2026,1,2026-01,balres
00435,BANCO SUCREDITO REGIONAL S.A.U.,100020103000,Sector Privado no Financiero y Residentes en el Ext.,1136161.0,N,2026,1,2026-01,balres
00435,BANCO SUCREDITO REGIONAL S.A.U.,100020103001,Cuentas corrientes,421877.0,N,2026,1,2026-01,balres
00435,BANCO SUCREDITO REGIONAL S.A.U.,100020103005,Caja de ahorros,133057.0,N,2026,1,2026-01,balres
00435,BANCO SUCREDITO REGIONAL S.A.U.,100020103010,Plazo fijo e inversiones a plazo,538170.0,N,2026,1,2026-01,balres
00435,BANCO SUCREDITO REGIONAL S.A.U.,100020103015,Otros,22304.0,N,2026,1,2026-01,balres
00435,BANCO SUCREDITO REGIONAL S.A.U.,100020103020,Intereses y dif. cotiz. deveng. a pagar,20753.0,N,2026,1,2026-01,balres
00435,BANCO SUCREDITO REGIONAL S.A.U.,100020200000,Otras Oblig.por Intermed. Financ.,18454.0,N,2026,1,2026-01,balres
00435,BANCO SUCREDITO REGIONAL S.A.U.,100020300000,Obligaciones Diversas,459558.0,N,2026,1,2026-01,balres
00435,BANCO SUCREDITO REGIONAL S.A.U.,100030000000,P A T R I M O N I O   N E T O,7810103.0,N,2026,1,2026-01,balres
00435,BANCO SUCREDITO REGIONAL S.A.U.,100030100000,"Capital, Aportes, Reservas y ORI acumulado",19376475.0,N,2026,1,2026-01,balres
00435,BANCO SUCREDITO REGIONAL S.A.U.,100030600000,Resultados no asignados,-11566372.0,N,2026,1,2026-01,balres
00435,BANCO SUCREDITO REGIONAL S.A.U.,100040000000,R D O S. I N T E G R A L E S  A C U M.  D E L  P E R I O D O,-398856.0,N,2026,1,2026-01,balres
00435,BANCO SUCREDITO REGIONAL S.A.U.,100040100000,Ingresos financieros,255819.0,N,2026,1,2026-01,balres
00435,BANCO SUCREDITO REGIONAL S.A.U.,100040100005,Por Intereses,255819.0,N,2026,1,2026-01,balres
00435,BANCO SUCREDITO REGIONAL S.A.U.,100040100090,Otros Ingresos Financieros,0.0,N,2026,1,2026-01,balres
00435,BANCO SUCREDITO REGIONAL S.A.U.,100040200000,Egresos financieros,-40712.0,N,2026,1,2026-01,balres
00435,BANCO SUCREDITO REGIONAL S.A.U.,100040200005,Por Intereses,-14341.0,N,2026,1,2026-01,balres
00435,BANCO SUCREDITO REGIONAL S.A.U.,100040200090,Otros Egresos Financieros,-26371.0,N,2026,1,2026-01,balres
00435,BANCO SUCREDITO REGIONAL S.A.U.,100040300000,Cargo por incobrabilidad,-98912.0,N,2026,1,2026-01,balres
00435,BANCO SUCREDITO REGIONAL S.A.U.,100040400000,Ingresos por servicios,29404.0,N,2026,1,2026-01,balres
00435,BANCO SUCREDITO REGIONAL S.A.U.,100040500000,Egresos por servicios,-1449.0,N,2026,1,2026-01,balres
00435,BANCO SUCREDITO REGIONAL S.A.U.,100040700000,Gastos de administración,-276844.0,N,2026,1,2026-01,balres
00435,BANCO SUCREDITO REGIONAL S.A.U.,100040800000,Créditos recuperados y previsiones desafectadas,0.0,N,2026,1,2026-01,balres
00435,BANCO SUCREDITO REGIONAL S.A.U.,100041200000,Resultado monetario,-141732.0,N,2026,1,2026-01,balres
00435,BANCO SUCREDITO REGIONAL S.A.U.,100041300000,Otros,-124430.0,N,2026,1,2026-01,balres
00435,BANCO SUCREDITO REGIONAL S.A.U.,100041400000,Impuesto a las ganancias,0.0,N,2026,1,2026-01,balres
00435,BANCO SUCREDITO REGIONAL S.A.U.,100050000000,PARTIDAS FUERA DE BALANCE,0.0,N,2026,1,2026-01,balres
00435,BANCO SUCREDITO REGIONAL S.A.U.,100050100000,Créditos irrecuperables en partidas fuera del balance,1166105.0,N,2026,1,2026-01,balres
00435,BANCO SUCREDITO REGIONAL S.A.U.,100050200000,Contingentes acreedoras,351692.0,N,2026,1,2026-01,balres
00435,BANCO SUCREDITO REGIONAL S.A.U.,100050300000,De Control acreedoras,1166105.0,N,2026,1,2026-01,balres
00435,BANCO SUCREDITO REGIONAL S.A.U.,100050600000,Contingentes deudoras,4394917.0,N,2026,1,2026-01,balres
00435,BANCO SUCREDITO REGIONAL S.A.U.,100050700000,De Control deudoras,0.0,N,2026,1,2026-01,balres
00448,BANCO DINO S.A.,100010000000,A C T I V O,57737105.0,N,2026,1,2026-01,balres
00448,BANCO DINO S.A.,100010100000,Efectivo y deposito en bancos,5596435.0,N,2026,1,2026-01,balres
00448,BANCO DINO S.A.,100010200000,Títulos Públicos y Privados,26484279.0,N,2026,1,2026-01,balres
00448,BANCO DINO S.A.,100010300000,Préstamos,20628171.0,N,2026,1,2026-01,balres
00448,BANCO DINO S.A.,100010301000,Sector Público no Financiero,0.0,N,2026,1,2026-01,balres
00448,BANCO DINO S.A.,100010303000,Sector Privado no Financiero y Residentes en el Ext.,21692115.0,N,2026,1,2026-01,balres
00448,BANCO DINO S.A.,100010303001,Adelantos,1070052.0,N,2026,1,2026-01,balres
00448,BANCO DINO S.A.,100010303005,"Doc a sola firma, descont. y comprados",11956031.0,N,2026,1,2026-01,balres
00448,BANCO DINO S.A.,100010303010,Hipotecarios,2751739.0,N,2026,1,2026-01,balres
00448,BANCO DINO S.A.,100010303020,Personales,1515105.0,N,2026,1,2026-01,balres
00448,BANCO DINO S.A.,100010303030,Otros,3637923.0,N,2026,1,2026-01,balres
00448,BANCO DINO S.A.,100010303045,Intereses y dif. cotiz. deveng. a cobrar,1297754.0,N,2026,1,2026-01,balres
00448,BANCO DINO S.A.,100010303055,Intereses documentados,-546927.0,N,2026,1,2026-01,balres
00448,BANCO DINO S.A.,100010303060,Ajustes NIIF,10438.0,N,2026,1,2026-01,balres
00448,BANCO DINO S.A.,100010304000,Previsiones,-1063944.0,N,2026,1,2026-01,balres
00448,BANCO DINO S.A.,100010400000,Otros Cred.por Interm.Finan.,3266010.0,N,2026,1,2026-01,balres
00448,BANCO DINO S.A.,100010700000,Créditos Diversos,1429884.0,N,2026,1,2026-01,balres
00448,BANCO DINO S.A.,100010800000,"Propiedad, plantas y equipo",311358.0,N,2026,1,2026-01,balres
00448,BANCO DINO S.A.,100011000000,Activos Intangibles,7748.0,N,2026,1,2026-01,balres
00448,BANCO DINO S.A.,100011200000,Partidas Pend. de Imputación,13220.0,N,2026,1,2026-01,balres
00448,BANCO DINO S.A.,100020000000,P A S I V O,39561529.0,N,2026,1,2026-01,balres
00448,BANCO DINO S.A.,100020100000,Depósitos,34551186.0,N,2026,1,2026-01,balres
00448,BANCO DINO S.A.,100020102000,Sector Financiero,157286.0,N,2026,1,2026-01,balres
00448,BANCO DINO S.A.,100020103000,Sector Privado no Financiero y Residentes en el Ext.,34393900.0,N,2026,1,2026-01,balres
00448,BANCO DINO S.A.,100020103001,Cuentas corrientes,555356.0,N,2026,1,2026-01,balres
00448,BANCO DINO S.A.,100020103005,Caja de ahorros,6966735.0,N,2026,1,2026-01,balres
00448,BANCO DINO S.A.,100020103010,Plazo fijo e inversiones a plazo,26548155.0,N,2026,1,2026-01,balres
00448,BANCO DINO S.A.,100020103015,Otros,66465.0,N,2026,1,2026-01,balres
00448,BANCO DINO S.A.,100020103020,Intereses y dif. cotiz. deveng. a pagar,257189.0,N,2026,1,2026-01,balres
00448,BANCO DINO S.A.,100020200000,Otras Oblig.por Intermed. Financ.,2710319.0,N,2026,1,2026-01,balres
00448,BANCO DINO S.A.,100020300000,Obligaciones Diversas,2165360.0,N,2026,1,2026-01,balres
00448,BANCO DINO S.A.,100020400000,Provisiones,29341.0,N,2026,1,2026-01,balres
00448,BANCO DINO S.A.,100020600000,Partidas Pendientes de Imputación,105323.0,N,2026,1,2026-01,balres
00448,BANCO DINO S.A.,100030000000,P A T R I M O N I O   N E T O,18175576.0,N,2026,1,2026-01,balres
00448,BANCO DINO S.A.,100030100000,"Capital, Aportes, Reservas y ORI acumulado",25525714.0,N,2026,1,2026-01,balres
00448,BANCO DINO S.A.,100030600000,Resultados no asignados,-7350138.0,N,2026,1,2026-01,balres
00448,BANCO DINO S.A.,100040000000,R D O S. I N T E G R A L E S  A C U M.  D E L  P E R I O D O,15406.0,N,2026,1,2026-01,balres
00448,BANCO DINO S.A.,100040100000,Ingresos financieros,1542966.0,N,2026,1,2026-01,balres
00448,BANCO DINO S.A.,100040100005,Por Intereses,1383308.0,N,2026,1,2026-01,balres
00448,BANCO DINO S.A.,100040100090,Otros Ingresos Financieros,159658.0,N,2026,1,2026-01,balres
00448,BANCO DINO S.A.,100040200000,Egresos financieros,-575810.0,N,2026,1,2026-01,balres
00448,BANCO DINO S.A.,100040200005,Por Intereses,-502726.0,N,2026,1,2026-01,balres
00448,BANCO DINO S.A.,100040200090,Otros Egresos Financieros,-73084.0,N,2026,1,2026-01,balres
00448,BANCO DINO S.A.,100040300000,Cargo por incobrabilidad,-88989.0,N,2026,1,2026-01,balres
00448,BANCO DINO S.A.,100040400000,Ingresos por servicios,275980.0,N,2026,1,2026-01,balres
00448,BANCO DINO S.A.,100040500000,Egresos por servicios,-176891.0,N,2026,1,2026-01,balres
00448,BANCO DINO S.A.,100040700000,Gastos de administración,-446896.0,N,2026,1,2026-01,balres
00448,BANCO DINO S.A.,100040800000,Créditos recuperados y previsiones desafectadas,18.0,N,2026,1,2026-01,balres
00448,BANCO DINO S.A.,100041200000,Resultado monetario,-514667.0,N,2026,1,2026-01,balres
00448,BANCO DINO S.A.,100041300000,Otros,-305.0,N,2026,1,2026-01,balres
00448,BANCO DINO S.A.,100041400000,Impuesto a las ganancias,0.0,N,2026,1,2026-01,balres
00448,BANCO DINO S.A.,100050000000,PARTIDAS FUERA DE BALANCE,0.0,N,2026,1,2026-01,balres
00448,BANCO DINO S.A.,100050100000,Créditos irrecuperables en partidas fuera del balance,85265.0,N,2026,1,2026-01,balres
00448,BANCO DINO S.A.,100050200000,Contingentes acreedoras,3420768.0,N,2026,1,2026-01,balres
00448,BANCO DINO S.A.,100050300000,De Control acreedoras,1704797.0,N,2026,1,2026-01,balres
00448,BANCO DINO S.A.,100050400000,De Derivados acreedoras,0.0,N,2026,1,2026-01,balres
00448,BANCO DINO S.A.,100050600000,Contingentes deudoras,9451434.0,N,2026,1,2026-01,balres
00448,BANCO DINO S.A.,100050700000,De Control deudoras,16711284.0,N,2026,1,2026-01,balres
00448,BANCO DINO S.A.,100050800000,De Derivados deudoras,0.0,N,2026,1,2026-01,balres
44077,COMPAÑIA FINANCIERA ARGENTINA S.A.,100010000000,A C T I V O,129268496.0,N,2026,1,2026-01,balres
44077,COMPAÑIA FINANCIERA ARGENTINA S.A.,100010100000,Efectivo y deposito en bancos,13511770.0,N,2026,1,2026-01,balres
44077,COMPAÑIA FINANCIERA ARGENTINA S.A.,100010200000,Títulos Públicos y Privados,20254046.0,N,2026,1,2026-01,balres
44077,COMPAÑIA FINANCIERA ARGENTINA S.A.,100010300000,Préstamos,53592259.0,N,2026,1,2026-01,balres
44077,COMPAÑIA FINANCIERA ARGENTINA S.A.,100010303000,Sector Privado no Financiero y Residentes en el Ext.,80770928.0,N,2026,1,2026-01,balres
44077,COMPAÑIA FINANCIERA ARGENTINA S.A.,100010303001,Adelantos,740109.0,N,2026,1,2026-01,balres
44077,COMPAÑIA FINANCIERA ARGENTINA S.A.,100010303015,Prendarios,0.0,N,2026,1,2026-01,balres
44077,COMPAÑIA FINANCIERA ARGENTINA S.A.,100010303020,Personales,64338108.0,N,2026,1,2026-01,balres
44077,COMPAÑIA FINANCIERA ARGENTINA S.A.,100010303030,Otros,2661321.0,N,2026,1,2026-01,balres
44077,COMPAÑIA FINANCIERA ARGENTINA S.A.,100010303045,Intereses y dif. cotiz. deveng. a cobrar,11883101.0,N,2026,1,2026-01,balres
44077,COMPAÑIA FINANCIERA ARGENTINA S.A.,100010303060,Ajustes NIIF,1148289.0,N,2026,1,2026-01,balres
44077,COMPAÑIA FINANCIERA ARGENTINA S.A.,100010304000,Previsiones,-27178669.0,N,2026,1,2026-01,balres
44077,COMPAÑIA FINANCIERA ARGENTINA S.A.,100010400000,Otros Cred.por Interm.Finan.,3705262.0,N,2026,1,2026-01,balres
44077,COMPAÑIA FINANCIERA ARGENTINA S.A.,100010700000,Créditos Diversos,17658179.0,N,2026,1,2026-01,balres
44077,COMPAÑIA FINANCIERA ARGENTINA S.A.,100010800000,"Propiedad, plantas y equipo",18904356.0,N,2026,1,2026-01,balres
44077,COMPAÑIA FINANCIERA ARGENTINA S.A.,100010900000,Bienes Diversos,52.0,N,2026,1,2026-01,balres
44077,COMPAÑIA FINANCIERA ARGENTINA S.A.,100011000000,Activos Intangibles,1642572.0,N,2026,1,2026-01,balres
44077,COMPAÑIA FINANCIERA ARGENTINA S.A.,100020000000,P A S I V O,119646850.0,N,2026,1,2026-01,balres
44077,COMPAÑIA FINANCIERA ARGENTINA S.A.,100020100000,Depósitos,96467479.0,N,2026,1,2026-01,balres
44077,COMPAÑIA FINANCIERA ARGENTINA S.A.,100020103000,Sector Privado no Financiero y Residentes en el Ext.,96467479.0,N,2026,1,2026-01,balres
44077,COMPAÑIA FINANCIERA ARGENTINA S.A.,100020103005,Caja de ahorros,86586219.0,N,2026,1,2026-01,balres
44077,COMPAÑIA FINANCIERA ARGENTINA S.A.,100020103010,Plazo fijo e inversiones a plazo,8266305.0,N,2026,1,2026-01,balres
44077,COMPAÑIA FINANCIERA ARGENTINA S.A.,100020103015,Otros,361827.0,N,2026,1,2026-01,balres
44077,COMPAÑIA FINANCIERA ARGENTINA S.A.,100020103020,Intereses y dif. cotiz. deveng. a pagar,1253128.0,N,2026,1,2026-01,balres
44077,COMPAÑIA FINANCIERA ARGENTINA S.A.,100020200000,Otras Oblig.por Intermed. Financ.,8844629.0,N,2026,1,2026-01,balres
44077,COMPAÑIA FINANCIERA ARGENTINA S.A.,100020300000,Obligaciones Diversas,8909544.0,N,2026,1,2026-01,balres
44077,COMPAÑIA FINANCIERA ARGENTINA S.A.,100020400000,Provisiones,239034.0,N,2026,1,2026-01,balres
44077,COMPAÑIA FINANCIERA ARGENTINA S.A.,100020500000,Obligaciones Subordinadas,5186164.0,N,2026,1,2026-01,balres
44077,COMPAÑIA FINANCIERA ARGENTINA S.A.,100030000000,P A T R I M O N I O   N E T O,9621646.0,N,2026,1,2026-01,balres
44077,COMPAÑIA FINANCIERA ARGENTINA S.A.,100030100000,"Capital, Aportes, Reservas y ORI acumulado",19012075.0,N,2026,1,2026-01,balres
44077,COMPAÑIA FINANCIERA ARGENTINA S.A.,100030600000,Resultados no asignados,-9390429.0,N,2026,1,2026-01,balres
44077,COMPAÑIA FINANCIERA ARGENTINA S.A.,100040000000,R D O S. I N T E G R A L E S  A C U M.  D E L  P E R I O D O,-1126853.0,N,2026,1,2026-01,balres
44077,COMPAÑIA FINANCIERA ARGENTINA S.A.,100040100000,Ingresos financieros,5565014.0,N,2026,1,2026-01,balres
44077,COMPAÑIA FINANCIERA ARGENTINA S.A.,100040100005,Por Intereses,5250786.0,N,2026,1,2026-01,balres
44077,COMPAÑIA FINANCIERA ARGENTINA S.A.,100040100090,Otros Ingresos Financieros,314228.0,N,2026,1,2026-01,balres
44077,COMPAÑIA FINANCIERA ARGENTINA S.A.,100040200000,Egresos financieros,-2131439.0,N,2026,1,2026-01,balres
44077,COMPAÑIA FINANCIERA ARGENTINA S.A.,100040200005,Por Intereses,-1517585.0,N,2026,1,2026-01,balres
44077,COMPAÑIA FINANCIERA ARGENTINA S.A.,100040200090,Otros Egresos Financieros,-613854.0,N,2026,1,2026-01,balres
44077,COMPAÑIA FINANCIERA ARGENTINA S.A.,100040300000,Cargo por incobrabilidad,-2824752.0,N,2026,1,2026-01,balres
44077,COMPAÑIA FINANCIERA ARGENTINA S.A.,100040400000,Ingresos por servicios,437262.0,N,2026,1,2026-01,balres
44077,COMPAÑIA FINANCIERA ARGENTINA S.A.,100040500000,Egresos por servicios,-327144.0,N,2026,1,2026-01,balres
44077,COMPAÑIA FINANCIERA ARGENTINA S.A.,100040700000,Gastos de administración,-3056825.0,N,2026,1,2026-01,balres
44077,COMPAÑIA FINANCIERA ARGENTINA S.A.,100040800000,Créditos recuperados y previsiones desafectadas,17334.0,N,2026,1,2026-01,balres
44077,COMPAÑIA FINANCIERA ARGENTINA S.A.,100041200000,Resultado monetario,174685.0,N,2026,1,2026-01,balres
44077,COMPAÑIA FINANCIERA ARGENTINA S.A.,100041300000,Otros,156068.0,N,2026,1,2026-01,balres
44077,COMPAÑIA FINANCIERA ARGENTINA S.A.,100041400000,Impuesto a las ganancias,862944.0,N,2026,1,2026-01,balres
44077,COMPAÑIA FINANCIERA ARGENTINA S.A.,100041500000,Otro resultado integral,0.0,N,2026,1,2026-01,balres
44077,COMPAÑIA FINANCIERA ARGENTINA S.A.,100050000000,PARTIDAS FUERA DE BALANCE,0.0,N,2026,1,2026-01,balres
44077,COMPAÑIA FINANCIERA ARGENTINA S.A.,100050100000,Créditos irrecuperables en partidas fuera del balance,7912607.0,N,2026,1,2026-01,balres
44077,COMPAÑIA FINANCIERA ARGENTINA S.A.,100050200000,Contingentes acreedoras,2089890.0,N,2026,1,2026-01,balres
44077,COMPAÑIA FINANCIERA ARGENTINA S.A.,100050300000,De Control acreedoras,9558371.0,N,2026,1,2026-01,balres
44077,COMPAÑIA FINANCIERA ARGENTINA S.A.,100050400000,De Derivados acreedoras,0.0,N,2026,1,2026-01,balres
44077,COMPAÑIA FINANCIERA ARGENTINA S.A.,100050600000,Contingentes deudoras,0.0,N,2026,1,2026-01,balres
44077,COMPAÑIA FINANCIERA ARGENTINA S.A.,100050700000,De Control deudoras,9558371.0,N,2026,1,2026-01,balres
44077,COMPAÑIA FINANCIERA ARGENTINA S.A.,100050800000,De Derivados deudoras,0.0,N,2026,1,2026-01,balres
44088,VOLKSWAGEN FINANCIAL SERVICES COMPAÑIA FINANCIERA S.A.,100010000000,A C T I V O,541320389.0,N,2026,1,2026-01,balres
44088,VOLKSWAGEN FINANCIAL SERVICES COMPAÑIA FINANCIERA S.A.,100010100000,Efectivo y deposito en bancos,9595726.0,N,2026,1,2026-01,balres
44088,VOLKSWAGEN FINANCIAL SERVICES COMPAÑIA FINANCIERA S.A.,100010300000,Préstamos,498743776.0,N,2026,1,2026-01,balres
44088,VOLKSWAGEN FINANCIAL SERVICES COMPAÑIA FINANCIERA S.A.,100010303000,Sector Privado no Financiero y Residentes en el Ext.,501872235.0,N,2026,1,2026-01,balres
44088,VOLKSWAGEN FINANCIAL SERVICES COMPAÑIA FINANCIERA S.A.,100010303015,Prendarios,160238001.0,N,2026,1,2026-01,balres
44088,VOLKSWAGEN FINANCIAL SERVICES COMPAÑIA FINANCIERA S.A.,100010303030,Otros,383780456.0,N,2026,1,2026-01,balres
44088,VOLKSWAGEN FINANCIAL SERVICES COMPAÑIA FINANCIERA S.A.,100010303045,Intereses y dif. cotiz. deveng. a cobrar,13680561.0,N,2026,1,2026-01,balres
44088,VOLKSWAGEN FINANCIAL SERVICES COMPAÑIA FINANCIERA S.A.,100010303060,Ajustes NIIF,-55826783.0,N,2026,1,2026-01,balres
44088,VOLKSWAGEN FINANCIAL SERVICES COMPAÑIA FINANCIERA S.A.,100010304000,Previsiones,-3128459.0,N,2026,1,2026-01,balres
44088,VOLKSWAGEN FINANCIAL SERVICES COMPAÑIA FINANCIERA S.A.,100010400000,Otros Cred.por Interm.Finan.,5773149.0,N,2026,1,2026-01,balres
44088,VOLKSWAGEN FINANCIAL SERVICES COMPAÑIA FINANCIERA S.A.,100010500000,Credito por arrendamiento financiero,1453837.0,N,2026,1,2026-01,balres
44088,VOLKSWAGEN FINANCIAL SERVICES COMPAÑIA FINANCIERA S.A.,100010700000,Créditos Diversos,23414318.0,N,2026,1,2026-01,balres
44088,VOLKSWAGEN FINANCIAL SERVICES COMPAÑIA FINANCIERA S.A.,100010800000,"Propiedad, plantas y equipo",493758.0,N,2026,1,2026-01,balres
44088,VOLKSWAGEN FINANCIAL SERVICES COMPAÑIA FINANCIERA S.A.,100010900000,Bienes Diversos,1086386.0,N,2026,1,2026-01,balres
44088,VOLKSWAGEN FINANCIAL SERVICES COMPAÑIA FINANCIERA S.A.,100011000000,Activos Intangibles,759439.0,N,2026,1,2026-01,balres
44088,VOLKSWAGEN FINANCIAL SERVICES COMPAÑIA FINANCIERA S.A.,100020000000,P A S I V O,448337375.0,N,2026,1,2026-01,balres
44088,VOLKSWAGEN FINANCIAL SERVICES COMPAÑIA FINANCIERA S.A.,100020100000,Depósitos,5878045.0,N,2026,1,2026-01,balres
44088,VOLKSWAGEN FINANCIAL SERVICES COMPAÑIA FINANCIERA S.A.,100020103000,Sector Privado no Financiero y Residentes en el Ext.,5878045.0,N,2026,1,2026-01,balres
44088,VOLKSWAGEN FINANCIAL SERVICES COMPAÑIA FINANCIERA S.A.,100020103010,Plazo fijo e inversiones a plazo,5853990.0,N,2026,1,2026-01,balres
44088,VOLKSWAGEN FINANCIAL SERVICES COMPAÑIA FINANCIERA S.A.,100020103020,Intereses y dif. cotiz. deveng. a pagar,24055.0,N,2026,1,2026-01,balres
44088,VOLKSWAGEN FINANCIAL SERVICES COMPAÑIA FINANCIERA S.A.,100020200000,Otras Oblig.por Intermed. Financ.,406086802.0,N,2026,1,2026-01,balres
44088,VOLKSWAGEN FINANCIAL SERVICES COMPAÑIA FINANCIERA S.A.,100020300000,Obligaciones Diversas,36236171.0,N,2026,1,2026-01,balres
44088,VOLKSWAGEN FINANCIAL SERVICES COMPAÑIA FINANCIERA S.A.,100020400000,Provisiones,136357.0,N,2026,1,2026-01,balres
44088,VOLKSWAGEN FINANCIAL SERVICES COMPAÑIA FINANCIERA S.A.,100030000000,P A T R I M O N I O   N E T O,92983014.0,N,2026,1,2026-01,balres
44088,VOLKSWAGEN FINANCIAL SERVICES COMPAÑIA FINANCIERA S.A.,100030100000,"Capital, Aportes, Reservas y ORI acumulado",78038846.0,N,2026,1,2026-01,balres
44088,VOLKSWAGEN FINANCIAL SERVICES COMPAÑIA FINANCIERA S.A.,100030600000,Resultados no asignados,14944168.0,N,2026,1,2026-01,balres
44088,VOLKSWAGEN FINANCIAL SERVICES COMPAÑIA FINANCIERA S.A.,100040000000,R D O S. I N T E G R A L E S  A C U M.  D E L  P E R I O D O,2125655.0,N,2026,1,2026-01,balres
44088,VOLKSWAGEN FINANCIAL SERVICES COMPAÑIA FINANCIERA S.A.,100040100000,Ingresos financieros,20724427.0,N,2026,1,2026-01,balres
44088,VOLKSWAGEN FINANCIAL SERVICES COMPAÑIA FINANCIERA S.A.,100040100005,Por Intereses,20068367.0,N,2026,1,2026-01,balres
44088,VOLKSWAGEN FINANCIAL SERVICES COMPAÑIA FINANCIERA S.A.,100040100090,Otros Ingresos Financieros,656060.0,N,2026,1,2026-01,balres
44088,VOLKSWAGEN FINANCIAL SERVICES COMPAÑIA FINANCIERA S.A.,100040200000,Egresos financieros,-13512485.0,N,2026,1,2026-01,balres
44088,VOLKSWAGEN FINANCIAL SERVICES COMPAÑIA FINANCIERA S.A.,100040200005,Por Intereses,-11625259.0,N,2026,1,2026-01,balres
44088,VOLKSWAGEN FINANCIAL SERVICES COMPAÑIA FINANCIERA S.A.,100040200090,Otros Egresos Financieros,-1887226.0,N,2026,1,2026-01,balres
44088,VOLKSWAGEN FINANCIAL SERVICES COMPAÑIA FINANCIERA S.A.,100040300000,Cargo por incobrabilidad,-238771.0,N,2026,1,2026-01,balres
44088,VOLKSWAGEN FINANCIAL SERVICES COMPAÑIA FINANCIERA S.A.,100040400000,Ingresos por servicios,370169.0,N,2026,1,2026-01,balres
44088,VOLKSWAGEN FINANCIAL SERVICES COMPAÑIA FINANCIERA S.A.,100040500000,Egresos por servicios,-646279.0,N,2026,1,2026-01,balres
44088,VOLKSWAGEN FINANCIAL SERVICES COMPAÑIA FINANCIERA S.A.,100040700000,Gastos de administración,-1429445.0,N,2026,1,2026-01,balres
44088,VOLKSWAGEN FINANCIAL SERVICES COMPAÑIA FINANCIERA S.A.,100040800000,Créditos recuperados y previsiones desafectadas,0.0,N,2026,1,2026-01,balres
44088,VOLKSWAGEN FINANCIAL SERVICES COMPAÑIA FINANCIERA S.A.,100041200000,Resultado monetario,-1917856.0,N,2026,1,2026-01,balres
44088,VOLKSWAGEN FINANCIAL SERVICES COMPAÑIA FINANCIERA S.A.,100041300000,Otros,6003.0,N,2026,1,2026-01,balres
44088,VOLKSWAGEN FINANCIAL SERVICES COMPAÑIA FINANCIERA S.A.,100041400000,Impuesto a las ganancias,-1230108.0,N,2026,1,2026-01,balres
44088,VOLKSWAGEN FINANCIAL SERVICES COMPAÑIA FINANCIERA S.A.,100050000000,PARTIDAS FUERA DE BALANCE,0.0,N,2026,1,2026-01,balres
44088,VOLKSWAGEN FINANCIAL SERVICES COMPAÑIA FINANCIERA S.A.,100050100000,Créditos irrecuperables en partidas fuera del balance,201744.0,N,2026,1,2026-01,balres
44088,VOLKSWAGEN FINANCIAL SERVICES COMPAÑIA FINANCIERA S.A.,100050600000,Contingentes deudoras,557311626.0,N,2026,1,2026-01,balres
44092,FCA COMPAÑIA FINANCIERA S.A.,100010000000,A C T I V O,398400365.0,N,2026,1,2026-01,balres
44092,FCA COMPAÑIA FINANCIERA S.A.,100010100000,Efectivo y deposito en bancos,5649780.0,N,2026,1,2026-01,balres
44092,FCA COMPAÑIA FINANCIERA S.A.,100010200000,Títulos Públicos y Privados,0.0,N,2026,1,2026-01,balres
44092,FCA COMPAÑIA FINANCIERA S.A.,100010300000,Préstamos,285977692.0,N,2026,1,2026-01,balres
44092,FCA COMPAÑIA FINANCIERA S.A.,100010302000,Sector Financiero,3523049.0,N,2026,1,2026-01,balres
44092,FCA COMPAÑIA FINANCIERA S.A.,100010303000,Sector Privado no Financiero y Residentes en el Ext.,287251195.0,N,2026,1,2026-01,balres
44092,FCA COMPAÑIA FINANCIERA S.A.,100010303001,Adelantos,33044806.0,N,2026,1,2026-01,balres
44092,FCA COMPAÑIA FINANCIERA S.A.,100010303005,"Doc a sola firma, descont. y comprados",10102009.0,N,2026,1,2026-01,balres
44092,FCA COMPAÑIA FINANCIERA S.A.,100010303015,Prendarios,240828575.0,N,2026,1,2026-01,balres
44092,FCA COMPAÑIA FINANCIERA S.A.,100010303030,Otros,22731202.0,N,2026,1,2026-01,balres
44092,FCA COMPAÑIA FINANCIERA S.A.,100010303045,Intereses y dif. cotiz. deveng. a cobrar,32343198.0,N,2026,1,2026-01,balres
44092,FCA COMPAÑIA FINANCIERA S.A.,100010303055,Intereses documentados,-127686.0,N,2026,1,2026-01,balres
44092,FCA COMPAÑIA FINANCIERA S.A.,100010303060,Ajustes NIIF,-51670909.0,N,2026,1,2026-01,balres
44092,FCA COMPAÑIA FINANCIERA S.A.,100010304000,Previsiones,-4796552.0,N,2026,1,2026-01,balres
44092,FCA COMPAÑIA FINANCIERA S.A.,100010400000,Otros Cred.por Interm.Finan.,101299591.0,N,2026,1,2026-01,balres
44092,FCA COMPAÑIA FINANCIERA S.A.,100010700000,Créditos Diversos,3965586.0,N,2026,1,2026-01,balres
44092,FCA COMPAÑIA FINANCIERA S.A.,100010800000,"Propiedad, plantas y equipo",687873.0,N,2026,1,2026-01,balres
44092,FCA COMPAÑIA FINANCIERA S.A.,100011000000,Activos Intangibles,819843.0,N,2026,1,2026-01,balres
44092,FCA COMPAÑIA FINANCIERA S.A.,100020000000,P A S I V O,333570430.0,N,2026,1,2026-01,balres
44092,FCA COMPAÑIA FINANCIERA S.A.,100020100000,Depósitos,30673573.0,N,2026,1,2026-01,balres
44092,FCA COMPAÑIA FINANCIERA S.A.,100020103000,Sector Privado no Financiero y Residentes en el Ext.,30673573.0,N,2026,1,2026-01,balres
44092,FCA COMPAÑIA FINANCIERA S.A.,100020103010,Plazo fijo e inversiones a plazo,26673014.0,N,2026,1,2026-01,balres
44092,FCA COMPAÑIA FINANCIERA S.A.,100020103020,Intereses y dif. cotiz. deveng. a pagar,4008697.0,N,2026,1,2026-01,balres
44092,FCA COMPAÑIA FINANCIERA S.A.,100020103025,Ajustes NIIF,-8138.0,N,2026,1,2026-01,balres
44092,FCA COMPAÑIA FINANCIERA S.A.,100020200000,Otras Oblig.por Intermed. Financ.,289485241.0,N,2026,1,2026-01,balres
44092,FCA COMPAÑIA FINANCIERA S.A.,100020300000,Obligaciones Diversas,12774799.0,N,2026,1,2026-01,balres
44092,FCA COMPAÑIA FINANCIERA S.A.,100020400000,Provisiones,543545.0,N,2026,1,2026-01,balres
44092,FCA COMPAÑIA FINANCIERA S.A.,100020600000,Partidas Pendientes de Imputación,93272.0,N,2026,1,2026-01,balres
44092,FCA COMPAÑIA FINANCIERA S.A.,100030000000,P A T R I M O N I O   N E T O,64829935.0,N,2026,1,2026-01,balres
44092,FCA COMPAÑIA FINANCIERA S.A.,100030100000,"Capital, Aportes, Reservas y ORI acumulado",47422921.0,N,2026,1,2026-01,balres
44092,FCA COMPAÑIA FINANCIERA S.A.,100030600000,Resultados no asignados,17407014.0,N,2026,1,2026-01,balres
44092,FCA COMPAÑIA FINANCIERA S.A.,100040000000,R D O S. I N T E G R A L E S  A C U M.  D E L  P E R I O D O,970544.0,N,2026,1,2026-01,balres
44092,FCA COMPAÑIA FINANCIERA S.A.,100040100000,Ingresos financieros,8404173.0,N,2026,1,2026-01,balres
44092,FCA COMPAÑIA FINANCIERA S.A.,100040100005,Por Intereses,5518650.0,N,2026,1,2026-01,balres
44092,FCA COMPAÑIA FINANCIERA S.A.,100040100090,Otros Ingresos Financieros,2885523.0,N,2026,1,2026-01,balres
44092,FCA COMPAÑIA FINANCIERA S.A.,100040200000,Egresos financieros,-8454816.0,N,2026,1,2026-01,balres
44092,FCA COMPAÑIA FINANCIERA S.A.,100040200005,Por Intereses,-5763422.0,N,2026,1,2026-01,balres
44092,FCA COMPAÑIA FINANCIERA S.A.,100040200090,Otros Egresos Financieros,-2691394.0,N,2026,1,2026-01,balres
44092,FCA COMPAÑIA FINANCIERA S.A.,100040300000,Cargo por incobrabilidad,-1036751.0,N,2026,1,2026-01,balres
44092,FCA COMPAÑIA FINANCIERA S.A.,100040400000,Ingresos por servicios,6817435.0,N,2026,1,2026-01,balres
44092,FCA COMPAÑIA FINANCIERA S.A.,100040500000,Egresos por servicios,-1458127.0,N,2026,1,2026-01,balres
44092,FCA COMPAÑIA FINANCIERA S.A.,100040700000,Gastos de administración,-1195119.0,N,2026,1,2026-01,balres
44092,FCA COMPAÑIA FINANCIERA S.A.,100040800000,Créditos recuperados y previsiones desafectadas,16359.0,N,2026,1,2026-01,balres
44092,FCA COMPAÑIA FINANCIERA S.A.,100041200000,Resultado monetario,-1770317.0,N,2026,1,2026-01,balres
44092,FCA COMPAÑIA FINANCIERA S.A.,100041300000,Otros,174386.0,N,2026,1,2026-01,balres
44092,FCA COMPAÑIA FINANCIERA S.A.,100041400000,Impuesto a las ganancias,-564177.0,N,2026,1,2026-01,balres
44092,FCA COMPAÑIA FINANCIERA S.A.,100041500000,Otro resultado integral,37498.0,N,2026,1,2026-01,balres
44092,FCA COMPAÑIA FINANCIERA S.A.,100050000000,PARTIDAS FUERA DE BALANCE,0.0,N,2026,1,2026-01,balres
44092,FCA COMPAÑIA FINANCIERA S.A.,100050100000,Créditos irrecuperables en partidas fuera del balance,645762.0,N,2026,1,2026-01,balres
44092,FCA COMPAÑIA FINANCIERA S.A.,100050600000,Contingentes deudoras,268841745.0,N,2026,1,2026-01,balres
44092,FCA COMPAÑIA FINANCIERA S.A.,100050700000,De Control deudoras,361095571.0,N,2026,1,2026-01,balres
44092,FCA COMPAÑIA FINANCIERA S.A.,100050800000,De Derivados deudoras,4111111.0,N,2026,1,2026-01,balres
44093,GPAT COMPAÑIA FINANCIERA S.A.U.,100010000000,A C T I V O,296145563.0,N,2026,1,2026-01,balres
44093,GPAT COMPAÑIA FINANCIERA S.A.U.,100010100000,Efectivo y deposito en bancos,6914260.0,N,2026,1,2026-01,balres
44093,GPAT COMPAÑIA FINANCIERA S.A.U.,100010300000,Préstamos,249812307.0,N,2026,1,2026-01,balres
44093,GPAT COMPAÑIA FINANCIERA S.A.U.,100010302000,Sector Financiero,0.0,N,2026,1,2026-01,balres
44093,GPAT COMPAÑIA FINANCIERA S.A.U.,100010303000,Sector Privado no Financiero y Residentes en el Ext.,257290452.0,N,2026,1,2026-01,balres
44093,GPAT COMPAÑIA FINANCIERA S.A.U.,100010303001,Adelantos,29538000.0,N,2026,1,2026-01,balres
44093,GPAT COMPAÑIA FINANCIERA S.A.U.,100010303015,Prendarios,225398513.0,N,2026,1,2026-01,balres
44093,GPAT COMPAÑIA FINANCIERA S.A.U.,100010303020,Personales,4407526.0,N,2026,1,2026-01,balres
44093,GPAT COMPAÑIA FINANCIERA S.A.U.,100010303030,Otros,5579612.0,N,2026,1,2026-01,balres
44093,GPAT COMPAÑIA FINANCIERA S.A.U.,100010303045,Intereses y dif. cotiz. deveng. a cobrar,16323722.0,N,2026,1,2026-01,balres
44093,GPAT COMPAÑIA FINANCIERA S.A.U.,100010303060,Ajustes NIIF,-23956921.0,N,2026,1,2026-01,balres
44093,GPAT COMPAÑIA FINANCIERA S.A.U.,100010304000,Previsiones,-7478145.0,N,2026,1,2026-01,balres
44093,GPAT COMPAÑIA FINANCIERA S.A.U.,100010400000,Otros Cred.por Interm.Finan.,10096332.0,N,2026,1,2026-01,balres
44093,GPAT COMPAÑIA FINANCIERA S.A.U.,100010600000,Part. en otras Sociedades,113617.0,N,2026,1,2026-01,balres
44093,GPAT COMPAÑIA FINANCIERA S.A.U.,100010600020,Otras,113617.0,N,2026,1,2026-01,balres
44093,GPAT COMPAÑIA FINANCIERA S.A.U.,100010700000,Créditos Diversos,12912097.0,N,2026,1,2026-01,balres
44093,GPAT COMPAÑIA FINANCIERA S.A.U.,100010800000,"Propiedad, plantas y equipo",309401.0,N,2026,1,2026-01,balres
44093,GPAT COMPAÑIA FINANCIERA S.A.U.,100011000000,Activos Intangibles,15987549.0,N,2026,1,2026-01,balres
44093,GPAT COMPAÑIA FINANCIERA S.A.U.,100020000000,P A S I V O,261412585.0,N,2026,1,2026-01,balres
44093,GPAT COMPAÑIA FINANCIERA S.A.U.,100020100000,Depósitos,0.0,N,2026,1,2026-01,balres
44093,GPAT COMPAÑIA FINANCIERA S.A.U.,100020103000,Sector Privado no Financiero y Residentes en el Ext.,0.0,N,2026,1,2026-01,balres
44093,GPAT COMPAÑIA FINANCIERA S.A.U.,100020103005,Caja de ahorros,0.0,N,2026,1,2026-01,balres
44093,GPAT COMPAÑIA FINANCIERA S.A.U.,100020103020,Intereses y dif. cotiz. deveng. a pagar,0.0,N,2026,1,2026-01,balres
44093,GPAT COMPAÑIA FINANCIERA S.A.U.,100020200000,Otras Oblig.por Intermed. Financ.,245895763.0,N,2026,1,2026-01,balres
44093,GPAT COMPAÑIA FINANCIERA S.A.U.,100020300000,Obligaciones Diversas,15160099.0,N,2026,1,2026-01,balres
44093,GPAT COMPAÑIA FINANCIERA S.A.U.,100020400000,Provisiones,356723.0,N,2026,1,2026-01,balres
44093,GPAT COMPAÑIA FINANCIERA S.A.U.,100030000000,P A T R I M O N I O   N E T O,34732978.0,N,2026,1,2026-01,balres
44093,GPAT COMPAÑIA FINANCIERA S.A.U.,100030100000,"Capital, Aportes, Reservas y ORI acumulado",32474554.0,N,2026,1,2026-01,balres
44093,GPAT COMPAÑIA FINANCIERA S.A.U.,100030600000,Resultados no asignados,2258424.0,N,2026,1,2026-01,balres
44093,GPAT COMPAÑIA FINANCIERA S.A.U.,100040000000,R D O S. I N T E G R A L E S  A C U M.  D E L  P E R I O D O,200124.0,N,2026,1,2026-01,balres
44093,GPAT COMPAÑIA FINANCIERA S.A.U.,100040100000,Ingresos financieros,10507854.0,N,2026,1,2026-01,balres
44093,GPAT COMPAÑIA FINANCIERA S.A.U.,100040100005,Por Intereses,8794308.0,N,2026,1,2026-01,balres
44093,GPAT COMPAÑIA FINANCIERA S.A.U.,100040100090,Otros Ingresos Financieros,1713546.0,N,2026,1,2026-01,balres
44093,GPAT COMPAÑIA FINANCIERA S.A.U.,100040200000,Egresos financieros,-8024301.0,N,2026,1,2026-01,balres
44093,GPAT COMPAÑIA FINANCIERA S.A.U.,100040200005,Por Intereses,-6997299.0,N,2026,1,2026-01,balres
44093,GPAT COMPAÑIA FINANCIERA S.A.U.,100040200090,Otros Egresos Financieros,-1027002.0,N,2026,1,2026-01,balres
44093,GPAT COMPAÑIA FINANCIERA S.A.U.,100040300000,Cargo por incobrabilidad,-1998909.0,N,2026,1,2026-01,balres
44093,GPAT COMPAÑIA FINANCIERA S.A.U.,100040400000,Ingresos por servicios,1288090.0,N,2026,1,2026-01,balres
44093,GPAT COMPAÑIA FINANCIERA S.A.U.,100040500000,Egresos por servicios,-253536.0,N,2026,1,2026-01,balres
44093,GPAT COMPAÑIA FINANCIERA S.A.U.,100040700000,Gastos de administración,-550237.0,N,2026,1,2026-01,balres
44093,GPAT COMPAÑIA FINANCIERA S.A.U.,100040800000,Créditos recuperados y previsiones desafectadas,18138.0,N,2026,1,2026-01,balres
44093,GPAT COMPAÑIA FINANCIERA S.A.U.,100041200000,Resultado monetario,-447889.0,N,2026,1,2026-01,balres
44093,GPAT COMPAÑIA FINANCIERA S.A.U.,100041300000,Otros,-89348.0,N,2026,1,2026-01,balres
44093,GPAT COMPAÑIA FINANCIERA S.A.U.,100041400000,Impuesto a las ganancias,-249738.0,N,2026,1,2026-01,balres
44093,GPAT COMPAÑIA FINANCIERA S.A.U.,100050000000,PARTIDAS FUERA DE BALANCE,0.0,N,2026,1,2026-01,balres
44093,GPAT COMPAÑIA FINANCIERA S.A.U.,100050100000,Créditos irrecuperables en partidas fuera del balance,4315537.0,N,2026,1,2026-01,balres
44093,GPAT COMPAÑIA FINANCIERA S.A.U.,100050600000,Contingentes deudoras,264698497.0,N,2026,1,2026-01,balres
44093,GPAT COMPAÑIA FINANCIERA S.A.U.,100050700000,De Control deudoras,0.0,N,2026,1,2026-01,balres
44094,MERCEDES-BENZ COMPAÑÍA FINANCIERA ARGENTINA S.A.,100010000000,A C T I V O,182127600.0,N,2026,1,2026-01,balres
44094,MERCEDES-BENZ COMPAÑÍA FINANCIERA ARGENTINA S.A.,100010100000,Efectivo y deposito en bancos,2915514.0,N,2026,1,2026-01,balres
44094,MERCEDES-BENZ COMPAÑÍA FINANCIERA ARGENTINA S.A.,100010300000,Préstamos,94774772.0,N,2026,1,2026-01,balres
44094,MERCEDES-BENZ COMPAÑÍA FINANCIERA ARGENTINA S.A.,100010302000,Sector Financiero,4775226.0,N,2026,1,2026-01,balres
44094,MERCEDES-BENZ COMPAÑÍA FINANCIERA ARGENTINA S.A.,100010303000,Sector Privado no Financiero y Residentes en el Ext.,90975875.0,N,2026,1,2026-01,balres
44094,MERCEDES-BENZ COMPAÑÍA FINANCIERA ARGENTINA S.A.,100010303001,Adelantos,14086178.0,N,2026,1,2026-01,balres
44094,MERCEDES-BENZ COMPAÑÍA FINANCIERA ARGENTINA S.A.,100010303015,Prendarios,70981815.0,N,2026,1,2026-01,balres
44094,MERCEDES-BENZ COMPAÑÍA FINANCIERA ARGENTINA S.A.,100010303030,Otros,6454907.0,N,2026,1,2026-01,balres
44094,MERCEDES-BENZ COMPAÑÍA FINANCIERA ARGENTINA S.A.,100010303045,Intereses y dif. cotiz. deveng. a cobrar,4175831.0,N,2026,1,2026-01,balres
44094,MERCEDES-BENZ COMPAÑÍA FINANCIERA ARGENTINA S.A.,100010303060,Ajustes NIIF,-4722856.0,N,2026,1,2026-01,balres
44094,MERCEDES-BENZ COMPAÑÍA FINANCIERA ARGENTINA S.A.,100010304000,Previsiones,-976329.0,N,2026,1,2026-01,balres
44094,MERCEDES-BENZ COMPAÑÍA FINANCIERA ARGENTINA S.A.,100010400000,Otros Cred.por Interm.Finan.,2029792.0,N,2026,1,2026-01,balres
44094,MERCEDES-BENZ COMPAÑÍA FINANCIERA ARGENTINA S.A.,100010500000,Credito por arrendamiento financiero,71572407.0,N,2026,1,2026-01,balres
44094,MERCEDES-BENZ COMPAÑÍA FINANCIERA ARGENTINA S.A.,100010700000,Créditos Diversos,8668387.0,N,2026,1,2026-01,balres
44094,MERCEDES-BENZ COMPAÑÍA FINANCIERA ARGENTINA S.A.,100010800000,"Propiedad, plantas y equipo",694722.0,N,2026,1,2026-01,balres
44094,MERCEDES-BENZ COMPAÑÍA FINANCIERA ARGENTINA S.A.,100011000000,Activos Intangibles,1471966.0,N,2026,1,2026-01,balres
44094,MERCEDES-BENZ COMPAÑÍA FINANCIERA ARGENTINA S.A.,100011200000,Partidas Pend. de Imputación,40.0,N,2026,1,2026-01,balres
44094,MERCEDES-BENZ COMPAÑÍA FINANCIERA ARGENTINA S.A.,100020000000,P A S I V O,149481669.0,N,2026,1,2026-01,balres
44094,MERCEDES-BENZ COMPAÑÍA FINANCIERA ARGENTINA S.A.,100020100000,Depósitos,2000.0,N,2026,1,2026-01,balres
44094,MERCEDES-BENZ COMPAÑÍA FINANCIERA ARGENTINA S.A.,100020103000,Sector Privado no Financiero y Residentes en el Ext.,2000.0,N,2026,1,2026-01,balres
44094,MERCEDES-BENZ COMPAÑÍA FINANCIERA ARGENTINA S.A.,100020103005,Caja de ahorros,2000.0,N,2026,1,2026-01,balres
44094,MERCEDES-BENZ COMPAÑÍA FINANCIERA ARGENTINA S.A.,100020103010,Plazo fijo e inversiones a plazo,0.0,N,2026,1,2026-01,balres
44094,MERCEDES-BENZ COMPAÑÍA FINANCIERA ARGENTINA S.A.,100020103020,Intereses y dif. cotiz. deveng. a pagar,0.0,N,2026,1,2026-01,balres
44094,MERCEDES-BENZ COMPAÑÍA FINANCIERA ARGENTINA S.A.,100020200000,Otras Oblig.por Intermed. Financ.,138742821.0,N,2026,1,2026-01,balres
44094,MERCEDES-BENZ COMPAÑÍA FINANCIERA ARGENTINA S.A.,100020300000,Obligaciones Diversas,7475388.0,N,2026,1,2026-01,balres
44094,MERCEDES-BENZ COMPAÑÍA FINANCIERA ARGENTINA S.A.,100020400000,Provisiones,3255305.0,N,2026,1,2026-01,balres
44094,MERCEDES-BENZ COMPAÑÍA FINANCIERA ARGENTINA S.A.,100020600000,Partidas Pendientes de Imputación,6155.0,N,2026,1,2026-01,balres
44094,MERCEDES-BENZ COMPAÑÍA FINANCIERA ARGENTINA S.A.,100030000000,P A T R I M O N I O   N E T O,32645931.0,N,2026,1,2026-01,balres
44094,MERCEDES-BENZ COMPAÑÍA FINANCIERA ARGENTINA S.A.,100030100000,"Capital, Aportes, Reservas y ORI acumulado",25640004.0,N,2026,1,2026-01,balres
44094,MERCEDES-BENZ COMPAÑÍA FINANCIERA ARGENTINA S.A.,100030600000,Resultados no asignados,7005927.0,N,2026,1,2026-01,balres
44094,MERCEDES-BENZ COMPAÑÍA FINANCIERA ARGENTINA S.A.,100040000000,R D O S. I N T E G R A L E S  A C U M.  D E L  P E R I O D O,517072.0,N,2026,1,2026-01,balres
44094,MERCEDES-BENZ COMPAÑÍA FINANCIERA ARGENTINA S.A.,100040100000,Ingresos financieros,6638828.0,N,2026,1,2026-01,balres
44094,MERCEDES-BENZ COMPAÑÍA FINANCIERA ARGENTINA S.A.,100040100005,Por Intereses,6635793.0,N,2026,1,2026-01,balres
44094,MERCEDES-BENZ COMPAÑÍA FINANCIERA ARGENTINA S.A.,100040100090,Otros Ingresos Financieros,3035.0,N,2026,1,2026-01,balres
44094,MERCEDES-BENZ COMPAÑÍA FINANCIERA ARGENTINA S.A.,100040200000,Egresos financieros,-4327667.0,N,2026,1,2026-01,balres
44094,MERCEDES-BENZ COMPAÑÍA FINANCIERA ARGENTINA S.A.,100040200005,Por Intereses,-3804094.0,N,2026,1,2026-01,balres
44094,MERCEDES-BENZ COMPAÑÍA FINANCIERA ARGENTINA S.A.,100040200090,Otros Egresos Financieros,-523573.0,N,2026,1,2026-01,balres
44094,MERCEDES-BENZ COMPAÑÍA FINANCIERA ARGENTINA S.A.,100040300000,Cargo por incobrabilidad,-235209.0,N,2026,1,2026-01,balres
44094,MERCEDES-BENZ COMPAÑÍA FINANCIERA ARGENTINA S.A.,100040400000,Ingresos por servicios,156299.0,N,2026,1,2026-01,balres
44094,MERCEDES-BENZ COMPAÑÍA FINANCIERA ARGENTINA S.A.,100040500000,Egresos por servicios,-68569.0,N,2026,1,2026-01,balres
44094,MERCEDES-BENZ COMPAÑÍA FINANCIERA ARGENTINA S.A.,100040700000,Gastos de administración,-860881.0,N,2026,1,2026-01,balres
44094,MERCEDES-BENZ COMPAÑÍA FINANCIERA ARGENTINA S.A.,100040800000,Créditos recuperados y previsiones desafectadas,64.0,N,2026,1,2026-01,balres
44094,MERCEDES-BENZ COMPAÑÍA FINANCIERA ARGENTINA S.A.,100041200000,Resultado monetario,-751428.0,N,2026,1,2026-01,balres
44094,MERCEDES-BENZ COMPAÑÍA FINANCIERA ARGENTINA S.A.,100041300000,Otros,10054.0,N,2026,1,2026-01,balres
44094,MERCEDES-BENZ COMPAÑÍA FINANCIERA ARGENTINA S.A.,100041400000,Impuesto a las ganancias,-44419.0,N,2026,1,2026-01,balres
44094,MERCEDES-BENZ COMPAÑÍA FINANCIERA ARGENTINA S.A.,100050000000,PARTIDAS FUERA DE BALANCE,0.0,N,2026,1,2026-01,balres
44094,MERCEDES-BENZ COMPAÑÍA FINANCIERA ARGENTINA S.A.,100050100000,Créditos irrecuperables en partidas fuera del balance,1086591.0,N,2026,1,2026-01,balres
44094,MERCEDES-BENZ COMPAÑÍA FINANCIERA ARGENTINA S.A.,100050200000,Contingentes acreedoras,29761998.0,N,2026,1,2026-01,balres
44094,MERCEDES-BENZ COMPAÑÍA FINANCIERA ARGENTINA S.A.,100050600000,Contingentes deudoras,166673240.0,N,2026,1,2026-01,balres
44094,MERCEDES-BENZ COMPAÑÍA FINANCIERA ARGENTINA S.A.,100050700000,De Control deudoras,4538420.0,N,2026,1,2026-01,balres
44095,ROMBO COMPAÑÍA FINANCIERA S.A.,100010000000,A C T I V O,348001605.0,N,2026,1,2026-01,balres
44095,ROMBO COMPAÑÍA FINANCIERA S.A.,100010100000,Efectivo y deposito en bancos,7261042.0,N,2026,1,2026-01,balres
44095,ROMBO COMPAÑÍA FINANCIERA S.A.,100010200000,Títulos Públicos y Privados,10948398.0,N,2026,1,2026-01,balres
44095,ROMBO COMPAÑÍA FINANCIERA S.A.,100010300000,Préstamos,319127240.0,N,2026,1,2026-01,balres
44095,ROMBO COMPAÑÍA FINANCIERA S.A.,100010302000,Sector Financiero,29332725.0,N,2026,1,2026-01,balres
44095,ROMBO COMPAÑÍA FINANCIERA S.A.,100010303000,Sector Privado no Financiero y Residentes en el Ext.,294900470.0,N,2026,1,2026-01,balres
44095,ROMBO COMPAÑÍA FINANCIERA S.A.,100010303015,Prendarios,315476674.0,N,2026,1,2026-01,balres
44095,ROMBO COMPAÑÍA FINANCIERA S.A.,100010303020,Personales,18670936.0,N,2026,1,2026-01,balres
44095,ROMBO COMPAÑÍA FINANCIERA S.A.,100010303030,Otros,44151087.0,N,2026,1,2026-01,balres
44095,ROMBO COMPAÑÍA FINANCIERA S.A.,100010303045,Intereses y dif. cotiz. deveng. a cobrar,6825946.0,N,2026,1,2026-01,balres
44095,ROMBO COMPAÑÍA FINANCIERA S.A.,100010303060,Ajustes NIIF,-90224173.0,N,2026,1,2026-01,balres
44095,ROMBO COMPAÑÍA FINANCIERA S.A.,100010304000,Previsiones,-5105955.0,N,2026,1,2026-01,balres
44095,ROMBO COMPAÑÍA FINANCIERA S.A.,100010400000,Otros Cred.por Interm.Finan.,2026539.0,N,2026,1,2026-01,balres
44095,ROMBO COMPAÑÍA FINANCIERA S.A.,100010500000,Credito por arrendamiento financiero,16400.0,N,2026,1,2026-01,balres
44095,ROMBO COMPAÑÍA FINANCIERA S.A.,100010700000,Créditos Diversos,8531423.0,N,2026,1,2026-01,balres
44095,ROMBO COMPAÑÍA FINANCIERA S.A.,100010800000,"Propiedad, plantas y equipo",90305.0,N,2026,1,2026-01,balres
44095,ROMBO COMPAÑÍA FINANCIERA S.A.,100010900000,Bienes Diversos,258.0,N,2026,1,2026-01,balres
44095,ROMBO COMPAÑÍA FINANCIERA S.A.,100020000000,P A S I V O,288724462.0,N,2026,1,2026-01,balres
44095,ROMBO COMPAÑÍA FINANCIERA S.A.,100020200000,Otras Oblig.por Intermed. Financ.,268569286.0,N,2026,1,2026-01,balres
44095,ROMBO COMPAÑÍA FINANCIERA S.A.,100020300000,Obligaciones Diversas,20108013.0,N,2026,1,2026-01,balres
44095,ROMBO COMPAÑÍA FINANCIERA S.A.,100020400000,Provisiones,39794.0,N,2026,1,2026-01,balres
44095,ROMBO COMPAÑÍA FINANCIERA S.A.,100020600000,Partidas Pendientes de Imputación,7369.0,N,2026,1,2026-01,balres
44095,ROMBO COMPAÑÍA FINANCIERA S.A.,100030000000,P A T R I M O N I O   N E T O,59277143.0,N,2026,1,2026-01,balres
44095,ROMBO COMPAÑÍA FINANCIERA S.A.,100030100000,"Capital, Aportes, Reservas y ORI acumulado",35046378.0,N,2026,1,2026-01,balres
44095,ROMBO COMPAÑÍA FINANCIERA S.A.,100030600000,Resultados no asignados,24230765.0,N,2026,1,2026-01,balres
44095,ROMBO COMPAÑÍA FINANCIERA S.A.,100040000000,R D O S. I N T E G R A L E S  A C U M.  D E L  P E R I O D O,1545691.0,N,2026,1,2026-01,balres
44095,ROMBO COMPAÑÍA FINANCIERA S.A.,100040100000,Ingresos financieros,17643426.0,N,2026,1,2026-01,balres
44095,ROMBO COMPAÑÍA FINANCIERA S.A.,100040100005,Por Intereses,16998616.0,N,2026,1,2026-01,balres
44095,ROMBO COMPAÑÍA FINANCIERA S.A.,100040100090,Otros Ingresos Financieros,644810.0,N,2026,1,2026-01,balres
44095,ROMBO COMPAÑÍA FINANCIERA S.A.,100040200000,Egresos financieros,-11192673.0,N,2026,1,2026-01,balres
44095,ROMBO COMPAÑÍA FINANCIERA S.A.,100040200005,Por Intereses,-9572165.0,N,2026,1,2026-01,balres
44095,ROMBO COMPAÑÍA FINANCIERA S.A.,100040200090,Otros Egresos Financieros,-1620508.0,N,2026,1,2026-01,balres
44095,ROMBO COMPAÑÍA FINANCIERA S.A.,100040300000,Cargo por incobrabilidad,-645688.0,N,2026,1,2026-01,balres
44095,ROMBO COMPAÑÍA FINANCIERA S.A.,100040500000,Egresos por servicios,-769065.0,N,2026,1,2026-01,balres
44095,ROMBO COMPAÑÍA FINANCIERA S.A.,100040700000,Gastos de administración,-1139302.0,N,2026,1,2026-01,balres
44095,ROMBO COMPAÑÍA FINANCIERA S.A.,100040800000,Créditos recuperados y previsiones desafectadas,9396.0,N,2026,1,2026-01,balres
44095,ROMBO COMPAÑÍA FINANCIERA S.A.,100041200000,Resultado monetario,-1566883.0,N,2026,1,2026-01,balres
44095,ROMBO COMPAÑÍA FINANCIERA S.A.,100041300000,Otros,-25900.0,N,2026,1,2026-01,balres
44095,ROMBO COMPAÑÍA FINANCIERA S.A.,100041400000,Impuesto a las ganancias,-767620.0,N,2026,1,2026-01,balres
44095,ROMBO COMPAÑÍA FINANCIERA S.A.,100050000000,PARTIDAS FUERA DE BALANCE,0.0,N,2026,1,2026-01,balres
44095,ROMBO COMPAÑÍA FINANCIERA S.A.,100050100000,Créditos irrecuperables en partidas fuera del balance,270411.0,N,2026,1,2026-01,balres
44095,ROMBO COMPAÑÍA FINANCIERA S.A.,100050600000,Contingentes deudoras,432003941.0,N,2026,1,2026-01,balres
44095,ROMBO COMPAÑÍA FINANCIERA S.A.,100050800000,De Derivados deudoras,34000000.0,N,2026,1,2026-01,balres
44096,JOHN DEERE CREDIT COMPAÑÍA FINANCIERA S.A.,100010000000,A C T I V O,906222974.0,N,2026,1,2026-01,balres
44096,JOHN DEERE CREDIT COMPAÑÍA FINANCIERA S.A.,100010100000,Efectivo y deposito en bancos,168158556.0,N,2026,1,2026-01,balres
44096,JOHN DEERE CREDIT COMPAÑÍA FINANCIERA S.A.,100010200000,Títulos Públicos y Privados,9042550.0,N,2026,1,2026-01,balres
44096,JOHN DEERE CREDIT COMPAÑÍA FINANCIERA S.A.,100010300000,Préstamos,690131238.0,N,2026,1,2026-01,balres
44096,JOHN DEERE CREDIT COMPAÑÍA FINANCIERA S.A.,100010302000,Sector Financiero,81496150.0,N,2026,1,2026-01,balres
44096,JOHN DEERE CREDIT COMPAÑÍA FINANCIERA S.A.,100010303000,Sector Privado no Financiero y Residentes en el Ext.,616830013.0,N,2026,1,2026-01,balres
44096,JOHN DEERE CREDIT COMPAÑÍA FINANCIERA S.A.,100010303005,"Doc a sola firma, descont. y comprados",164208658.0,N,2026,1,2026-01,balres
44096,JOHN DEERE CREDIT COMPAÑÍA FINANCIERA S.A.,100010303010,Hipotecarios,687641.0,N,2026,1,2026-01,balres
44096,JOHN DEERE CREDIT COMPAÑÍA FINANCIERA S.A.,100010303015,Prendarios,444698521.0,N,2026,1,2026-01,balres
44096,JOHN DEERE CREDIT COMPAÑÍA FINANCIERA S.A.,100010303045,Intereses y dif. cotiz. deveng. a cobrar,11397156.0,N,2026,1,2026-01,balres
44096,JOHN DEERE CREDIT COMPAÑÍA FINANCIERA S.A.,100010303050,Cobros no aplicados,0.0,N,2026,1,2026-01,balres
44096,JOHN DEERE CREDIT COMPAÑÍA FINANCIERA S.A.,100010303060,Ajustes NIIF,-4161963.0,N,2026,1,2026-01,balres
44096,JOHN DEERE CREDIT COMPAÑÍA FINANCIERA S.A.,100010304000,Previsiones,-8194925.0,N,2026,1,2026-01,balres
44096,JOHN DEERE CREDIT COMPAÑÍA FINANCIERA S.A.,100010400000,Otros Cred.por Interm.Finan.,12803197.0,N,2026,1,2026-01,balres
44096,JOHN DEERE CREDIT COMPAÑÍA FINANCIERA S.A.,100010500000,Credito por arrendamiento financiero,5258629.0,N,2026,1,2026-01,balres
44096,JOHN DEERE CREDIT COMPAÑÍA FINANCIERA S.A.,100010700000,Créditos Diversos,17979141.0,N,2026,1,2026-01,balres
44096,JOHN DEERE CREDIT COMPAÑÍA FINANCIERA S.A.,100010800000,"Propiedad, plantas y equipo",632552.0,N,2026,1,2026-01,balres
44096,JOHN DEERE CREDIT COMPAÑÍA FINANCIERA S.A.,100010900000,Bienes Diversos,536282.0,N,2026,1,2026-01,balres
44096,JOHN DEERE CREDIT COMPAÑÍA FINANCIERA S.A.,100011000000,Activos Intangibles,1680829.0,N,2026,1,2026-01,balres
44096,JOHN DEERE CREDIT COMPAÑÍA FINANCIERA S.A.,100020000000,P A S I V O,853986673.0,N,2026,1,2026-01,balres
44096,JOHN DEERE CREDIT COMPAÑÍA FINANCIERA S.A.,100020200000,Otras Oblig.por Intermed. Financ.,818407268.0,N,2026,1,2026-01,balres
44096,JOHN DEERE CREDIT COMPAÑÍA FINANCIERA S.A.,100020300000,Obligaciones Diversas,20846432.0,N,2026,1,2026-01,balres
44096,JOHN DEERE CREDIT COMPAÑÍA FINANCIERA S.A.,100020500000,Obligaciones Subordinadas,14732973.0,N,2026,1,2026-01,balres
44096,JOHN DEERE CREDIT COMPAÑÍA FINANCIERA S.A.,100030000000,P A T R I M O N I O   N E T O,52236301.0,N,2026,1,2026-01,balres
44096,JOHN DEERE CREDIT COMPAÑÍA FINANCIERA S.A.,100030100000,"Capital, Aportes, Reservas y ORI acumulado",40391199.0,N,2026,1,2026-01,balres
44096,JOHN DEERE CREDIT COMPAÑÍA FINANCIERA S.A.,100030600000,Resultados no asignados,11845102.0,N,2026,1,2026-01,balres
44096,JOHN DEERE CREDIT COMPAÑÍA FINANCIERA S.A.,100040000000,R D O S. I N T E G R A L E S  A C U M.  D E L  P E R I O D O,1029499.0,N,2026,1,2026-01,balres
44096,JOHN DEERE CREDIT COMPAÑÍA FINANCIERA S.A.,100040100000,Ingresos financieros,8904688.0,N,2026,1,2026-01,balres
44096,JOHN DEERE CREDIT COMPAÑÍA FINANCIERA S.A.,100040100005,Por Intereses,7748096.0,N,2026,1,2026-01,balres
44096,JOHN DEERE CREDIT COMPAÑÍA FINANCIERA S.A.,100040100090,Otros Ingresos Financieros,1156592.0,N,2026,1,2026-01,balres
44096,JOHN DEERE CREDIT COMPAÑÍA FINANCIERA S.A.,100040200000,Egresos financieros,-4706097.0,N,2026,1,2026-01,balres
44096,JOHN DEERE CREDIT COMPAÑÍA FINANCIERA S.A.,100040200005,Por Intereses,-4045882.0,N,2026,1,2026-01,balres
44096,JOHN DEERE CREDIT COMPAÑÍA FINANCIERA S.A.,100040200090,Otros Egresos Financieros,-660215.0,N,2026,1,2026-01,balres
44096,JOHN DEERE CREDIT COMPAÑÍA FINANCIERA S.A.,100040300000,Cargo por incobrabilidad,-1283619.0,N,2026,1,2026-01,balres
44096,JOHN DEERE CREDIT COMPAÑÍA FINANCIERA S.A.,100040400000,Ingresos por servicios,969154.0,N,2026,1,2026-01,balres
44096,JOHN DEERE CREDIT COMPAÑÍA FINANCIERA S.A.,100040500000,Egresos por servicios,-161853.0,N,2026,1,2026-01,balres
44096,JOHN DEERE CREDIT COMPAÑÍA FINANCIERA S.A.,100040700000,Gastos de administración,-940887.0,N,2026,1,2026-01,balres
44096,JOHN DEERE CREDIT COMPAÑÍA FINANCIERA S.A.,100040800000,Créditos recuperados y previsiones desafectadas,537706.0,N,2026,1,2026-01,balres
44096,JOHN DEERE CREDIT COMPAÑÍA FINANCIERA S.A.,100041200000,Resultado monetario,-1182143.0,N,2026,1,2026-01,balres
44096,JOHN DEERE CREDIT COMPAÑÍA FINANCIERA S.A.,100041300000,Otros,-669639.0,N,2026,1,2026-01,balres
44096,JOHN DEERE CREDIT COMPAÑÍA FINANCIERA S.A.,100041400000,Impuesto a las ganancias,-437811.0,N,2026,1,2026-01,balres
44096,JOHN DEERE CREDIT COMPAÑÍA FINANCIERA S.A.,100050000000,PARTIDAS FUERA DE BALANCE,0.0,N,2026,1,2026-01,balres
44096,JOHN DEERE CREDIT COMPAÑÍA FINANCIERA S.A.,100050100000,Créditos irrecuperables en partidas fuera del balance,5700454.0,N,2026,1,2026-01,balres
44096,JOHN DEERE CREDIT COMPAÑÍA FINANCIERA S.A.,100050600000,Contingentes deudoras,954043977.0,N,2026,1,2026-01,balres
44098,PSA FINANCE ARGENTINA COMPAÑÍA FINANCIERA S.A.,100010000000,A C T I V O,351141594.0,N,2026,1,2026-01,balres
44098,PSA FINANCE ARGENTINA COMPAÑÍA FINANCIERA S.A.,100010100000,Efectivo y deposito en bancos,3696513.0,N,2026,1,2026-01,balres
44098,PSA FINANCE ARGENTINA COMPAÑÍA FINANCIERA S.A.,100010200000,Títulos Públicos y Privados,0.0,N,2026,1,2026-01,balres
44098,PSA FINANCE ARGENTINA COMPAÑÍA FINANCIERA S.A.,100010300000,Préstamos,341337519.0,N,2026,1,2026-01,balres
44098,PSA FINANCE ARGENTINA COMPAÑÍA FINANCIERA S.A.,100010302000,Sector Financiero,0.0,N,2026,1,2026-01,balres
44098,PSA FINANCE ARGENTINA COMPAÑÍA FINANCIERA S.A.,100010303000,Sector Privado no Financiero y Residentes en el Ext.,347158910.0,N,2026,1,2026-01,balres
44098,PSA FINANCE ARGENTINA COMPAÑÍA FINANCIERA S.A.,100010303015,Prendarios,302897031.0,N,2026,1,2026-01,balres
44098,PSA FINANCE ARGENTINA COMPAÑÍA FINANCIERA S.A.,100010303020,Personales,18397911.0,N,2026,1,2026-01,balres
44098,PSA FINANCE ARGENTINA COMPAÑÍA FINANCIERA S.A.,100010303030,Otros,79238805.0,N,2026,1,2026-01,balres
44098,PSA FINANCE ARGENTINA COMPAÑÍA FINANCIERA S.A.,100010303045,Intereses y dif. cotiz. deveng. a cobrar,13662891.0,N,2026,1,2026-01,balres
44098,PSA FINANCE ARGENTINA COMPAÑÍA FINANCIERA S.A.,100010303060,Ajustes NIIF,-67037728.0,N,2026,1,2026-01,balres
44098,PSA FINANCE ARGENTINA COMPAÑÍA FINANCIERA S.A.,100010304000,Previsiones,-5821391.0,N,2026,1,2026-01,balres
44098,PSA FINANCE ARGENTINA COMPAÑÍA FINANCIERA S.A.,100010400000,Otros Cred.por Interm.Finan.,1140534.0,N,2026,1,2026-01,balres
44098,PSA FINANCE ARGENTINA COMPAÑÍA FINANCIERA S.A.,100010500000,Credito por arrendamiento financiero,378048.0,N,2026,1,2026-01,balres
44098,PSA FINANCE ARGENTINA COMPAÑÍA FINANCIERA S.A.,100010700000,Créditos Diversos,4461824.0,N,2026,1,2026-01,balres
44098,PSA FINANCE ARGENTINA COMPAÑÍA FINANCIERA S.A.,100010800000,"Propiedad, plantas y equipo",127156.0,N,2026,1,2026-01,balres
44098,PSA FINANCE ARGENTINA COMPAÑÍA FINANCIERA S.A.,100011200000,Partidas Pend. de Imputación,0.0,N,2026,1,2026-01,balres
44098,PSA FINANCE ARGENTINA COMPAÑÍA FINANCIERA S.A.,100020000000,P A S I V O,289030584.0,N,2026,1,2026-01,balres
44098,PSA FINANCE ARGENTINA COMPAÑÍA FINANCIERA S.A.,100020100000,Depósitos,0.0,N,2026,1,2026-01,balres
44098,PSA FINANCE ARGENTINA COMPAÑÍA FINANCIERA S.A.,100020103000,Sector Privado no Financiero y Residentes en el Ext.,0.0,N,2026,1,2026-01,balres
44098,PSA FINANCE ARGENTINA COMPAÑÍA FINANCIERA S.A.,100020103010,Plazo fijo e inversiones a plazo,0.0,N,2026,1,2026-01,balres
44098,PSA FINANCE ARGENTINA COMPAÑÍA FINANCIERA S.A.,100020103020,Intereses y dif. cotiz. deveng. a pagar,0.0,N,2026,1,2026-01,balres
44098,PSA FINANCE ARGENTINA COMPAÑÍA FINANCIERA S.A.,100020200000,Otras Oblig.por Intermed. Financ.,264902462.0,N,2026,1,2026-01,balres
44098,PSA FINANCE ARGENTINA COMPAÑÍA FINANCIERA S.A.,100020300000,Obligaciones Diversas,24082969.0,N,2026,1,2026-01,balres
44098,PSA FINANCE ARGENTINA COMPAÑÍA FINANCIERA S.A.,100020400000,Provisiones,38298.0,N,2026,1,2026-01,balres
44098,PSA FINANCE ARGENTINA COMPAÑÍA FINANCIERA S.A.,100020600000,Partidas Pendientes de Imputación,6855.0,N,2026,1,2026-01,balres
44098,PSA FINANCE ARGENTINA COMPAÑÍA FINANCIERA S.A.,100030000000,P A T R I M O N I O   N E T O,62111010.0,N,2026,1,2026-01,balres
44098,PSA FINANCE ARGENTINA COMPAÑÍA FINANCIERA S.A.,100030100000,"Capital, Aportes, Reservas y ORI acumulado",36952590.0,N,2026,1,2026-01,balres
44098,PSA FINANCE ARGENTINA COMPAÑÍA FINANCIERA S.A.,100030600000,Resultados no asignados,25158420.0,N,2026,1,2026-01,balres
44098,PSA FINANCE ARGENTINA COMPAÑÍA FINANCIERA S.A.,100040000000,R D O S. I N T E G R A L E S  A C U M.  D E L  P E R I O D O,1784467.0,N,2026,1,2026-01,balres
44098,PSA FINANCE ARGENTINA COMPAÑÍA FINANCIERA S.A.,100040100000,Ingresos financieros,15953830.0,N,2026,1,2026-01,balres
44098,PSA FINANCE ARGENTINA COMPAÑÍA FINANCIERA S.A.,100040100005,Por Intereses,14497074.0,N,2026,1,2026-01,balres
44098,PSA FINANCE ARGENTINA COMPAÑÍA FINANCIERA S.A.,100040100090,Otros Ingresos Financieros,1456756.0,N,2026,1,2026-01,balres
44098,PSA FINANCE ARGENTINA COMPAÑÍA FINANCIERA S.A.,100040200000,Egresos financieros,-10989167.0,N,2026,1,2026-01,balres
44098,PSA FINANCE ARGENTINA COMPAÑÍA FINANCIERA S.A.,100040200005,Por Intereses,-9632269.0,N,2026,1,2026-01,balres
44098,PSA FINANCE ARGENTINA COMPAÑÍA FINANCIERA S.A.,100040200090,Otros Egresos Financieros,-1356898.0,N,2026,1,2026-01,balres
44098,PSA FINANCE ARGENTINA COMPAÑÍA FINANCIERA S.A.,100040300000,Cargo por incobrabilidad,-684660.0,N,2026,1,2026-01,balres
44098,PSA FINANCE ARGENTINA COMPAÑÍA FINANCIERA S.A.,100040400000,Ingresos por servicios,122424.0,N,2026,1,2026-01,balres
44098,PSA FINANCE ARGENTINA COMPAÑÍA FINANCIERA S.A.,100040500000,Egresos por servicios,-188573.0,N,2026,1,2026-01,balres
44098,PSA FINANCE ARGENTINA COMPAÑÍA FINANCIERA S.A.,100040700000,Gastos de administración,-745586.0,N,2026,1,2026-01,balres
44098,PSA FINANCE ARGENTINA COMPAÑÍA FINANCIERA S.A.,100040800000,Créditos recuperados y previsiones desafectadas,0.0,N,2026,1,2026-01,balres
44098,PSA FINANCE ARGENTINA COMPAÑÍA FINANCIERA S.A.,100041200000,Resultado monetario,-1631256.0,N,2026,1,2026-01,balres
44098,PSA FINANCE ARGENTINA COMPAÑÍA FINANCIERA S.A.,100041300000,Otros,630618.0,N,2026,1,2026-01,balres
44098,PSA FINANCE ARGENTINA COMPAÑÍA FINANCIERA S.A.,100041400000,Impuesto a las ganancias,-683163.0,N,2026,1,2026-01,balres
44098,PSA FINANCE ARGENTINA COMPAÑÍA FINANCIERA S.A.,100041500000,Otro resultado integral,0.0,N,2026,1,2026-01,balres
44098,PSA FINANCE ARGENTINA COMPAÑÍA FINANCIERA S.A.,100050000000,PARTIDAS FUERA DE BALANCE,0.0,N,2026,1,2026-01,balres
44098,PSA FINANCE ARGENTINA COMPAÑÍA FINANCIERA S.A.,100050100000,Créditos irrecuperables en partidas fuera del balance,83129.0,N,2026,1,2026-01,balres
44098,PSA FINANCE ARGENTINA COMPAÑÍA FINANCIERA S.A.,100050600000,Contingentes deudoras,956733214.0,N,2026,1,2026-01,balres
44099,TOYOTA COMPAÑÍA FINANCIERA DE ARGENTINA S.A.,100010000000,A C T I V O,207334849.0,N,2026,1,2026-01,balres
44099,TOYOTA COMPAÑÍA FINANCIERA DE ARGENTINA S.A.,100010100000,Efectivo y deposito en bancos,4780490.0,N,2026,1,2026-01,balres
44099,TOYOTA COMPAÑÍA FINANCIERA DE ARGENTINA S.A.,100010300000,Préstamos,154462178.0,N,2026,1,2026-01,balres
44099,TOYOTA COMPAÑÍA FINANCIERA DE ARGENTINA S.A.,100010302000,Sector Financiero,0.0,N,2026,1,2026-01,balres
44099,TOYOTA COMPAÑÍA FINANCIERA DE ARGENTINA S.A.,100010303000,Sector Privado no Financiero y Residentes en el Ext.,154795895.0,N,2026,1,2026-01,balres
44099,TOYOTA COMPAÑÍA FINANCIERA DE ARGENTINA S.A.,100010303005,"Doc a sola firma, descont. y comprados",2841500.0,N,2026,1,2026-01,balres
44099,TOYOTA COMPAÑÍA FINANCIERA DE ARGENTINA S.A.,100010303015,Prendarios,129943931.0,N,2026,1,2026-01,balres
44099,TOYOTA COMPAÑÍA FINANCIERA DE ARGENTINA S.A.,100010303030,Otros,18654005.0,N,2026,1,2026-01,balres
44099,TOYOTA COMPAÑÍA FINANCIERA DE ARGENTINA S.A.,100010303045,Intereses y dif. cotiz. deveng. a cobrar,6468734.0,N,2026,1,2026-01,balres
44099,TOYOTA COMPAÑÍA FINANCIERA DE ARGENTINA S.A.,100010303055,Intereses documentados,-414204.0,N,2026,1,2026-01,balres
44099,TOYOTA COMPAÑÍA FINANCIERA DE ARGENTINA S.A.,100010303060,Ajustes NIIF,-2698071.0,N,2026,1,2026-01,balres
44099,TOYOTA COMPAÑÍA FINANCIERA DE ARGENTINA S.A.,100010304000,Previsiones,-333717.0,N,2026,1,2026-01,balres
44099,TOYOTA COMPAÑÍA FINANCIERA DE ARGENTINA S.A.,100010400000,Otros Cred.por Interm.Finan.,2324434.0,N,2026,1,2026-01,balres
44099,TOYOTA COMPAÑÍA FINANCIERA DE ARGENTINA S.A.,100010500000,Credito por arrendamiento financiero,36965214.0,N,2026,1,2026-01,balres
44099,TOYOTA COMPAÑÍA FINANCIERA DE ARGENTINA S.A.,100010700000,Créditos Diversos,2739254.0,N,2026,1,2026-01,balres
44099,TOYOTA COMPAÑÍA FINANCIERA DE ARGENTINA S.A.,100010800000,"Propiedad, plantas y equipo",4029238.0,N,2026,1,2026-01,balres
44099,TOYOTA COMPAÑÍA FINANCIERA DE ARGENTINA S.A.,100010900000,Bienes Diversos,320572.0,N,2026,1,2026-01,balres
44099,TOYOTA COMPAÑÍA FINANCIERA DE ARGENTINA S.A.,100011000000,Activos Intangibles,1713469.0,N,2026,1,2026-01,balres
44099,TOYOTA COMPAÑÍA FINANCIERA DE ARGENTINA S.A.,100020000000,P A S I V O,161748669.0,N,2026,1,2026-01,balres
44099,TOYOTA COMPAÑÍA FINANCIERA DE ARGENTINA S.A.,100020100000,Depósitos,9199645.0,N,2026,1,2026-01,balres
44099,TOYOTA COMPAÑÍA FINANCIERA DE ARGENTINA S.A.,100020103000,Sector Privado no Financiero y Residentes en el Ext.,9199645.0,N,2026,1,2026-01,balres
44099,TOYOTA COMPAÑÍA FINANCIERA DE ARGENTINA S.A.,100020103005,Caja de ahorros,13.0,N,2026,1,2026-01,balres
44099,TOYOTA COMPAÑÍA FINANCIERA DE ARGENTINA S.A.,100020103010,Plazo fijo e inversiones a plazo,9092680.0,N,2026,1,2026-01,balres
44099,TOYOTA COMPAÑÍA FINANCIERA DE ARGENTINA S.A.,100020103015,Otros,5040.0,N,2026,1,2026-01,balres
44099,TOYOTA COMPAÑÍA FINANCIERA DE ARGENTINA S.A.,100020103020,Intereses y dif. cotiz. deveng. a pagar,101912.0,N,2026,1,2026-01,balres
44099,TOYOTA COMPAÑÍA FINANCIERA DE ARGENTINA S.A.,100020200000,Otras Oblig.por Intermed. Financ.,141001527.0,N,2026,1,2026-01,balres
44099,TOYOTA COMPAÑÍA FINANCIERA DE ARGENTINA S.A.,100020300000,Obligaciones Diversas,11546747.0,N,2026,1,2026-01,balres
44099,TOYOTA COMPAÑÍA FINANCIERA DE ARGENTINA S.A.,100020400000,Provisiones,750.0,N,2026,1,2026-01,balres
44099,TOYOTA COMPAÑÍA FINANCIERA DE ARGENTINA S.A.,100030000000,P A T R I M O N I O   N E T O,45586180.0,N,2026,1,2026-01,balres
44099,TOYOTA COMPAÑÍA FINANCIERA DE ARGENTINA S.A.,100030100000,"Capital, Aportes, Reservas y ORI acumulado",129214013.0,N,2026,1,2026-01,balres
44099,TOYOTA COMPAÑÍA FINANCIERA DE ARGENTINA S.A.,100030600000,Resultados no asignados,-83627833.0,N,2026,1,2026-01,balres
44099,TOYOTA COMPAÑÍA FINANCIERA DE ARGENTINA S.A.,100040000000,R D O S. I N T E G R A L E S  A C U M.  D E L  P E R I O D O,135774.0,N,2026,1,2026-01,balres
44099,TOYOTA COMPAÑÍA FINANCIERA DE ARGENTINA S.A.,100040100000,Ingresos financieros,8320902.0,N,2026,1,2026-01,balres
44099,TOYOTA COMPAÑÍA FINANCIERA DE ARGENTINA S.A.,100040100005,Por Intereses,7864045.0,N,2026,1,2026-01,balres
44099,TOYOTA COMPAÑÍA FINANCIERA DE ARGENTINA S.A.,100040100090,Otros Ingresos Financieros,456857.0,N,2026,1,2026-01,balres
44099,TOYOTA COMPAÑÍA FINANCIERA DE ARGENTINA S.A.,100040200000,Egresos financieros,-6054036.0,N,2026,1,2026-01,balres
44099,TOYOTA COMPAÑÍA FINANCIERA DE ARGENTINA S.A.,100040200005,Por Intereses,-4000373.0,N,2026,1,2026-01,balres
44099,TOYOTA COMPAÑÍA FINANCIERA DE ARGENTINA S.A.,100040200090,Otros Egresos Financieros,-2053663.0,N,2026,1,2026-01,balres
44099,TOYOTA COMPAÑÍA FINANCIERA DE ARGENTINA S.A.,100040300000,Cargo por incobrabilidad,-5681.0,N,2026,1,2026-01,balres
44099,TOYOTA COMPAÑÍA FINANCIERA DE ARGENTINA S.A.,100040400000,Ingresos por servicios,777747.0,N,2026,1,2026-01,balres
44099,TOYOTA COMPAÑÍA FINANCIERA DE ARGENTINA S.A.,100040500000,Egresos por servicios,-220755.0,N,2026,1,2026-01,balres
44099,TOYOTA COMPAÑÍA FINANCIERA DE ARGENTINA S.A.,100040700000,Gastos de administración,-1471054.0,N,2026,1,2026-01,balres
44099,TOYOTA COMPAÑÍA FINANCIERA DE ARGENTINA S.A.,100040800000,Créditos recuperados y previsiones desafectadas,1854.0,N,2026,1,2026-01,balres
44099,TOYOTA COMPAÑÍA FINANCIERA DE ARGENTINA S.A.,100041200000,Resultado monetario,-1138307.0,N,2026,1,2026-01,balres
44099,TOYOTA COMPAÑÍA FINANCIERA DE ARGENTINA S.A.,100041300000,Otros,20839.0,N,2026,1,2026-01,balres
44099,TOYOTA COMPAÑÍA FINANCIERA DE ARGENTINA S.A.,100041400000,Impuesto a las ganancias,-95735.0,N,2026,1,2026-01,balres
44099,TOYOTA COMPAÑÍA FINANCIERA DE ARGENTINA S.A.,100050000000,PARTIDAS FUERA DE BALANCE,0.0,N,2026,1,2026-01,balres
44099,TOYOTA COMPAÑÍA FINANCIERA DE ARGENTINA S.A.,100050100000,Créditos irrecuperables en partidas fuera del balance,22492.0,N,2026,1,2026-01,balres
44099,TOYOTA COMPAÑÍA FINANCIERA DE ARGENTINA S.A.,100050300000,De Control acreedoras,3461043.0,N,2026,1,2026-01,balres
44099,TOYOTA COMPAÑÍA FINANCIERA DE ARGENTINA S.A.,100050600000,Contingentes deudoras,173420667.0,N,2026,1,2026-01,balres
44099,TOYOTA COMPAÑÍA FINANCIERA DE ARGENTINA S.A.,100050700000,De Control deudoras,11791104.0,N,2026,1,2026-01,balres
44099,TOYOTA COMPAÑÍA FINANCIERA DE ARGENTINA S.A.,100050800000,De Derivados deudoras,26300000.0,N,2026,1,2026-01,balres
45030,NARANJA DIGITAL COMPAÑÍA FINANCIERA S.A.U.,100010000000,A C T I V O,2625123294.0,N,2026,1,2026-01,balres
45030,NARANJA DIGITAL COMPAÑÍA FINANCIERA S.A.U.,100010100000,Efectivo y deposito en bancos,141684975.0,N,2026,1,2026-01,balres
45030,NARANJA DIGITAL COMPAÑÍA FINANCIERA S.A.U.,100010200000,Títulos Públicos y Privados,888760972.0,N,2026,1,2026-01,balres
45030,NARANJA DIGITAL COMPAÑÍA FINANCIERA S.A.U.,100010300000,Préstamos,908643334.0,N,2026,1,2026-01,balres
45030,NARANJA DIGITAL COMPAÑÍA FINANCIERA S.A.U.,100010302000,Sector Financiero,32046027.0,N,2026,1,2026-01,balres
45030,NARANJA DIGITAL COMPAÑÍA FINANCIERA S.A.U.,100010303000,Sector Privado no Financiero y Residentes en el Ext.,1019511121.0,N,2026,1,2026-01,balres
45030,NARANJA DIGITAL COMPAÑÍA FINANCIERA S.A.U.,100010303020,Personales,917397551.0,N,2026,1,2026-01,balres
45030,NARANJA DIGITAL COMPAÑÍA FINANCIERA S.A.U.,100010303045,Intereses y dif. cotiz. deveng. a cobrar,102113570.0,N,2026,1,2026-01,balres
45030,NARANJA DIGITAL COMPAÑÍA FINANCIERA S.A.U.,100010304000,Previsiones,-142913814.0,N,2026,1,2026-01,balres
45030,NARANJA DIGITAL COMPAÑÍA FINANCIERA S.A.U.,100010400000,Otros Cred.por Interm.Finan.,626958199.0,N,2026,1,2026-01,balres
45030,NARANJA DIGITAL COMPAÑÍA FINANCIERA S.A.U.,100010700000,Créditos Diversos,58311302.0,N,2026,1,2026-01,balres
45030,NARANJA DIGITAL COMPAÑÍA FINANCIERA S.A.U.,100010800000,"Propiedad, plantas y equipo",0.0,N,2026,1,2026-01,balres
45030,NARANJA DIGITAL COMPAÑÍA FINANCIERA S.A.U.,100011000000,Activos Intangibles,0.0,N,2026,1,2026-01,balres
45030,NARANJA DIGITAL COMPAÑÍA FINANCIERA S.A.U.,100011200000,Partidas Pend. de Imputación,764512.0,N,2026,1,2026-01,balres
45030,NARANJA DIGITAL COMPAÑÍA FINANCIERA S.A.U.,100020000000,P A S I V O,2352230704.0,N,2026,1,2026-01,balres
45030,NARANJA DIGITAL COMPAÑÍA FINANCIERA S.A.U.,100020100000,Depósitos,2165600272.0,N,2026,1,2026-01,balres
45030,NARANJA DIGITAL COMPAÑÍA FINANCIERA S.A.U.,100020103000,Sector Privado no Financiero y Residentes en el Ext.,2165600272.0,N,2026,1,2026-01,balres
45030,NARANJA DIGITAL COMPAÑÍA FINANCIERA S.A.U.,100020103005,Caja de ahorros,1502718493.0,N,2026,1,2026-01,balres
45030,NARANJA DIGITAL COMPAÑÍA FINANCIERA S.A.U.,100020103010,Plazo fijo e inversiones a plazo,654151804.0,N,2026,1,2026-01,balres
45030,NARANJA DIGITAL COMPAÑÍA FINANCIERA S.A.U.,100020103015,Otros,48450.0,N,2026,1,2026-01,balres
45030,NARANJA DIGITAL COMPAÑÍA FINANCIERA S.A.U.,100020103020,Intereses y dif. cotiz. deveng. a pagar,8681525.0,N,2026,1,2026-01,balres
45030,NARANJA DIGITAL COMPAÑÍA FINANCIERA S.A.U.,100020200000,Otras Oblig.por Intermed. Financ.,77344667.0,N,2026,1,2026-01,balres
45030,NARANJA DIGITAL COMPAÑÍA FINANCIERA S.A.U.,100020300000,Obligaciones Diversas,109245091.0,N,2026,1,2026-01,balres
45030,NARANJA DIGITAL COMPAÑÍA FINANCIERA S.A.U.,100020600000,Partidas Pendientes de Imputación,40674.0,N,2026,1,2026-01,balres
45030,NARANJA DIGITAL COMPAÑÍA FINANCIERA S.A.U.,100030000000,P A T R I M O N I O   N E T O,272892590.0,N,2026,1,2026-01,balres
45030,NARANJA DIGITAL COMPAÑÍA FINANCIERA S.A.U.,100030100000,"Capital, Aportes, Reservas y ORI acumulado",151933837.0,N,2026,1,2026-01,balres
45030,NARANJA DIGITAL COMPAÑÍA FINANCIERA S.A.U.,100030600000,Resultados no asignados,120958753.0,N,2026,1,2026-01,balres
45030,NARANJA DIGITAL COMPAÑÍA FINANCIERA S.A.U.,100040000000,R D O S. I N T E G R A L E S  A C U M.  D E L  P E R I O D O,17260132.0,N,2026,1,2026-01,balres
45030,NARANJA DIGITAL COMPAÑÍA FINANCIERA S.A.U.,100040100000,Ingresos financieros,115455320.0,N,2026,1,2026-01,balres
45030,NARANJA DIGITAL COMPAÑÍA FINANCIERA S.A.U.,100040100005,Por Intereses,109707996.0,N,2026,1,2026-01,balres
45030,NARANJA DIGITAL COMPAÑÍA FINANCIERA S.A.U.,100040100090,Otros Ingresos Financieros,5747324.0,N,2026,1,2026-01,balres
45030,NARANJA DIGITAL COMPAÑÍA FINANCIERA S.A.U.,100040200000,Egresos financieros,-42714537.0,N,2026,1,2026-01,balres
45030,NARANJA DIGITAL COMPAÑÍA FINANCIERA S.A.U.,100040200005,Por Intereses,-34709324.0,N,2026,1,2026-01,balres
45030,NARANJA DIGITAL COMPAÑÍA FINANCIERA S.A.U.,100040200090,Otros Egresos Financieros,-8005213.0,N,2026,1,2026-01,balres
45030,NARANJA DIGITAL COMPAÑÍA FINANCIERA S.A.U.,100040300000,Cargo por incobrabilidad,-31683967.0,N,2026,1,2026-01,balres
45030,NARANJA DIGITAL COMPAÑÍA FINANCIERA S.A.U.,100040400000,Ingresos por servicios,2997232.0,N,2026,1,2026-01,balres
45030,NARANJA DIGITAL COMPAÑÍA FINANCIERA S.A.U.,100040500000,Egresos por servicios,-7651236.0,N,2026,1,2026-01,balres
45030,NARANJA DIGITAL COMPAÑÍA FINANCIERA S.A.U.,100040700000,Gastos de administración,-6054393.0,N,2026,1,2026-01,balres
45030,NARANJA DIGITAL COMPAÑÍA FINANCIERA S.A.U.,100041200000,Resultado monetario,-6374873.0,N,2026,1,2026-01,balres
45030,NARANJA DIGITAL COMPAÑÍA FINANCIERA S.A.U.,100041300000,Otros,1513892.0,N,2026,1,2026-01,balres
45030,NARANJA DIGITAL COMPAÑÍA FINANCIERA S.A.U.,100041400000,Impuesto a las ganancias,-8227306.0,N,2026,1,2026-01,balres
45030,NARANJA DIGITAL COMPAÑÍA FINANCIERA S.A.U.,100041500000,Otro resultado integral,0.0,N,2026,1,2026-01,balres
45030,NARANJA DIGITAL COMPAÑÍA FINANCIERA S.A.U.,100050000000,PARTIDAS FUERA DE BALANCE,0.0,N,2026,1,2026-01,balres
45030,NARANJA DIGITAL COMPAÑÍA FINANCIERA S.A.U.,100050100000,Créditos irrecuperables en partidas fuera del balance,189898940.0,N,2026,1,2026-01,balres
45030,NARANJA DIGITAL COMPAÑÍA FINANCIERA S.A.U.,100050300000,De Control acreedoras,0.0,N,2026,1,2026-01,balres
45030,NARANJA DIGITAL COMPAÑÍA FINANCIERA S.A.U.,100050600000,Contingentes deudoras,40369511.0,N,2026,1,2026-01,balres
45030,NARANJA DIGITAL COMPAÑÍA FINANCIERA S.A.U.,100050700000,De Control deudoras,340825602.0,N,2026,1,2026-01,balres
45056,MONTEMAR COMPAÑIA FINANCIERA S.A.,100010000000,A C T I V O,103088030.0,N,2026,1,2026-01,balres
45056,MONTEMAR COMPAÑIA FINANCIERA S.A.,100010100000,Efectivo y deposito en bancos,10240797.0,N,2026,1,2026-01,balres
45056,MONTEMAR COMPAÑIA FINANCIERA S.A.,100010200000,Títulos Públicos y Privados,2260678.0,N,2026,1,2026-01,balres
45056,MONTEMAR COMPAÑIA FINANCIERA S.A.,100010300000,Préstamos,72148125.0,N,2026,1,2026-01,balres
45056,MONTEMAR COMPAÑIA FINANCIERA S.A.,100010302000,Sector Financiero,51042.0,N,2026,1,2026-01,balres
45056,MONTEMAR COMPAÑIA FINANCIERA S.A.,100010303000,Sector Privado no Financiero y Residentes en el Ext.,80877702.0,N,2026,1,2026-01,balres
45056,MONTEMAR COMPAÑIA FINANCIERA S.A.,100010303001,Adelantos,791573.0,N,2026,1,2026-01,balres
45056,MONTEMAR COMPAÑIA FINANCIERA S.A.,100010303005,"Doc a sola firma, descont. y comprados",1808316.0,N,2026,1,2026-01,balres
45056,MONTEMAR COMPAÑIA FINANCIERA S.A.,100010303010,Hipotecarios,0.0,N,2026,1,2026-01,balres
45056,MONTEMAR COMPAÑIA FINANCIERA S.A.,100010303015,Prendarios,418323.0,N,2026,1,2026-01,balres
45056,MONTEMAR COMPAÑIA FINANCIERA S.A.,100010303020,Personales,26658499.0,N,2026,1,2026-01,balres
45056,MONTEMAR COMPAÑIA FINANCIERA S.A.,100010303030,Otros,48772351.0,N,2026,1,2026-01,balres
45056,MONTEMAR COMPAÑIA FINANCIERA S.A.,100010303045,Intereses y dif. cotiz. deveng. a cobrar,2625617.0,N,2026,1,2026-01,balres
45056,MONTEMAR COMPAÑIA FINANCIERA S.A.,100010303050,Cobros no aplicados,-44014.0,N,2026,1,2026-01,balres
45056,MONTEMAR COMPAÑIA FINANCIERA S.A.,100010303055,Intereses documentados,-52773.0,N,2026,1,2026-01,balres
45056,MONTEMAR COMPAÑIA FINANCIERA S.A.,100010303060,Ajustes NIIF,-100190.0,N,2026,1,2026-01,balres
45056,MONTEMAR COMPAÑIA FINANCIERA S.A.,100010304000,Previsiones,-8780619.0,N,2026,1,2026-01,balres
45056,MONTEMAR COMPAÑIA FINANCIERA S.A.,100010400000,Otros Cred.por Interm.Finan.,3480573.0,N,2026,1,2026-01,balres
45056,MONTEMAR COMPAÑIA FINANCIERA S.A.,100010600000,Part. en otras Sociedades,32032.0,N,2026,1,2026-01,balres
45056,MONTEMAR COMPAÑIA FINANCIERA S.A.,100010600020,Otras,32032.0,N,2026,1,2026-01,balres
45056,MONTEMAR COMPAÑIA FINANCIERA S.A.,100010700000,Créditos Diversos,1808220.0,N,2026,1,2026-01,balres
45056,MONTEMAR COMPAÑIA FINANCIERA S.A.,100010800000,"Propiedad, plantas y equipo",8542234.0,N,2026,1,2026-01,balres
45056,MONTEMAR COMPAÑIA FINANCIERA S.A.,100010900000,Bienes Diversos,1828289.0,N,2026,1,2026-01,balres
45056,MONTEMAR COMPAÑIA FINANCIERA S.A.,100011000000,Activos Intangibles,1161322.0,N,2026,1,2026-01,balres
45056,MONTEMAR COMPAÑIA FINANCIERA S.A.,100011200000,Partidas Pend. de Imputación,1585760.0,N,2026,1,2026-01,balres
45056,MONTEMAR COMPAÑIA FINANCIERA S.A.,100020000000,P A S I V O,91651838.0,N,2026,1,2026-01,balres
45056,MONTEMAR COMPAÑIA FINANCIERA S.A.,100020100000,Depósitos,72739406.0,N,2026,1,2026-01,balres
45056,MONTEMAR COMPAÑIA FINANCIERA S.A.,100020101000,Sector Público no financiero,385.0,N,2026,1,2026-01,balres
45056,MONTEMAR COMPAÑIA FINANCIERA S.A.,100020103000,Sector Privado no Financiero y Residentes en el Ext.,72739021.0,N,2026,1,2026-01,balres
45056,MONTEMAR COMPAÑIA FINANCIERA S.A.,100020103005,Caja de ahorros,31595896.0,N,2026,1,2026-01,balres
45056,MONTEMAR COMPAÑIA FINANCIERA S.A.,100020103010,Plazo fijo e inversiones a plazo,40042161.0,N,2026,1,2026-01,balres
45056,MONTEMAR COMPAÑIA FINANCIERA S.A.,100020103015,Otros,586079.0,N,2026,1,2026-01,balres
45056,MONTEMAR COMPAÑIA FINANCIERA S.A.,100020103020,Intereses y dif. cotiz. deveng. a pagar,514885.0,N,2026,1,2026-01,balres
45056,MONTEMAR COMPAÑIA FINANCIERA S.A.,100020200000,Otras Oblig.por Intermed. Financ.,16901330.0,N,2026,1,2026-01,balres
45056,MONTEMAR COMPAÑIA FINANCIERA S.A.,100020300000,Obligaciones Diversas,1996613.0,N,2026,1,2026-01,balres
45056,MONTEMAR COMPAÑIA FINANCIERA S.A.,100020400000,Provisiones,13423.0,N,2026,1,2026-01,balres
45056,MONTEMAR COMPAÑIA FINANCIERA S.A.,100020600000,Partidas Pendientes de Imputación,1066.0,N,2026,1,2026-01,balres
45056,MONTEMAR COMPAÑIA FINANCIERA S.A.,100030000000,P A T R I M O N I O   N E T O,11436192.0,N,2026,1,2026-01,balres
45056,MONTEMAR COMPAÑIA FINANCIERA S.A.,100030100000,"Capital, Aportes, Reservas y ORI acumulado",15370958.0,N,2026,1,2026-01,balres
45056,MONTEMAR COMPAÑIA FINANCIERA S.A.,100030600000,Resultados no asignados,-3934766.0,N,2026,1,2026-01,balres
45056,MONTEMAR COMPAÑIA FINANCIERA S.A.,100040000000,R D O S. I N T E G R A L E S  A C U M.  D E L  P E R I O D O,252174.0,N,2026,1,2026-01,balres
45056,MONTEMAR COMPAÑIA FINANCIERA S.A.,100040100000,Ingresos financieros,3443489.0,N,2026,1,2026-01,balres
45056,MONTEMAR COMPAÑIA FINANCIERA S.A.,100040100005,Por Intereses,3379420.0,N,2026,1,2026-01,balres
45056,MONTEMAR COMPAÑIA FINANCIERA S.A.,100040100090,Otros Ingresos Financieros,64069.0,N,2026,1,2026-01,balres
45056,MONTEMAR COMPAÑIA FINANCIERA S.A.,100040200000,Egresos financieros,-2131488.0,N,2026,1,2026-01,balres
45056,MONTEMAR COMPAÑIA FINANCIERA S.A.,100040200005,Por Intereses,-1836884.0,N,2026,1,2026-01,balres
45056,MONTEMAR COMPAÑIA FINANCIERA S.A.,100040200090,Otros Egresos Financieros,-294604.0,N,2026,1,2026-01,balres
45056,MONTEMAR COMPAÑIA FINANCIERA S.A.,100040300000,Cargo por incobrabilidad,-817074.0,N,2026,1,2026-01,balres
45056,MONTEMAR COMPAÑIA FINANCIERA S.A.,100040400000,Ingresos por servicios,796752.0,N,2026,1,2026-01,balres
45056,MONTEMAR COMPAÑIA FINANCIERA S.A.,100040500000,Egresos por servicios,-226409.0,N,2026,1,2026-01,balres
45056,MONTEMAR COMPAÑIA FINANCIERA S.A.,100040700000,Gastos de administración,-1449409.0,N,2026,1,2026-01,balres
45056,MONTEMAR COMPAÑIA FINANCIERA S.A.,100040800000,Créditos recuperados y previsiones desafectadas,1138.0,N,2026,1,2026-01,balres
45056,MONTEMAR COMPAÑIA FINANCIERA S.A.,100041200000,Resultado monetario,146.0,N,2026,1,2026-01,balres
45056,MONTEMAR COMPAÑIA FINANCIERA S.A.,100041300000,Otros,635029.0,N,2026,1,2026-01,balres
45056,MONTEMAR COMPAÑIA FINANCIERA S.A.,100041400000,Impuesto a las ganancias,0.0,N,2026,1,2026-01,balres
45056,MONTEMAR COMPAÑIA FINANCIERA S.A.,100041500000,Otro resultado integral,0.0,N,2026,1,2026-01,balres
45056,MONTEMAR COMPAÑIA FINANCIERA S.A.,100050000000,PARTIDAS FUERA DE BALANCE,0.0,N,2026,1,2026-01,balres
45056,MONTEMAR COMPAÑIA FINANCIERA S.A.,100050100000,Créditos irrecuperables en partidas fuera del balance,305587.0,N,2026,1,2026-01,balres
45056,MONTEMAR COMPAÑIA FINANCIERA S.A.,100050200000,Contingentes acreedoras,4952801.0,N,2026,1,2026-01,balres
45056,MONTEMAR COMPAÑIA FINANCIERA S.A.,100050300000,De Control acreedoras,814861.0,N,2026,1,2026-01,balres
45056,MONTEMAR COMPAÑIA FINANCIERA S.A.,100050600000,Contingentes deudoras,7570828.0,N,2026,1,2026-01,balres
45056,MONTEMAR COMPAÑIA FINANCIERA S.A.,100050700000,De Control deudoras,814577.0,N,2026,1,2026-01,balres
45072,REBA COMPAÑIA FINANCIERA S.A.,100010000000,A C T I V O,106658258.0,N,2026,1,2026-01,balres
45072,REBA COMPAÑIA FINANCIERA S.A.,100010100000,Efectivo y deposito en bancos,28684347.0,N,2026,1,2026-01,balres
45072,REBA COMPAÑIA FINANCIERA S.A.,100010200000,Títulos Públicos y Privados,12993144.0,N,2026,1,2026-01,balres
45072,REBA COMPAÑIA FINANCIERA S.A.,100010300000,Préstamos,53193172.0,N,2026,1,2026-01,balres
45072,REBA COMPAÑIA FINANCIERA S.A.,100010303000,Sector Privado no Financiero y Residentes en el Ext.,56978775.0,N,2026,1,2026-01,balres
45072,REBA COMPAÑIA FINANCIERA S.A.,100010303005,"Doc a sola firma, descont. y comprados",27981418.0,N,2026,1,2026-01,balres
45072,REBA COMPAÑIA FINANCIERA S.A.,100010303020,Personales,9644135.0,N,2026,1,2026-01,balres
45072,REBA COMPAÑIA FINANCIERA S.A.,100010303030,Otros,10619893.0,N,2026,1,2026-01,balres
45072,REBA COMPAÑIA FINANCIERA S.A.,100010303045,Intereses y dif. cotiz. deveng. a cobrar,3388889.0,N,2026,1,2026-01,balres
45072,REBA COMPAÑIA FINANCIERA S.A.,100010303050,Cobros no aplicados,-12019.0,N,2026,1,2026-01,balres
45072,REBA COMPAÑIA FINANCIERA S.A.,100010303055,Intereses documentados,-1250772.0,N,2026,1,2026-01,balres
45072,REBA COMPAÑIA FINANCIERA S.A.,100010303060,Ajustes NIIF,6607231.0,N,2026,1,2026-01,balres
45072,REBA COMPAÑIA FINANCIERA S.A.,100010304000,Previsiones,-3785603.0,N,2026,1,2026-01,balres
45072,REBA COMPAÑIA FINANCIERA S.A.,100010400000,Otros Cred.por Interm.Finan.,4458628.0,N,2026,1,2026-01,balres
45072,REBA COMPAÑIA FINANCIERA S.A.,100010700000,Créditos Diversos,2939451.0,N,2026,1,2026-01,balres
45072,REBA COMPAÑIA FINANCIERA S.A.,100010800000,"Propiedad, plantas y equipo",1367330.0,N,2026,1,2026-01,balres
45072,REBA COMPAÑIA FINANCIERA S.A.,100011000000,Activos Intangibles,3022186.0,N,2026,1,2026-01,balres
45072,REBA COMPAÑIA FINANCIERA S.A.,100020000000,P A S I V O,100031666.0,N,2026,1,2026-01,balres
45072,REBA COMPAÑIA FINANCIERA S.A.,100020100000,Depósitos,94141895.0,N,2026,1,2026-01,balres
45072,REBA COMPAÑIA FINANCIERA S.A.,100020102000,Sector Financiero,378446.0,N,2026,1,2026-01,balres
45072,REBA COMPAÑIA FINANCIERA S.A.,100020103000,Sector Privado no Financiero y Residentes en el Ext.,93763449.0,N,2026,1,2026-01,balres
45072,REBA COMPAÑIA FINANCIERA S.A.,100020103005,Caja de ahorros,48933055.0,N,2026,1,2026-01,balres
45072,REBA COMPAÑIA FINANCIERA S.A.,100020103010,Plazo fijo e inversiones a plazo,43340264.0,N,2026,1,2026-01,balres
45072,REBA COMPAÑIA FINANCIERA S.A.,100020103015,Otros,761836.0,N,2026,1,2026-01,balres
45072,REBA COMPAÑIA FINANCIERA S.A.,100020103020,Intereses y dif. cotiz. deveng. a pagar,728294.0,N,2026,1,2026-01,balres
45072,REBA COMPAÑIA FINANCIERA S.A.,100020200000,Otras Oblig.por Intermed. Financ.,1719611.0,N,2026,1,2026-01,balres
45072,REBA COMPAÑIA FINANCIERA S.A.,100020300000,Obligaciones Diversas,745160.0,N,2026,1,2026-01,balres
45072,REBA COMPAÑIA FINANCIERA S.A.,100020400000,Provisiones,47358.0,N,2026,1,2026-01,balres
45072,REBA COMPAÑIA FINANCIERA S.A.,100020500000,Obligaciones Subordinadas,3377642.0,N,2026,1,2026-01,balres
45072,REBA COMPAÑIA FINANCIERA S.A.,100030000000,P A T R I M O N I O   N E T O,6626592.0,N,2026,1,2026-01,balres
45072,REBA COMPAÑIA FINANCIERA S.A.,100030100000,"Capital, Aportes, Reservas y ORI acumulado",44077647.0,N,2026,1,2026-01,balres
45072,REBA COMPAÑIA FINANCIERA S.A.,100030600000,Resultados no asignados,-37451055.0,N,2026,1,2026-01,balres
45072,REBA COMPAÑIA FINANCIERA S.A.,100040000000,R D O S. I N T E G R A L E S  A C U M.  D E L  P E R I O D O,-329558.0,N,2026,1,2026-01,balres
45072,REBA COMPAÑIA FINANCIERA S.A.,100040100000,Ingresos financieros,3510413.0,N,2026,1,2026-01,balres
45072,REBA COMPAÑIA FINANCIERA S.A.,100040100005,Por Intereses,2188425.0,N,2026,1,2026-01,balres
45072,REBA COMPAÑIA FINANCIERA S.A.,100040100090,Otros Ingresos Financieros,1321988.0,N,2026,1,2026-01,balres
45072,REBA COMPAÑIA FINANCIERA S.A.,100040200000,Egresos financieros,-1680804.0,N,2026,1,2026-01,balres
45072,REBA COMPAÑIA FINANCIERA S.A.,100040200005,Por Intereses,-1429857.0,N,2026,1,2026-01,balres
45072,REBA COMPAÑIA FINANCIERA S.A.,100040200090,Otros Egresos Financieros,-250947.0,N,2026,1,2026-01,balres
45072,REBA COMPAÑIA FINANCIERA S.A.,100040300000,Cargo por incobrabilidad,-615740.0,N,2026,1,2026-01,balres
45072,REBA COMPAÑIA FINANCIERA S.A.,100040400000,Ingresos por servicios,352845.0,N,2026,1,2026-01,balres
45072,REBA COMPAÑIA FINANCIERA S.A.,100040500000,Egresos por servicios,-91575.0,N,2026,1,2026-01,balres
45072,REBA COMPAÑIA FINANCIERA S.A.,100040700000,Gastos de administración,-1785573.0,N,2026,1,2026-01,balres
45072,REBA COMPAÑIA FINANCIERA S.A.,100040800000,Créditos recuperados y previsiones desafectadas,3462.0,N,2026,1,2026-01,balres
45072,REBA COMPAÑIA FINANCIERA S.A.,100041200000,Resultado monetario,-43040.0,N,2026,1,2026-01,balres
45072,REBA COMPAÑIA FINANCIERA S.A.,100041300000,Otros,20454.0,N,2026,1,2026-01,balres
45072,REBA COMPAÑIA FINANCIERA S.A.,100041400000,Impuesto a las ganancias,0.0,N,2026,1,2026-01,balres
45072,REBA COMPAÑIA FINANCIERA S.A.,100041500000,Otro resultado integral,0.0,N,2026,1,2026-01,balres
45072,REBA COMPAÑIA FINANCIERA S.A.,100050000000,PARTIDAS FUERA DE BALANCE,0.0,N,2026,1,2026-01,balres
45072,REBA COMPAÑIA FINANCIERA S.A.,100050100000,Créditos irrecuperables en partidas fuera del balance,1611651.0,N,2026,1,2026-01,balres
45072,REBA COMPAÑIA FINANCIERA S.A.,100050200000,Contingentes acreedoras,1123127.0,N,2026,1,2026-01,balres
45072,REBA COMPAÑIA FINANCIERA S.A.,100050400000,De Derivados acreedoras,0.0,N,2026,1,2026-01,balres
45072,REBA COMPAÑIA FINANCIERA S.A.,100050600000,Contingentes deudoras,51325240.0,N,2026,1,2026-01,balres
45072,REBA COMPAÑIA FINANCIERA S.A.,100050700000,De Control deudoras,11807324.0,N,2026,1,2026-01,balres
45072,REBA COMPAÑIA FINANCIERA S.A.,100050800000,De Derivados deudoras,0.0,N,2026,1,2026-01,balres
65203,CRÉDITO REGIONAL COMPAÑÍA FINANCIERA S.A.U.,100010000000,A C T I V O,8924891.0,N,2026,1,2026-01,balres
65203,CRÉDITO REGIONAL COMPAÑÍA FINANCIERA S.A.U.,100010100000,Efectivo y deposito en bancos,429536.0,N,2026,1,2026-01,balres
65203,CRÉDITO REGIONAL COMPAÑÍA FINANCIERA S.A.U.,100010200000,Títulos Públicos y Privados,1705124.0,N,2026,1,2026-01,balres
65203,CRÉDITO REGIONAL COMPAÑÍA FINANCIERA S.A.U.,100010300000,Préstamos,4333523.0,N,2026,1,2026-01,balres
65203,CRÉDITO REGIONAL COMPAÑÍA FINANCIERA S.A.U.,100010303000,Sector Privado no Financiero y Residentes en el Ext.,5731702.0,N,2026,1,2026-01,balres
65203,CRÉDITO REGIONAL COMPAÑÍA FINANCIERA S.A.U.,100010303005,"Doc a sola firma, descont. y comprados",190000.0,N,2026,1,2026-01,balres
65203,CRÉDITO REGIONAL COMPAÑÍA FINANCIERA S.A.U.,100010303020,Personales,3902473.0,N,2026,1,2026-01,balres
65203,CRÉDITO REGIONAL COMPAÑÍA FINANCIERA S.A.U.,100010303030,Otros,163.0,N,2026,1,2026-01,balres
65203,CRÉDITO REGIONAL COMPAÑÍA FINANCIERA S.A.U.,100010303045,Intereses y dif. cotiz. deveng. a cobrar,1452781.0,N,2026,1,2026-01,balres
65203,CRÉDITO REGIONAL COMPAÑÍA FINANCIERA S.A.U.,100010303050,Cobros no aplicados,-60202.0,N,2026,1,2026-01,balres
65203,CRÉDITO REGIONAL COMPAÑÍA FINANCIERA S.A.U.,100010303055,Intereses documentados,-22205.0,N,2026,1,2026-01,balres
65203,CRÉDITO REGIONAL COMPAÑÍA FINANCIERA S.A.U.,100010303060,Ajustes NIIF,268692.0,N,2026,1,2026-01,balres
65203,CRÉDITO REGIONAL COMPAÑÍA FINANCIERA S.A.U.,100010304000,Previsiones,-1398179.0,N,2026,1,2026-01,balres
65203,CRÉDITO REGIONAL COMPAÑÍA FINANCIERA S.A.U.,100010400000,Otros Cred.por Interm.Finan.,65814.0,N,2026,1,2026-01,balres
65203,CRÉDITO REGIONAL COMPAÑÍA FINANCIERA S.A.U.,100010700000,Créditos Diversos,1238627.0,N,2026,1,2026-01,balres
65203,CRÉDITO REGIONAL COMPAÑÍA FINANCIERA S.A.U.,100010800000,"Propiedad, plantas y equipo",1152267.0,N,2026,1,2026-01,balres
65203,CRÉDITO REGIONAL COMPAÑÍA FINANCIERA S.A.U.,100011000000,Activos Intangibles,0.0,N,2026,1,2026-01,balres
65203,CRÉDITO REGIONAL COMPAÑÍA FINANCIERA S.A.U.,100020000000,P A S I V O,5054763.0,N,2026,1,2026-01,balres
65203,CRÉDITO REGIONAL COMPAÑÍA FINANCIERA S.A.U.,100020100000,Depósitos,4392437.0,N,2026,1,2026-01,balres
65203,CRÉDITO REGIONAL COMPAÑÍA FINANCIERA S.A.U.,100020103000,Sector Privado no Financiero y Residentes en el Ext.,4392437.0,N,2026,1,2026-01,balres
65203,CRÉDITO REGIONAL COMPAÑÍA FINANCIERA S.A.U.,100020103005,Caja de ahorros,2138213.0,N,2026,1,2026-01,balres
65203,CRÉDITO REGIONAL COMPAÑÍA FINANCIERA S.A.U.,100020103010,Plazo fijo e inversiones a plazo,2223238.0,N,2026,1,2026-01,balres
65203,CRÉDITO REGIONAL COMPAÑÍA FINANCIERA S.A.U.,100020103015,Otros,545.0,N,2026,1,2026-01,balres
65203,CRÉDITO REGIONAL COMPAÑÍA FINANCIERA S.A.U.,100020103020,Intereses y dif. cotiz. deveng. a pagar,30441.0,N,2026,1,2026-01,balres
65203,CRÉDITO REGIONAL COMPAÑÍA FINANCIERA S.A.U.,100020200000,Otras Oblig.por Intermed. Financ.,292835.0,N,2026,1,2026-01,balres
65203,CRÉDITO REGIONAL COMPAÑÍA FINANCIERA S.A.U.,100020300000,Obligaciones Diversas,365045.0,N,2026,1,2026-01,balres
65203,CRÉDITO REGIONAL COMPAÑÍA FINANCIERA S.A.U.,100020600000,Partidas Pendientes de Imputación,4446.0,N,2026,1,2026-01,balres
65203,CRÉDITO REGIONAL COMPAÑÍA FINANCIERA S.A.U.,100030000000,P A T R I M O N I O   N E T O,3870128.0,N,2026,1,2026-01,balres
65203,CRÉDITO REGIONAL COMPAÑÍA FINANCIERA S.A.U.,100030100000,"Capital, Aportes, Reservas y ORI acumulado",9747626.0,N,2026,1,2026-01,balres
65203,CRÉDITO REGIONAL COMPAÑÍA FINANCIERA S.A.U.,100030600000,Resultados no asignados,-5877498.0,N,2026,1,2026-01,balres
65203,CRÉDITO REGIONAL COMPAÑÍA FINANCIERA S.A.U.,100040000000,R D O S. I N T E G R A L E S  A C U M.  D E L  P E R I O D O,-352972.0,N,2026,1,2026-01,balres
65203,CRÉDITO REGIONAL COMPAÑÍA FINANCIERA S.A.U.,100040100000,Ingresos financieros,330603.0,N,2026,1,2026-01,balres
65203,CRÉDITO REGIONAL COMPAÑÍA FINANCIERA S.A.U.,100040100005,Por Intereses,289679.0,N,2026,1,2026-01,balres
65203,CRÉDITO REGIONAL COMPAÑÍA FINANCIERA S.A.U.,100040100090,Otros Ingresos Financieros,40924.0,N,2026,1,2026-01,balres
65203,CRÉDITO REGIONAL COMPAÑÍA FINANCIERA S.A.U.,100040200000,Egresos financieros,-114419.0,N,2026,1,2026-01,balres
65203,CRÉDITO REGIONAL COMPAÑÍA FINANCIERA S.A.U.,100040200005,Por Intereses,-94266.0,N,2026,1,2026-01,balres
65203,CRÉDITO REGIONAL COMPAÑÍA FINANCIERA S.A.U.,100040200090,Otros Egresos Financieros,-20153.0,N,2026,1,2026-01,balres
65203,CRÉDITO REGIONAL COMPAÑÍA FINANCIERA S.A.U.,100040300000,Cargo por incobrabilidad,-111482.0,N,2026,1,2026-01,balres
65203,CRÉDITO REGIONAL COMPAÑÍA FINANCIERA S.A.U.,100040400000,Ingresos por servicios,11030.0,N,2026,1,2026-01,balres
65203,CRÉDITO REGIONAL COMPAÑÍA FINANCIERA S.A.U.,100040500000,Egresos por servicios,-8439.0,N,2026,1,2026-01,balres
65203,CRÉDITO REGIONAL COMPAÑÍA FINANCIERA S.A.U.,100040700000,Gastos de administración,-418614.0,N,2026,1,2026-01,balres
65203,CRÉDITO REGIONAL COMPAÑÍA FINANCIERA S.A.U.,100040800000,Créditos recuperados y previsiones desafectadas,3798.0,N,2026,1,2026-01,balres
65203,CRÉDITO REGIONAL COMPAÑÍA FINANCIERA S.A.U.,100041200000,Resultado monetario,-43906.0,N,2026,1,2026-01,balres
65203,CRÉDITO REGIONAL COMPAÑÍA FINANCIERA S.A.U.,100041300000,Otros,7862.0,N,2026,1,2026-01,balres
65203,CRÉDITO REGIONAL COMPAÑÍA FINANCIERA S.A.U.,100041400000,Impuesto a las ganancias,-9405.0,N,2026,1,2026-01,balres
65203,CRÉDITO REGIONAL COMPAÑÍA FINANCIERA S.A.U.,100041500000,Otro resultado integral,0.0,N,2026,1,2026-01,balres
65203,CRÉDITO REGIONAL COMPAÑÍA FINANCIERA S.A.U.,100050000000,PARTIDAS FUERA DE BALANCE,0.0,N,2026,1,2026-01,balres
65203,CRÉDITO REGIONAL COMPAÑÍA FINANCIERA S.A.U.,100050100000,Créditos irrecuperables en partidas fuera del balance,1113000.0,N,2026,1,2026-01,balres
65203,CRÉDITO REGIONAL COMPAÑÍA FINANCIERA S.A.U.,100050700000,De Control deudoras,82.0,N,2026,1,2026-01,balres
AA000,SISTEMA FINANCIERO,100010000000,A C T I V O,304462074190.0,N,2026,1,2026-01,balres
AA000,SISTEMA FINANCIERO,100010100000,Efectivo y deposito en bancos,49566844737.0,N,2026,1,2026-01,balres
AA000,SISTEMA FINANCIERO,100010200000,Títulos Públicos y Privados,79748498097.0,N,2026,1,2026-01,balres
AA000,SISTEMA FINANCIERO,100010300000,Préstamos,132434945797.0,N,2026,1,2026-01,balres
AA000,SISTEMA FINANCIERO,100010301000,Sector Público no Financiero,2093254247.0,N,2026,1,2026-01,balres
AA000,SISTEMA FINANCIERO,100010302000,Sector Financiero,4438506194.0,N,2026,1,2026-01,balres
AA000,SISTEMA FINANCIERO,100010303000,Sector Privado no Financiero y Residentes en el Ext.,133695092213.0,N,2026,1,2026-01,balres
AA000,SISTEMA FINANCIERO,100010303001,Adelantos,9553832124.0,N,2026,1,2026-01,balres
AA000,SISTEMA FINANCIERO,100010303005,"Doc a sola firma, descont. y comprados",31303207749.0,N,2026,1,2026-01,balres
AA000,SISTEMA FINANCIERO,100010303010,Hipotecarios,7615187084.0,N,2026,1,2026-01,balres
AA000,SISTEMA FINANCIERO,100010303015,Prendarios,7268314210.0,N,2026,1,2026-01,balres
AA000,SISTEMA FINANCIERO,100010303020,Personales,19445714379.0,N,2026,1,2026-01,balres
AA000,SISTEMA FINANCIERO,100010303030,Otros,47032120552.0,N,2026,1,2026-01,balres
AA000,SISTEMA FINANCIERO,100010303045,Intereses y dif. cotiz. deveng. a cobrar,12854474101.0,N,2026,1,2026-01,balres
AA000,SISTEMA FINANCIERO,100010303050,Cobros no aplicados,-13101851.0,N,2026,1,2026-01,balres
AA000,SISTEMA FINANCIERO,100010303055,Intereses documentados,-681497814.0,N,2026,1,2026-01,balres
AA000,SISTEMA FINANCIERO,100010303060,Ajustes NIIF,-683158321.0,N,2026,1,2026-01,balres
AA000,SISTEMA FINANCIERO,100010304000,Previsiones,-7791906857.0,N,2026,1,2026-01,balres
AA000,SISTEMA FINANCIERO,100010400000,Otros Cred.por Interm.Finan.,15308546674.0,N,2026,1,2026-01,balres
AA000,SISTEMA FINANCIERO,100010500000,Credito por arrendamiento financiero,867694755.0,N,2026,1,2026-01,balres
AA000,SISTEMA FINANCIERO,100010600000,Part. en otras Sociedades,3567081315.0,N,2026,1,2026-01,balres
AA000,SISTEMA FINANCIERO,100010600005,En entidades financieras,628321485.0,N,2026,1,2026-01,balres
AA000,SISTEMA FINANCIERO,100010600020,Otras,2939700360.0,N,2026,1,2026-01,balres
AA000,SISTEMA FINANCIERO,100010600030,Deterioro de valor,-940530.0,N,2026,1,2026-01,balres
AA000,SISTEMA FINANCIERO,100010700000,Créditos Diversos,7445603915.0,N,2026,1,2026-01,balres
AA000,SISTEMA FINANCIERO,100010800000,"Propiedad, plantas y equipo",10679379742.0,N,2026,1,2026-01,balres
AA000,SISTEMA FINANCIERO,100010900000,Bienes Diversos,1342183898.0,N,2026,1,2026-01,balres
AA000,SISTEMA FINANCIERO,100011000000,Activos Intangibles,1986663448.0,N,2026,1,2026-01,balres
AA000,SISTEMA FINANCIERO,100011100000,Filiales en el Exterior,1331847097.0,N,2026,1,2026-01,balres
AA000,SISTEMA FINANCIERO,100011200000,Partidas Pend. de Imputación,182784715.0,N,2026,1,2026-01,balres
AA000,SISTEMA FINANCIERO,100020000000,P A S I V O,236085459533.0,N,2026,1,2026-01,balres
AA000,SISTEMA FINANCIERO,100020100000,Depósitos,197154098409.0,N,2026,1,2026-01,balres
AA000,SISTEMA FINANCIERO,100020101000,Sector Público no financiero,30683726564.0,N,2026,1,2026-01,balres
AA000,SISTEMA FINANCIERO,100020102000,Sector Financiero,269454316.0,N,2026,1,2026-01,balres
AA000,SISTEMA FINANCIERO,100020103000,Sector Privado no Financiero y Residentes en el Ext.,166200917529.0,N,2026,1,2026-01,balres
AA000,SISTEMA FINANCIERO,100020103001,Cuentas corrientes,19390389113.0,N,2026,1,2026-01,balres
AA000,SISTEMA FINANCIERO,100020103005,Caja de ahorros,69405280142.0,N,2026,1,2026-01,balres
AA000,SISTEMA FINANCIERO,100020103010,Plazo fijo e inversiones a plazo,73371972860.0,N,2026,1,2026-01,balres
AA000,SISTEMA FINANCIERO,100020103015,Otros,2695840273.0,N,2026,1,2026-01,balres
AA000,SISTEMA FINANCIERO,100020103020,Intereses y dif. cotiz. deveng. a pagar,1337443279.0,N,2026,1,2026-01,balres
AA000,SISTEMA FINANCIERO,100020103025,Ajustes NIIF,-8138.0,N,2026,1,2026-01,balres
AA000,SISTEMA FINANCIERO,100020200000,Otras Oblig.por Intermed. Financ.,27646539818.0,N,2026,1,2026-01,balres
AA000,SISTEMA FINANCIERO,100020300000,Obligaciones Diversas,9124566208.0,N,2026,1,2026-01,balres
AA000,SISTEMA FINANCIERO,100020400000,Provisiones,1068435496.0,N,2026,1,2026-01,balres
AA000,SISTEMA FINANCIERO,100020500000,Obligaciones Subordinadas,943234339.0,N,2026,1,2026-01,balres
AA000,SISTEMA FINANCIERO,100020600000,Partidas Pendientes de Imputación,148585263.0,N,2026,1,2026-01,balres
AA000,SISTEMA FINANCIERO,100030000000,P A T R I M O N I O   N E T O,68376614657.0,N,2026,1,2026-01,balres
AA000,SISTEMA FINANCIERO,100030100000,"Capital, Aportes, Reservas y ORI acumulado",64589338002.0,N,2026,1,2026-01,balres
AA000,SISTEMA FINANCIERO,100030600000,Resultados no asignados,3787276655.0,N,2026,1,2026-01,balres
AA000,SISTEMA FINANCIERO,100040000000,R D O S. I N T E G R A L E S  A C U M.  D E L  P E R I O D O,205386955.0,N,2026,1,2026-01,balres
AA000,SISTEMA FINANCIERO,100040100000,Ingresos financieros,6530099551.0,N,2026,1,2026-01,balres
AA000,SISTEMA FINANCIERO,100040100005,Por Intereses,4754526243.0,N,2026,1,2026-01,balres
AA000,SISTEMA FINANCIERO,100040100090,Otros Ingresos Financieros,1775573308.0,N,2026,1,2026-01,balres
AA000,SISTEMA FINANCIERO,100040200000,Egresos financieros,-2755491634.0,N,2026,1,2026-01,balres
AA000,SISTEMA FINANCIERO,100040200005,Por Intereses,-2245785580.0,N,2026,1,2026-01,balres
AA000,SISTEMA FINANCIERO,100040200090,Otros Egresos Financieros,-509706054.0,N,2026,1,2026-01,balres
AA000,SISTEMA FINANCIERO,100040300000,Cargo por incobrabilidad,-1425786803.0,N,2026,1,2026-01,balres
AA000,SISTEMA FINANCIERO,100040400000,Ingresos por servicios,786736750.0,N,2026,1,2026-01,balres
AA000,SISTEMA FINANCIERO,100040500000,Egresos por servicios,-425422102.0,N,2026,1,2026-01,balres
AA000,SISTEMA FINANCIERO,100040700000,Gastos de administración,-1481917706.0,N,2026,1,2026-01,balres
AA000,SISTEMA FINANCIERO,100040800000,Créditos recuperados y previsiones desafectadas,477539475.0,N,2026,1,2026-01,balres
AA000,SISTEMA FINANCIERO,100041200000,Resultado monetario,-1360266977.0,N,2026,1,2026-01,balres
AA000,SISTEMA FINANCIERO,100041300000,Otros,-27040877.0,N,2026,1,2026-01,balres
AA000,SISTEMA FINANCIERO,100041400000,Impuesto a las ganancias,48926451.0,N,2026,1,2026-01,balres
AA000,SISTEMA FINANCIERO,100041500000,Otro resultado integral,-161989173.0,N,2026,1,2026-01,balres
AA000,SISTEMA FINANCIERO,100050000000,PARTIDAS FUERA DE BALANCE,0.0,N,2026,1,2026-01,balres
AA000,SISTEMA FINANCIERO,100050100000,Créditos irrecuperables en partidas fuera del balance,3416833301.0,N,2026,1,2026-01,balres
AA000,SISTEMA FINANCIERO,100050200000,Contingentes acreedoras,123430230746.0,N,2026,1,2026-01,balres
AA000,SISTEMA FINANCIERO,100050300000,De Control acreedoras,2013174907.0,N,2026,1,2026-01,balres
AA000,SISTEMA FINANCIERO,100050400000,De Derivados acreedoras,7932554320.0,N,2026,1,2026-01,balres
AA000,SISTEMA FINANCIERO,100050600000,Contingentes deudoras,86207125966.0,N,2026,1,2026-01,balres
AA000,SISTEMA FINANCIERO,100050700000,De Control deudoras,371189687129.0,N,2026,1,2026-01,balres
AA000,SISTEMA FINANCIERO,100050800000,De Derivados deudoras,9194197874.0,N,2026,1,2026-01,balres
AA000,SISTEMA FINANCIERO,100050900000,De Actividad fiduciaria deudoras,15624497693.0,N,2026,1,2026-01,balres
AA100,BANCOS,100010000000,A C T I V O,298258316282.0,N,2026,1,2026-01,balres
AA100,BANCOS,100010100000,Efectivo y deposito en bancos,49163321431.0,N,2026,1,2026-01,balres
AA100,BANCOS,100010200000,Títulos Públicos y Privados,78802533185.0,N,2026,1,2026-01,balres
AA100,BANCOS,100010300000,Préstamos,128708668662.0,N,2026,1,2026-01,balres
AA100,BANCOS,100010301000,Sector Público no Financiero,2093254247.0,N,2026,1,2026-01,balres
AA100,BANCOS,100010302000,Sector Financiero,4287281975.0,N,2026,1,2026-01,balres
AA100,BANCOS,100010303000,Sector Privado no Financiero y Residentes en el Ext.,129900146940.0,N,2026,1,2026-01,balres
AA100,BANCOS,100010303001,Adelantos,9475631458.0,N,2026,1,2026-01,balres
AA100,BANCOS,100010303005,"Doc a sola firma, descont. y comprados",31096075848.0,N,2026,1,2026-01,balres
AA100,BANCOS,100010303010,Hipotecarios,7614499443.0,N,2026,1,2026-01,balres
AA100,BANCOS,100010303015,Prendarios,5377432826.0,N,2026,1,2026-01,balres
AA100,BANCOS,100010303020,Personales,18382297240.0,N,2026,1,2026-01,balres
AA100,BANCOS,100010303030,Otros,46409476750.0,N,2026,1,2026-01,balres
AA100,BANCOS,100010303045,Intereses y dif. cotiz. deveng. a cobrar,12628132104.0,N,2026,1,2026-01,balres
AA100,BANCOS,100010303050,Cobros no aplicados,-12985616.0,N,2026,1,2026-01,balres
AA100,BANCOS,100010303055,Intereses documentados,-679630174.0,N,2026,1,2026-01,balres
AA100,BANCOS,100010303060,Ajustes NIIF,-390782939.0,N,2026,1,2026-01,balres
AA100,BANCOS,100010304000,Previsiones,-7572014500.0,N,2026,1,2026-01,balres
AA100,BANCOS,100010400000,Otros Cred.por Interm.Finan.,14532384630.0,N,2026,1,2026-01,balres
AA100,BANCOS,100010500000,Credito por arrendamiento financiero,752050220.0,N,2026,1,2026-01,balres
AA100,BANCOS,100010600000,Part. en otras Sociedades,3566935666.0,N,2026,1,2026-01,balres
AA100,BANCOS,100010600005,En entidades financieras,628321485.0,N,2026,1,2026-01,balres
AA100,BANCOS,100010600020,Otras,2939554711.0,N,2026,1,2026-01,balres
AA100,BANCOS,100010600030,Deterioro de valor,-940530.0,N,2026,1,2026-01,balres
AA100,BANCOS,100010700000,Créditos Diversos,7280976106.0,N,2026,1,2026-01,balres
AA100,BANCOS,100010800000,"Propiedad, plantas y equipo",10642348550.0,N,2026,1,2026-01,balres
AA100,BANCOS,100010900000,Bienes Diversos,1338412059.0,N,2026,1,2026-01,balres
AA100,BANCOS,100011000000,Activos Intangibles,1958404273.0,N,2026,1,2026-01,balres
AA100,BANCOS,100011100000,Filiales en el Exterior,1331847097.0,N,2026,1,2026-01,balres
AA100,BANCOS,100011200000,Partidas Pend. de Imputación,180434403.0,N,2026,1,2026-01,balres
AA100,BANCOS,100020000000,P A S I V O,230630551265.0,N,2026,1,2026-01,balres
AA100,BANCOS,100020100000,Depósitos,194675003657.0,N,2026,1,2026-01,balres
AA100,BANCOS,100020101000,Sector Público no financiero,30683726179.0,N,2026,1,2026-01,balres
AA100,BANCOS,100020102000,Sector Financiero,269075870.0,N,2026,1,2026-01,balres
AA100,BANCOS,100020103000,Sector Privado no Financiero y Residentes en el Ext.,163722201608.0,N,2026,1,2026-01,balres
AA100,BANCOS,100020103001,Cuentas corrientes,19390389113.0,N,2026,1,2026-01,balres
AA100,BANCOS,100020103005,Caja de ahorros,67733306253.0,N,2026,1,2026-01,balres
AA100,BANCOS,100020103010,Plazo fijo e inversiones a plazo,72582329404.0,N,2026,1,2026-01,balres
AA100,BANCOS,100020103015,Otros,2694076496.0,N,2026,1,2026-01,balres
AA100,BANCOS,100020103020,Intereses y dif. cotiz. deveng. a pagar,1322100342.0,N,2026,1,2026-01,balres
AA100,BANCOS,100020200000,Otras Oblig.por Intermed. Financ.,24968345576.0,N,2026,1,2026-01,balres
AA100,BANCOS,100020300000,Obligaciones Diversas,8855074137.0,N,2026,1,2026-01,balres
AA100,BANCOS,100020400000,Provisiones,1063764909.0,N,2026,1,2026-01,balres
AA100,BANCOS,100020500000,Obligaciones Subordinadas,919937560.0,N,2026,1,2026-01,balres
AA100,BANCOS,100020600000,Partidas Pendientes de Imputación,148425426.0,N,2026,1,2026-01,balres
AA100,BANCOS,100030000000,P A T R I M O N I O   N E T O,67627765017.0,N,2026,1,2026-01,balres
AA100,BANCOS,100030100000,"Capital, Aportes, Reservas y ORI acumulado",63924015354.0,N,2026,1,2026-01,balres
AA100,BANCOS,100030600000,Resultados no asignados,3703749663.0,N,2026,1,2026-01,balres
AA100,BANCOS,100040000000,R D O S. I N T E G R A L E S  A C U M.  D E L  P E R I O D O,181375206.0,N,2026,1,2026-01,balres
AA100,BANCOS,100040100000,Ingresos financieros,6304696584.0,N,2026,1,2026-01,balres
AA100,BANCOS,100040100005,Por Intereses,4545584988.0,N,2026,1,2026-01,balres
AA100,BANCOS,100040100090,Otros Ingresos Financieros,1759111596.0,N,2026,1,2026-01,balres
AA100,BANCOS,100040200000,Egresos financieros,-2639457705.0,N,2026,1,2026-01,balres
AA100,BANCOS,100040200005,Por Intereses,-2150756901.0,N,2026,1,2026-01,balres
AA100,BANCOS,100040200090,Otros Egresos Financieros,-488700804.0,N,2026,1,2026-01,balres
AA100,BANCOS,100040300000,Cargo por incobrabilidad,-1383604500.0,N,2026,1,2026-01,balres
AA100,BANCOS,100040400000,Ingresos por servicios,771640311.0,N,2026,1,2026-01,balres
AA100,BANCOS,100040500000,Egresos por servicios,-413350542.0,N,2026,1,2026-01,balres
AA100,BANCOS,100040700000,Gastos de administración,-1460820381.0,N,2026,1,2026-01,balres
AA100,BANCOS,100040800000,Créditos recuperados y previsiones desafectadas,476930226.0,N,2026,1,2026-01,balres
AA100,BANCOS,100041200000,Resultado monetario,-1343573910.0,N,2026,1,2026-01,balres
AA100,BANCOS,100041300000,Otros,-29431195.0,N,2026,1,2026-01,balres
AA100,BANCOS,100041400000,Impuesto a las ganancias,60372989.0,N,2026,1,2026-01,balres
AA100,BANCOS,100041500000,Otro resultado integral,-162026671.0,N,2026,1,2026-01,balres
AA100,BANCOS,100050000000,PARTIDAS FUERA DE BALANCE,0.0,N,2026,1,2026-01,balres
AA100,BANCOS,100050100000,Créditos irrecuperables en partidas fuera del balance,3203665396.0,N,2026,1,2026-01,balres
AA100,BANCOS,100050200000,Contingentes acreedoras,123392302930.0,N,2026,1,2026-01,balres
AA100,BANCOS,100050300000,De Control acreedoras,1999340632.0,N,2026,1,2026-01,balres
AA100,BANCOS,100050400000,De Derivados acreedoras,7932554320.0,N,2026,1,2026-01,balres
AA100,BANCOS,100050600000,Contingentes deudoras,82334133480.0,N,2026,1,2026-01,balres
AA100,BANCOS,100050700000,De Control deudoras,370449256078.0,N,2026,1,2026-01,balres
AA100,BANCOS,100050800000,De Derivados deudoras,9129786763.0,N,2026,1,2026-01,balres
AA100,BANCOS,100050900000,De Actividad fiduciaria deudoras,15624497693.0,N,2026,1,2026-01,balres
AA110,BANCOS PÚBLICOS,100010000000,A C T I V O,114786228624.0,N,2026,1,2026-01,balres
AA110,BANCOS PÚBLICOS,100010100000,Efectivo y deposito en bancos,13336961696.0,N,2026,1,2026-01,balres
AA110,BANCOS PÚBLICOS,100010200000,Títulos Públicos y Privados,39229178326.0,N,2026,1,2026-01,balres
AA110,BANCOS PÚBLICOS,100010300000,Préstamos,45882011022.0,N,2026,1,2026-01,balres
AA110,BANCOS PÚBLICOS,100010301000,Sector Público no Financiero,1635015406.0,N,2026,1,2026-01,balres
AA110,BANCOS PÚBLICOS,100010302000,Sector Financiero,452143095.0,N,2026,1,2026-01,balres
AA110,BANCOS PÚBLICOS,100010303000,Sector Privado no Financiero y Residentes en el Ext.,46397087382.0,N,2026,1,2026-01,balres
AA110,BANCOS PÚBLICOS,100010303001,Adelantos,1155580556.0,N,2026,1,2026-01,balres
AA110,BANCOS PÚBLICOS,100010303005,"Doc a sola firma, descont. y comprados",11597882631.0,N,2026,1,2026-01,balres
AA110,BANCOS PÚBLICOS,100010303010,Hipotecarios,4460544189.0,N,2026,1,2026-01,balres
AA110,BANCOS PÚBLICOS,100010303015,Prendarios,1349282045.0,N,2026,1,2026-01,balres
AA110,BANCOS PÚBLICOS,100010303020,Personales,8067570812.0,N,2026,1,2026-01,balres
AA110,BANCOS PÚBLICOS,100010303030,Otros,12523157663.0,N,2026,1,2026-01,balres
AA110,BANCOS PÚBLICOS,100010303045,Intereses y dif. cotiz. deveng. a cobrar,7605884087.0,N,2026,1,2026-01,balres
AA110,BANCOS PÚBLICOS,100010303050,Cobros no aplicados,-6286991.0,N,2026,1,2026-01,balres
AA110,BANCOS PÚBLICOS,100010303055,Intereses documentados,-203811647.0,N,2026,1,2026-01,balres
AA110,BANCOS PÚBLICOS,100010303060,Ajustes NIIF,-152715963.0,N,2026,1,2026-01,balres
AA110,BANCOS PÚBLICOS,100010304000,Previsiones,-2602234861.0,N,2026,1,2026-01,balres
AA110,BANCOS PÚBLICOS,100010400000,Otros Cred.por Interm.Finan.,6278568137.0,N,2026,1,2026-01,balres
AA110,BANCOS PÚBLICOS,100010500000,Credito por arrendamiento financiero,131027239.0,N,2026,1,2026-01,balres
AA110,BANCOS PÚBLICOS,100010600000,Part. en otras Sociedades,2011837769.0,N,2026,1,2026-01,balres
AA110,BANCOS PÚBLICOS,100010600005,En entidades financieras,297996926.0,N,2026,1,2026-01,balres
AA110,BANCOS PÚBLICOS,100010600020,Otras,1714781373.0,N,2026,1,2026-01,balres
AA110,BANCOS PÚBLICOS,100010600030,Deterioro de valor,-940530.0,N,2026,1,2026-01,balres
AA110,BANCOS PÚBLICOS,100010700000,Créditos Diversos,1814978926.0,N,2026,1,2026-01,balres
AA110,BANCOS PÚBLICOS,100010800000,"Propiedad, plantas y equipo",4205058402.0,N,2026,1,2026-01,balres
AA110,BANCOS PÚBLICOS,100010900000,Bienes Diversos,244395416.0,N,2026,1,2026-01,balres
AA110,BANCOS PÚBLICOS,100011000000,Activos Intangibles,241032743.0,N,2026,1,2026-01,balres
AA110,BANCOS PÚBLICOS,100011100000,Filiales en el Exterior,1331847097.0,N,2026,1,2026-01,balres
AA110,BANCOS PÚBLICOS,100011200000,Partidas Pend. de Imputación,79331851.0,N,2026,1,2026-01,balres
AA110,BANCOS PÚBLICOS,100020000000,P A S I V O,83059309156.0,N,2026,1,2026-01,balres
AA110,BANCOS PÚBLICOS,100020100000,Depósitos,75556209541.0,N,2026,1,2026-01,balres
AA110,BANCOS PÚBLICOS,100020101000,Sector Público no financiero,24719840564.0,N,2026,1,2026-01,balres
AA110,BANCOS PÚBLICOS,100020102000,Sector Financiero,177377163.0,N,2026,1,2026-01,balres
AA110,BANCOS PÚBLICOS,100020103000,Sector Privado no Financiero y Residentes en el Ext.,50658991814.0,N,2026,1,2026-01,balres
AA110,BANCOS PÚBLICOS,100020103001,Cuentas corrientes,3624285618.0,N,2026,1,2026-01,balres
AA110,BANCOS PÚBLICOS,100020103005,Caja de ahorros,17030242080.0,N,2026,1,2026-01,balres
AA110,BANCOS PÚBLICOS,100020103010,Plazo fijo e inversiones a plazo,27953385258.0,N,2026,1,2026-01,balres
AA110,BANCOS PÚBLICOS,100020103015,Otros,1635167615.0,N,2026,1,2026-01,balres
AA110,BANCOS PÚBLICOS,100020103020,Intereses y dif. cotiz. deveng. a pagar,415911243.0,N,2026,1,2026-01,balres
AA110,BANCOS PÚBLICOS,100020200000,Otras Oblig.por Intermed. Financ.,3671908376.0,N,2026,1,2026-01,balres
AA110,BANCOS PÚBLICOS,100020300000,Obligaciones Diversas,3282603261.0,N,2026,1,2026-01,balres
AA110,BANCOS PÚBLICOS,100020400000,Provisiones,469688784.0,N,2026,1,2026-01,balres
AA110,BANCOS PÚBLICOS,100020600000,Partidas Pendientes de Imputación,78899194.0,N,2026,1,2026-01,balres
AA110,BANCOS PÚBLICOS,100030000000,P A T R I M O N I O   N E T O,31726919468.0,N,2026,1,2026-01,balres
AA110,BANCOS PÚBLICOS,100030100000,"Capital, Aportes, Reservas y ORI acumulado",29940220330.0,N,2026,1,2026-01,balres
AA110,BANCOS PÚBLICOS,100030600000,Resultados no asignados,1786699138.0,N,2026,1,2026-01,balres
AA110,BANCOS PÚBLICOS,100040000000,R D O S. I N T E G R A L E S  A C U M.  D E L  P E R I O D O,71826603.0,N,2026,1,2026-01,balres
AA110,BANCOS PÚBLICOS,100040100000,Ingresos financieros,2455632018.0,N,2026,1,2026-01,balres
AA110,BANCOS PÚBLICOS,100040100005,Por Intereses,1709098227.0,N,2026,1,2026-01,balres
AA110,BANCOS PÚBLICOS,100040100090,Otros Ingresos Financieros,746533791.0,N,2026,1,2026-01,balres
AA110,BANCOS PÚBLICOS,100040200000,Egresos financieros,-941031976.0,N,2026,1,2026-01,balres
AA110,BANCOS PÚBLICOS,100040200005,Por Intereses,-811566348.0,N,2026,1,2026-01,balres
AA110,BANCOS PÚBLICOS,100040200090,Otros Egresos Financieros,-129465628.0,N,2026,1,2026-01,balres
AA110,BANCOS PÚBLICOS,100040300000,Cargo por incobrabilidad,-506787487.0,N,2026,1,2026-01,balres
AA110,BANCOS PÚBLICOS,100040400000,Ingresos por servicios,195757469.0,N,2026,1,2026-01,balres
AA110,BANCOS PÚBLICOS,100040500000,Egresos por servicios,-157351313.0,N,2026,1,2026-01,balres
AA110,BANCOS PÚBLICOS,100040700000,Gastos de administración,-497971990.0,N,2026,1,2026-01,balres
AA110,BANCOS PÚBLICOS,100040800000,Créditos recuperados y previsiones desafectadas,212663169.0,N,2026,1,2026-01,balres
AA110,BANCOS PÚBLICOS,100041200000,Resultado monetario,-664514292.0,N,2026,1,2026-01,balres
AA110,BANCOS PÚBLICOS,100041300000,Otros,-31021996.0,N,2026,1,2026-01,balres
AA110,BANCOS PÚBLICOS,100041400000,Impuesto a las ganancias,118213089.0,N,2026,1,2026-01,balres
AA110,BANCOS PÚBLICOS,100041500000,Otro resultado integral,-111760088.0,N,2026,1,2026-01,balres
AA110,BANCOS PÚBLICOS,100050000000,PARTIDAS FUERA DE BALANCE,0.0,N,2026,1,2026-01,balres
AA110,BANCOS PÚBLICOS,100050100000,Créditos irrecuperables en partidas fuera del balance,1434805297.0,N,2026,1,2026-01,balres
AA110,BANCOS PÚBLICOS,100050200000,Contingentes acreedoras,39404508809.0,N,2026,1,2026-01,balres
AA110,BANCOS PÚBLICOS,100050300000,De Control acreedoras,261114952.0,N,2026,1,2026-01,balres
AA110,BANCOS PÚBLICOS,100050400000,De Derivados acreedoras,17934000.0,N,2026,1,2026-01,balres
AA110,BANCOS PÚBLICOS,100050600000,Contingentes deudoras,54984221329.0,N,2026,1,2026-01,balres
AA110,BANCOS PÚBLICOS,100050700000,De Control deudoras,63768110955.0,N,2026,1,2026-01,balres
AA110,BANCOS PÚBLICOS,100050800000,De Derivados deudoras,58072780.0,N,2026,1,2026-01,balres
AA110,BANCOS PÚBLICOS,100050900000,De Actividad fiduciaria deudoras,13586529536.0,N,2026,1,2026-01,balres
AA120,BANCOS PRIVADOS,100010000000,A C T I V O,183472087658.0,N,2026,1,2026-01,balres
AA120,BANCOS PRIVADOS,100010100000,Efectivo y deposito en bancos,35826359735.0,N,2026,1,2026-01,balres
AA120,BANCOS PRIVADOS,100010200000,Títulos Públicos y Privados,39573354859.0,N,2026,1,2026-01,balres
AA120,BANCOS PRIVADOS,100010300000,Préstamos,82826657640.0,N,2026,1,2026-01,balres
AA120,BANCOS PRIVADOS,100010301000,Sector Público no Financiero,458238841.0,N,2026,1,2026-01,balres
AA120,BANCOS PRIVADOS,100010302000,Sector Financiero,3835138880.0,N,2026,1,2026-01,balres
AA120,BANCOS PRIVADOS,100010303000,Sector Privado no Financiero y Residentes en el Ext.,83503059558.0,N,2026,1,2026-01,balres
AA120,BANCOS PRIVADOS,100010303001,Adelantos,8320050902.0,N,2026,1,2026-01,balres
AA120,BANCOS PRIVADOS,100010303005,"Doc a sola firma, descont. y comprados",19498193217.0,N,2026,1,2026-01,balres
AA120,BANCOS PRIVADOS,100010303010,Hipotecarios,3153955254.0,N,2026,1,2026-01,balres
AA120,BANCOS PRIVADOS,100010303015,Prendarios,4028150781.0,N,2026,1,2026-01,balres
AA120,BANCOS PRIVADOS,100010303020,Personales,10314726428.0,N,2026,1,2026-01,balres
AA120,BANCOS PRIVADOS,100010303030,Otros,33886319087.0,N,2026,1,2026-01,balres
AA120,BANCOS PRIVADOS,100010303045,Intereses y dif. cotiz. deveng. a cobrar,5022248017.0,N,2026,1,2026-01,balres
AA120,BANCOS PRIVADOS,100010303050,Cobros no aplicados,-6698625.0,N,2026,1,2026-01,balres
AA120,BANCOS PRIVADOS,100010303055,Intereses documentados,-475818527.0,N,2026,1,2026-01,balres
AA120,BANCOS PRIVADOS,100010303060,Ajustes NIIF,-238066976.0,N,2026,1,2026-01,balres
AA120,BANCOS PRIVADOS,100010304000,Previsiones,-4969779639.0,N,2026,1,2026-01,balres
AA120,BANCOS PRIVADOS,100010400000,Otros Cred.por Interm.Finan.,8253816493.0,N,2026,1,2026-01,balres
AA120,BANCOS PRIVADOS,100010500000,Credito por arrendamiento financiero,621022981.0,N,2026,1,2026-01,balres
AA120,BANCOS PRIVADOS,100010600000,Part. en otras Sociedades,1555097897.0,N,2026,1,2026-01,balres
AA120,BANCOS PRIVADOS,100010600005,En entidades financieras,330324559.0,N,2026,1,2026-01,balres
AA120,BANCOS PRIVADOS,100010600020,Otras,1224773338.0,N,2026,1,2026-01,balres
AA120,BANCOS PRIVADOS,100010600030,Deterioro de valor,0.0,N,2026,1,2026-01,balres
AA120,BANCOS PRIVADOS,100010700000,Créditos Diversos,5465997180.0,N,2026,1,2026-01,balres
AA120,BANCOS PRIVADOS,100010800000,"Propiedad, plantas y equipo",6437290148.0,N,2026,1,2026-01,balres
AA120,BANCOS PRIVADOS,100010900000,Bienes Diversos,1094016643.0,N,2026,1,2026-01,balres
AA120,BANCOS PRIVADOS,100011000000,Activos Intangibles,1717371530.0,N,2026,1,2026-01,balres
AA120,BANCOS PRIVADOS,100011200000,Partidas Pend. de Imputación,101102552.0,N,2026,1,2026-01,balres
AA120,BANCOS PRIVADOS,100020000000,P A S I V O,147571242109.0,N,2026,1,2026-01,balres
AA120,BANCOS PRIVADOS,100020100000,Depósitos,119118794116.0,N,2026,1,2026-01,balres
AA120,BANCOS PRIVADOS,100020101000,Sector Público no financiero,5963885615.0,N,2026,1,2026-01,balres
AA120,BANCOS PRIVADOS,100020102000,Sector Financiero,91698707.0,N,2026,1,2026-01,balres
AA120,BANCOS PRIVADOS,100020103000,Sector Privado no Financiero y Residentes en el Ext.,113063209794.0,N,2026,1,2026-01,balres
AA120,BANCOS PRIVADOS,100020103001,Cuentas corrientes,15766103495.0,N,2026,1,2026-01,balres
AA120,BANCOS PRIVADOS,100020103005,Caja de ahorros,50703064173.0,N,2026,1,2026-01,balres
AA120,BANCOS PRIVADOS,100020103010,Plazo fijo e inversiones a plazo,44628944146.0,N,2026,1,2026-01,balres
AA120,BANCOS PRIVADOS,100020103015,Otros,1058908881.0,N,2026,1,2026-01,balres
AA120,BANCOS PRIVADOS,100020103020,Intereses y dif. cotiz. deveng. a pagar,906189099.0,N,2026,1,2026-01,balres
AA120,BANCOS PRIVADOS,100020200000,Otras Oblig.por Intermed. Financ.,21296437200.0,N,2026,1,2026-01,balres
AA120,BANCOS PRIVADOS,100020300000,Obligaciones Diversas,5572470876.0,N,2026,1,2026-01,balres
AA120,BANCOS PRIVADOS,100020400000,Provisiones,594076125.0,N,2026,1,2026-01,balres
AA120,BANCOS PRIVADOS,100020500000,Obligaciones Subordinadas,919937560.0,N,2026,1,2026-01,balres
AA120,BANCOS PRIVADOS,100020600000,Partidas Pendientes de Imputación,69526232.0,N,2026,1,2026-01,balres
AA120,BANCOS PRIVADOS,100030000000,P A T R I M O N I O   N E T O,35900845549.0,N,2026,1,2026-01,balres
AA120,BANCOS PRIVADOS,100030100000,"Capital, Aportes, Reservas y ORI acumulado",33983795024.0,N,2026,1,2026-01,balres
AA120,BANCOS PRIVADOS,100030600000,Resultados no asignados,1917050525.0,N,2026,1,2026-01,balres
AA120,BANCOS PRIVADOS,100040000000,R D O S. I N T E G R A L E S  A C U M.  D E L  P E R I O D O,109548603.0,N,2026,1,2026-01,balres
AA120,BANCOS PRIVADOS,100040100000,Ingresos financieros,3849064566.0,N,2026,1,2026-01,balres
AA120,BANCOS PRIVADOS,100040100005,Por Intereses,2836486761.0,N,2026,1,2026-01,balres
AA120,BANCOS PRIVADOS,100040100090,Otros Ingresos Financieros,1012577805.0,N,2026,1,2026-01,balres
AA120,BANCOS PRIVADOS,100040200000,Egresos financieros,-1698425729.0,N,2026,1,2026-01,balres
AA120,BANCOS PRIVADOS,100040200005,Por Intereses,-1339190553.0,N,2026,1,2026-01,balres
AA120,BANCOS PRIVADOS,100040200090,Otros Egresos Financieros,-359235176.0,N,2026,1,2026-01,balres
AA120,BANCOS PRIVADOS,100040300000,Cargo por incobrabilidad,-876817013.0,N,2026,1,2026-01,balres
AA120,BANCOS PRIVADOS,100040400000,Ingresos por servicios,575882842.0,N,2026,1,2026-01,balres
AA120,BANCOS PRIVADOS,100040500000,Egresos por servicios,-255999229.0,N,2026,1,2026-01,balres
AA120,BANCOS PRIVADOS,100040700000,Gastos de administración,-962848391.0,N,2026,1,2026-01,balres
AA120,BANCOS PRIVADOS,100040800000,Créditos recuperados y previsiones desafectadas,264267057.0,N,2026,1,2026-01,balres
AA120,BANCOS PRIVADOS,100041200000,Resultado monetario,-679059618.0,N,2026,1,2026-01,balres
AA120,BANCOS PRIVADOS,100041300000,Otros,1590801.0,N,2026,1,2026-01,balres
AA120,BANCOS PRIVADOS,100041400000,Impuesto a las ganancias,-57840100.0,N,2026,1,2026-01,balres
AA120,BANCOS PRIVADOS,100041500000,Otro resultado integral,-50266583.0,N,2026,1,2026-01,balres
AA120,BANCOS PRIVADOS,100050000000,PARTIDAS FUERA DE BALANCE,0.0,N,2026,1,2026-01,balres
AA120,BANCOS PRIVADOS,100050100000,Créditos irrecuperables en partidas fuera del balance,1768860099.0,N,2026,1,2026-01,balres
AA120,BANCOS PRIVADOS,100050200000,Contingentes acreedoras,83987794121.0,N,2026,1,2026-01,balres
AA120,BANCOS PRIVADOS,100050300000,De Control acreedoras,1738225680.0,N,2026,1,2026-01,balres
AA120,BANCOS PRIVADOS,100050400000,De Derivados acreedoras,7914620320.0,N,2026,1,2026-01,balres
AA120,BANCOS PRIVADOS,100050600000,Contingentes deudoras,27349912151.0,N,2026,1,2026-01,balres
AA120,BANCOS PRIVADOS,100050700000,De Control deudoras,306681145123.0,N,2026,1,2026-01,balres
AA120,BANCOS PRIVADOS,100050800000,De Derivados deudoras,9071713983.0,N,2026,1,2026-01,balres
AA120,BANCOS PRIVADOS,100050900000,De Actividad fiduciaria deudoras,2037968157.0,N,2026,1,2026-01,balres
AA121,BANCOS LOCALES DE CAPITAL NACIONAL,100010000000,A C T I V O,104480138735.0,N,2026,1,2026-01,balres
AA121,BANCOS LOCALES DE CAPITAL NACIONAL,100010100000,Efectivo y deposito en bancos,20777292020.0,N,2026,1,2026-01,balres
AA121,BANCOS LOCALES DE CAPITAL NACIONAL,100010200000,Títulos Públicos y Privados,23555568161.0,N,2026,1,2026-01,balres
AA121,BANCOS LOCALES DE CAPITAL NACIONAL,100010300000,Préstamos,45383577897.0,N,2026,1,2026-01,balres
AA121,BANCOS LOCALES DE CAPITAL NACIONAL,100010301000,Sector Público no Financiero,350079955.0,N,2026,1,2026-01,balres
AA121,BANCOS LOCALES DE CAPITAL NACIONAL,100010302000,Sector Financiero,2824720185.0,N,2026,1,2026-01,balres
AA121,BANCOS LOCALES DE CAPITAL NACIONAL,100010303000,Sector Privado no Financiero y Residentes en el Ext.,45100058796.0,N,2026,1,2026-01,balres
AA121,BANCOS LOCALES DE CAPITAL NACIONAL,100010303001,Adelantos,4321110144.0,N,2026,1,2026-01,balres
AA121,BANCOS LOCALES DE CAPITAL NACIONAL,100010303005,"Doc a sola firma, descont. y comprados",13482667731.0,N,2026,1,2026-01,balres
AA121,BANCOS LOCALES DE CAPITAL NACIONAL,100010303010,Hipotecarios,2105182197.0,N,2026,1,2026-01,balres
AA121,BANCOS LOCALES DE CAPITAL NACIONAL,100010303015,Prendarios,1559047314.0,N,2026,1,2026-01,balres
AA121,BANCOS LOCALES DE CAPITAL NACIONAL,100010303020,Personales,7155215809.0,N,2026,1,2026-01,balres
AA121,BANCOS LOCALES DE CAPITAL NACIONAL,100010303030,Otros,14194237244.0,N,2026,1,2026-01,balres
AA121,BANCOS LOCALES DE CAPITAL NACIONAL,100010303045,Intereses y dif. cotiz. deveng. a cobrar,2744495389.0,N,2026,1,2026-01,balres
AA121,BANCOS LOCALES DE CAPITAL NACIONAL,100010303050,Cobros no aplicados,-1588092.0,N,2026,1,2026-01,balres
AA121,BANCOS LOCALES DE CAPITAL NACIONAL,100010303055,Intereses documentados,-319845978.0,N,2026,1,2026-01,balres
AA121,BANCOS LOCALES DE CAPITAL NACIONAL,100010303060,Ajustes NIIF,-140462962.0,N,2026,1,2026-01,balres
AA121,BANCOS LOCALES DE CAPITAL NACIONAL,100010304000,Previsiones,-2891281039.0,N,2026,1,2026-01,balres
AA121,BANCOS LOCALES DE CAPITAL NACIONAL,100010400000,Otros Cred.por Interm.Finan.,4522858164.0,N,2026,1,2026-01,balres
AA121,BANCOS LOCALES DE CAPITAL NACIONAL,100010500000,Credito por arrendamiento financiero,495931234.0,N,2026,1,2026-01,balres
AA121,BANCOS LOCALES DE CAPITAL NACIONAL,100010600000,Part. en otras Sociedades,1007299909.0,N,2026,1,2026-01,balres
AA121,BANCOS LOCALES DE CAPITAL NACIONAL,100010600005,En entidades financieras,153505471.0,N,2026,1,2026-01,balres
AA121,BANCOS LOCALES DE CAPITAL NACIONAL,100010600020,Otras,853794438.0,N,2026,1,2026-01,balres
AA121,BANCOS LOCALES DE CAPITAL NACIONAL,100010600030,Deterioro de valor,0.0,N,2026,1,2026-01,balres
AA121,BANCOS LOCALES DE CAPITAL NACIONAL,100010700000,Créditos Diversos,2944874152.0,N,2026,1,2026-01,balres
AA121,BANCOS LOCALES DE CAPITAL NACIONAL,100010800000,"Propiedad, plantas y equipo",4020234625.0,N,2026,1,2026-01,balres
AA121,BANCOS LOCALES DE CAPITAL NACIONAL,100010900000,Bienes Diversos,725613775.0,N,2026,1,2026-01,balres
AA121,BANCOS LOCALES DE CAPITAL NACIONAL,100011000000,Activos Intangibles,953761397.0,N,2026,1,2026-01,balres
AA121,BANCOS LOCALES DE CAPITAL NACIONAL,100011200000,Partidas Pend. de Imputación,93127401.0,N,2026,1,2026-01,balres
AA121,BANCOS LOCALES DE CAPITAL NACIONAL,100020000000,P A S I V O,83816371974.0,N,2026,1,2026-01,balres
AA121,BANCOS LOCALES DE CAPITAL NACIONAL,100020100000,Depósitos,68833882866.0,N,2026,1,2026-01,balres
AA121,BANCOS LOCALES DE CAPITAL NACIONAL,100020101000,Sector Público no financiero,4791119480.0,N,2026,1,2026-01,balres
AA121,BANCOS LOCALES DE CAPITAL NACIONAL,100020102000,Sector Financiero,68826721.0,N,2026,1,2026-01,balres
AA121,BANCOS LOCALES DE CAPITAL NACIONAL,100020103000,Sector Privado no Financiero y Residentes en el Ext.,63973936665.0,N,2026,1,2026-01,balres
AA121,BANCOS LOCALES DE CAPITAL NACIONAL,100020103001,Cuentas corrientes,8156658218.0,N,2026,1,2026-01,balres
AA121,BANCOS LOCALES DE CAPITAL NACIONAL,100020103005,Caja de ahorros,27733262684.0,N,2026,1,2026-01,balres
AA121,BANCOS LOCALES DE CAPITAL NACIONAL,100020103010,Plazo fijo e inversiones a plazo,26851734863.0,N,2026,1,2026-01,balres
AA121,BANCOS LOCALES DE CAPITAL NACIONAL,100020103015,Otros,749728759.0,N,2026,1,2026-01,balres
AA121,BANCOS LOCALES DE CAPITAL NACIONAL,100020103020,Intereses y dif. cotiz. deveng. a pagar,482552141.0,N,2026,1,2026-01,balres
AA121,BANCOS LOCALES DE CAPITAL NACIONAL,100020200000,Otras Oblig.por Intermed. Financ.,11230732127.0,N,2026,1,2026-01,balres
AA121,BANCOS LOCALES DE CAPITAL NACIONAL,100020300000,Obligaciones Diversas,2680708221.0,N,2026,1,2026-01,balres
AA121,BANCOS LOCALES DE CAPITAL NACIONAL,100020400000,Provisiones,355363213.0,N,2026,1,2026-01,balres
AA121,BANCOS LOCALES DE CAPITAL NACIONAL,100020500000,Obligaciones Subordinadas,685630348.0,N,2026,1,2026-01,balres
AA121,BANCOS LOCALES DE CAPITAL NACIONAL,100020600000,Partidas Pendientes de Imputación,30055199.0,N,2026,1,2026-01,balres
AA121,BANCOS LOCALES DE CAPITAL NACIONAL,100030000000,P A T R I M O N I O   N E T O,20663766761.0,N,2026,1,2026-01,balres
AA121,BANCOS LOCALES DE CAPITAL NACIONAL,100030100000,"Capital, Aportes, Reservas y ORI acumulado",20488138909.0,N,2026,1,2026-01,balres
AA121,BANCOS LOCALES DE CAPITAL NACIONAL,100030600000,Resultados no asignados,175627852.0,N,2026,1,2026-01,balres
AA121,BANCOS LOCALES DE CAPITAL NACIONAL,100040000000,R D O S. I N T E G R A L E S  A C U M.  D E L  P E R I O D O,41074843.0,N,2026,1,2026-01,balres
AA121,BANCOS LOCALES DE CAPITAL NACIONAL,100040100000,Ingresos financieros,2203474523.0,N,2026,1,2026-01,balres
AA121,BANCOS LOCALES DE CAPITAL NACIONAL,100040100005,Por Intereses,1658773082.0,N,2026,1,2026-01,balres
AA121,BANCOS LOCALES DE CAPITAL NACIONAL,100040100090,Otros Ingresos Financieros,544701441.0,N,2026,1,2026-01,balres
AA121,BANCOS LOCALES DE CAPITAL NACIONAL,100040200000,Egresos financieros,-999572139.0,N,2026,1,2026-01,balres
AA121,BANCOS LOCALES DE CAPITAL NACIONAL,100040200005,Por Intereses,-795244480.0,N,2026,1,2026-01,balres
AA121,BANCOS LOCALES DE CAPITAL NACIONAL,100040200090,Otros Egresos Financieros,-204327659.0,N,2026,1,2026-01,balres
AA121,BANCOS LOCALES DE CAPITAL NACIONAL,100040300000,Cargo por incobrabilidad,-365692821.0,N,2026,1,2026-01,balres
AA121,BANCOS LOCALES DE CAPITAL NACIONAL,100040400000,Ingresos por servicios,312228943.0,N,2026,1,2026-01,balres
AA121,BANCOS LOCALES DE CAPITAL NACIONAL,100040500000,Egresos por servicios,-141094026.0,N,2026,1,2026-01,balres
AA121,BANCOS LOCALES DE CAPITAL NACIONAL,100040700000,Gastos de administración,-560222684.0,N,2026,1,2026-01,balres
AA121,BANCOS LOCALES DE CAPITAL NACIONAL,100040800000,Créditos recuperados y previsiones desafectadas,22600971.0,N,2026,1,2026-01,balres
AA121,BANCOS LOCALES DE CAPITAL NACIONAL,100041200000,Resultado monetario,-381870206.0,N,2026,1,2026-01,balres
AA121,BANCOS LOCALES DE CAPITAL NACIONAL,100041300000,Otros,3988129.0,N,2026,1,2026-01,balres
AA121,BANCOS LOCALES DE CAPITAL NACIONAL,100041400000,Impuesto a las ganancias,-28480982.0,N,2026,1,2026-01,balres
AA121,BANCOS LOCALES DE CAPITAL NACIONAL,100041500000,Otro resultado integral,-24284865.0,N,2026,1,2026-01,balres
AA121,BANCOS LOCALES DE CAPITAL NACIONAL,100050000000,PARTIDAS FUERA DE BALANCE,0.0,N,2026,1,2026-01,balres
AA121,BANCOS LOCALES DE CAPITAL NACIONAL,100050100000,Créditos irrecuperables en partidas fuera del balance,1122273058.0,N,2026,1,2026-01,balres
AA121,BANCOS LOCALES DE CAPITAL NACIONAL,100050200000,Contingentes acreedoras,40791102067.0,N,2026,1,2026-01,balres
AA121,BANCOS LOCALES DE CAPITAL NACIONAL,100050300000,De Control acreedoras,858332030.0,N,2026,1,2026-01,balres
AA121,BANCOS LOCALES DE CAPITAL NACIONAL,100050400000,De Derivados acreedoras,3808820178.0,N,2026,1,2026-01,balres
AA121,BANCOS LOCALES DE CAPITAL NACIONAL,100050600000,Contingentes deudoras,14274074474.0,N,2026,1,2026-01,balres
AA121,BANCOS LOCALES DE CAPITAL NACIONAL,100050700000,De Control deudoras,200473821190.0,N,2026,1,2026-01,balres
AA121,BANCOS LOCALES DE CAPITAL NACIONAL,100050800000,De Derivados deudoras,4957231311.0,N,2026,1,2026-01,balres
AA121,BANCOS LOCALES DE CAPITAL NACIONAL,100050900000,De Actividad fiduciaria deudoras,1869280945.0,N,2026,1,2026-01,balres
AA123,BANCOS LOCALES DE CAPITAL EXTRANJERO,100010000000,A C T I V O,71935936363.0,N,2026,1,2026-01,balres
AA123,BANCOS LOCALES DE CAPITAL EXTRANJERO,100010100000,Efectivo y deposito en bancos,13746653495.0,N,2026,1,2026-01,balres
AA123,BANCOS LOCALES DE CAPITAL EXTRANJERO,100010200000,Títulos Públicos y Privados,13603125921.0,N,2026,1,2026-01,balres
AA123,BANCOS LOCALES DE CAPITAL EXTRANJERO,100010300000,Préstamos,35816908394.0,N,2026,1,2026-01,balres
AA123,BANCOS LOCALES DE CAPITAL EXTRANJERO,100010301000,Sector Público no Financiero,108158886.0,N,2026,1,2026-01,balres
AA123,BANCOS LOCALES DE CAPITAL EXTRANJERO,100010302000,Sector Financiero,992771439.0,N,2026,1,2026-01,balres
AA123,BANCOS LOCALES DE CAPITAL EXTRANJERO,100010303000,Sector Privado no Financiero y Residentes en el Ext.,36711186620.0,N,2026,1,2026-01,balres
AA123,BANCOS LOCALES DE CAPITAL EXTRANJERO,100010303001,Adelantos,3705861242.0,N,2026,1,2026-01,balres
AA123,BANCOS LOCALES DE CAPITAL EXTRANJERO,100010303005,"Doc a sola firma, descont. y comprados",5883015143.0,N,2026,1,2026-01,balres
AA123,BANCOS LOCALES DE CAPITAL EXTRANJERO,100010303010,Hipotecarios,1011025379.0,N,2026,1,2026-01,balres
AA123,BANCOS LOCALES DE CAPITAL EXTRANJERO,100010303015,Prendarios,2466717850.0,N,2026,1,2026-01,balres
AA123,BANCOS LOCALES DE CAPITAL EXTRANJERO,100010303020,Personales,3159486411.0,N,2026,1,2026-01,balres
AA123,BANCOS LOCALES DE CAPITAL EXTRANJERO,100010303030,Otros,18668840097.0,N,2026,1,2026-01,balres
AA123,BANCOS LOCALES DE CAPITAL EXTRANJERO,100010303045,Intereses y dif. cotiz. deveng. a cobrar,2067367097.0,N,2026,1,2026-01,balres
AA123,BANCOS LOCALES DE CAPITAL EXTRANJERO,100010303050,Cobros no aplicados,-833843.0,N,2026,1,2026-01,balres
AA123,BANCOS LOCALES DE CAPITAL EXTRANJERO,100010303055,Intereses documentados,-152688742.0,N,2026,1,2026-01,balres
AA123,BANCOS LOCALES DE CAPITAL EXTRANJERO,100010303060,Ajustes NIIF,-97604014.0,N,2026,1,2026-01,balres
AA123,BANCOS LOCALES DE CAPITAL EXTRANJERO,100010304000,Previsiones,-1995208551.0,N,2026,1,2026-01,balres
AA123,BANCOS LOCALES DE CAPITAL EXTRANJERO,100010400000,Otros Cred.por Interm.Finan.,2474912244.0,N,2026,1,2026-01,balres
AA123,BANCOS LOCALES DE CAPITAL EXTRANJERO,100010500000,Credito por arrendamiento financiero,122207715.0,N,2026,1,2026-01,balres
AA123,BANCOS LOCALES DE CAPITAL EXTRANJERO,100010600000,Part. en otras Sociedades,547797988.0,N,2026,1,2026-01,balres
AA123,BANCOS LOCALES DE CAPITAL EXTRANJERO,100010600005,En entidades financieras,176819088.0,N,2026,1,2026-01,balres
AA123,BANCOS LOCALES DE CAPITAL EXTRANJERO,100010600020,Otras,370978900.0,N,2026,1,2026-01,balres
AA123,BANCOS LOCALES DE CAPITAL EXTRANJERO,100010700000,Créditos Diversos,2182905626.0,N,2026,1,2026-01,balres
AA123,BANCOS LOCALES DE CAPITAL EXTRANJERO,100010800000,"Propiedad, plantas y equipo",2304822194.0,N,2026,1,2026-01,balres
AA123,BANCOS LOCALES DE CAPITAL EXTRANJERO,100010900000,Bienes Diversos,366158084.0,N,2026,1,2026-01,balres
AA123,BANCOS LOCALES DE CAPITAL EXTRANJERO,100011000000,Activos Intangibles,762578808.0,N,2026,1,2026-01,balres
AA123,BANCOS LOCALES DE CAPITAL EXTRANJERO,100011200000,Partidas Pend. de Imputación,7865894.0,N,2026,1,2026-01,balres
AA123,BANCOS LOCALES DE CAPITAL EXTRANJERO,100020000000,P A S I V O,59418953173.0,N,2026,1,2026-01,balres
AA123,BANCOS LOCALES DE CAPITAL EXTRANJERO,100020100000,Depósitos,47303896543.0,N,2026,1,2026-01,balres
AA123,BANCOS LOCALES DE CAPITAL EXTRANJERO,100020101000,Sector Público no financiero,1172766135.0,N,2026,1,2026-01,balres
AA123,BANCOS LOCALES DE CAPITAL EXTRANJERO,100020102000,Sector Financiero,22384523.0,N,2026,1,2026-01,balres
AA123,BANCOS LOCALES DE CAPITAL EXTRANJERO,100020103000,Sector Privado no Financiero y Residentes en el Ext.,46108745885.0,N,2026,1,2026-01,balres
AA123,BANCOS LOCALES DE CAPITAL EXTRANJERO,100020103001,Cuentas corrientes,5661053651.0,N,2026,1,2026-01,balres
AA123,BANCOS LOCALES DE CAPITAL EXTRANJERO,100020103005,Caja de ahorros,21965421955.0,N,2026,1,2026-01,balres
AA123,BANCOS LOCALES DE CAPITAL EXTRANJERO,100020103010,Plazo fijo e inversiones a plazo,17754113627.0,N,2026,1,2026-01,balres
AA123,BANCOS LOCALES DE CAPITAL EXTRANJERO,100020103015,Otros,308830450.0,N,2026,1,2026-01,balres
AA123,BANCOS LOCALES DE CAPITAL EXTRANJERO,100020103020,Intereses y dif. cotiz. deveng. a pagar,419326202.0,N,2026,1,2026-01,balres
AA123,BANCOS LOCALES DE CAPITAL EXTRANJERO,100020200000,Otras Oblig.por Intermed. Financ.,9161478127.0,N,2026,1,2026-01,balres
AA123,BANCOS LOCALES DE CAPITAL EXTRANJERO,100020300000,Obligaciones Diversas,2451106677.0,N,2026,1,2026-01,balres
AA123,BANCOS LOCALES DE CAPITAL EXTRANJERO,100020400000,Provisiones,228705952.0,N,2026,1,2026-01,balres
AA123,BANCOS LOCALES DE CAPITAL EXTRANJERO,100020500000,Obligaciones Subordinadas,234307212.0,N,2026,1,2026-01,balres
AA123,BANCOS LOCALES DE CAPITAL EXTRANJERO,100020600000,Partidas Pendientes de Imputación,39458662.0,N,2026,1,2026-01,balres
AA123,BANCOS LOCALES DE CAPITAL EXTRANJERO,100030000000,P A T R I M O N I O   N E T O,12516983190.0,N,2026,1,2026-01,balres
AA123,BANCOS LOCALES DE CAPITAL EXTRANJERO,100030100000,"Capital, Aportes, Reservas y ORI acumulado",11294381495.0,N,2026,1,2026-01,balres
AA123,BANCOS LOCALES DE CAPITAL EXTRANJERO,100030600000,Resultados no asignados,1222601695.0,N,2026,1,2026-01,balres
AA123,BANCOS LOCALES DE CAPITAL EXTRANJERO,100040000000,R D O S. I N T E G R A L E S  A C U M.  D E L  P E R I O D O,36157278.0,N,2026,1,2026-01,balres
AA123,BANCOS LOCALES DE CAPITAL EXTRANJERO,100040100000,Ingresos financieros,1472930073.0,N,2026,1,2026-01,balres
AA123,BANCOS LOCALES DE CAPITAL EXTRANJERO,100040100005,Por Intereses,1111912768.0,N,2026,1,2026-01,balres
AA123,BANCOS LOCALES DE CAPITAL EXTRANJERO,100040100090,Otros Ingresos Financieros,361017305.0,N,2026,1,2026-01,balres
AA123,BANCOS LOCALES DE CAPITAL EXTRANJERO,100040200000,Egresos financieros,-674390160.0,N,2026,1,2026-01,balres
AA123,BANCOS LOCALES DE CAPITAL EXTRANJERO,100040200005,Por Intereses,-528789120.0,N,2026,1,2026-01,balres
AA123,BANCOS LOCALES DE CAPITAL EXTRANJERO,100040200090,Otros Egresos Financieros,-145601040.0,N,2026,1,2026-01,balres
AA123,BANCOS LOCALES DE CAPITAL EXTRANJERO,100040300000,Cargo por incobrabilidad,-511039833.0,N,2026,1,2026-01,balres
AA123,BANCOS LOCALES DE CAPITAL EXTRANJERO,100040400000,Ingresos por servicios,247149478.0,N,2026,1,2026-01,balres
AA123,BANCOS LOCALES DE CAPITAL EXTRANJERO,100040500000,Egresos por servicios,-108322894.0,N,2026,1,2026-01,balres
AA123,BANCOS LOCALES DE CAPITAL EXTRANJERO,100040700000,Gastos de administración,-362443985.0,N,2026,1,2026-01,balres
AA123,BANCOS LOCALES DE CAPITAL EXTRANJERO,100040800000,Créditos recuperados y previsiones desafectadas,238683595.0,N,2026,1,2026-01,balres
AA123,BANCOS LOCALES DE CAPITAL EXTRANJERO,100041200000,Resultado monetario,-229788062.0,N,2026,1,2026-01,balres
AA123,BANCOS LOCALES DE CAPITAL EXTRANJERO,100041300000,Otros,-2610580.0,N,2026,1,2026-01,balres
AA123,BANCOS LOCALES DE CAPITAL EXTRANJERO,100041400000,Impuesto a las ganancias,-8761908.0,N,2026,1,2026-01,balres
AA123,BANCOS LOCALES DE CAPITAL EXTRANJERO,100041500000,Otro resultado integral,-25248446.0,N,2026,1,2026-01,balres
AA123,BANCOS LOCALES DE CAPITAL EXTRANJERO,100050000000,PARTIDAS FUERA DE BALANCE,0.0,N,2026,1,2026-01,balres
AA123,BANCOS LOCALES DE CAPITAL EXTRANJERO,100050100000,Créditos irrecuperables en partidas fuera del balance,646186284.0,N,2026,1,2026-01,balres
AA123,BANCOS LOCALES DE CAPITAL EXTRANJERO,100050200000,Contingentes acreedoras,42710541555.0,N,2026,1,2026-01,balres
AA123,BANCOS LOCALES DE CAPITAL EXTRANJERO,100050300000,De Control acreedoras,642494986.0,N,2026,1,2026-01,balres
AA123,BANCOS LOCALES DE CAPITAL EXTRANJERO,100050400000,De Derivados acreedoras,2308640641.0,N,2026,1,2026-01,balres
AA123,BANCOS LOCALES DE CAPITAL EXTRANJERO,100050600000,Contingentes deudoras,12469198680.0,N,2026,1,2026-01,balres
AA123,BANCOS LOCALES DE CAPITAL EXTRANJERO,100050700000,De Control deudoras,101887762741.0,N,2026,1,2026-01,balres
AA123,BANCOS LOCALES DE CAPITAL EXTRANJERO,100050800000,De Derivados deudoras,2911115866.0,N,2026,1,2026-01,balres
AA123,BANCOS LOCALES DE CAPITAL EXTRANJERO,100050900000,De Actividad fiduciaria deudoras,168663711.0,N,2026,1,2026-01,balres
AA124,BANCOS SUCURSALES ENTIDADES FINANCIERAS DEL EXTERIOR,100010000000,A C T I V O,7056012560.0,N,2026,1,2026-01,balres
AA124,BANCOS SUCURSALES ENTIDADES FINANCIERAS DEL EXTERIOR,100010100000,Efectivo y deposito en bancos,1302414220.0,N,2026,1,2026-01,balres
AA124,BANCOS SUCURSALES ENTIDADES FINANCIERAS DEL EXTERIOR,100010200000,Títulos Públicos y Privados,2414660777.0,N,2026,1,2026-01,balres
AA124,BANCOS SUCURSALES ENTIDADES FINANCIERAS DEL EXTERIOR,100010300000,Préstamos,1626171349.0,N,2026,1,2026-01,balres
AA124,BANCOS SUCURSALES ENTIDADES FINANCIERAS DEL EXTERIOR,100010302000,Sector Financiero,17647256.0,N,2026,1,2026-01,balres
AA124,BANCOS SUCURSALES ENTIDADES FINANCIERAS DEL EXTERIOR,100010303000,Sector Privado no Financiero y Residentes en el Ext.,1691814142.0,N,2026,1,2026-01,balres
AA124,BANCOS SUCURSALES ENTIDADES FINANCIERAS DEL EXTERIOR,100010303001,Adelantos,293079516.0,N,2026,1,2026-01,balres
AA124,BANCOS SUCURSALES ENTIDADES FINANCIERAS DEL EXTERIOR,100010303005,"Doc a sola firma, descont. y comprados",132510343.0,N,2026,1,2026-01,balres
AA124,BANCOS SUCURSALES ENTIDADES FINANCIERAS DEL EXTERIOR,100010303010,Hipotecarios,37747678.0,N,2026,1,2026-01,balres
AA124,BANCOS SUCURSALES ENTIDADES FINANCIERAS DEL EXTERIOR,100010303015,Prendarios,2385617.0,N,2026,1,2026-01,balres
AA124,BANCOS SUCURSALES ENTIDADES FINANCIERAS DEL EXTERIOR,100010303020,Personales,24208.0,N,2026,1,2026-01,balres
AA124,BANCOS SUCURSALES ENTIDADES FINANCIERAS DEL EXTERIOR,100010303030,Otros,1023241746.0,N,2026,1,2026-01,balres
AA124,BANCOS SUCURSALES ENTIDADES FINANCIERAS DEL EXTERIOR,100010303045,Intereses y dif. cotiz. deveng. a cobrar,210385531.0,N,2026,1,2026-01,balres
AA124,BANCOS SUCURSALES ENTIDADES FINANCIERAS DEL EXTERIOR,100010303050,Cobros no aplicados,-4276690.0,N,2026,1,2026-01,balres
AA124,BANCOS SUCURSALES ENTIDADES FINANCIERAS DEL EXTERIOR,100010303055,Intereses documentados,-3283807.0,N,2026,1,2026-01,balres
AA124,BANCOS SUCURSALES ENTIDADES FINANCIERAS DEL EXTERIOR,100010304000,Previsiones,-83290049.0,N,2026,1,2026-01,balres
AA124,BANCOS SUCURSALES ENTIDADES FINANCIERAS DEL EXTERIOR,100010400000,Otros Cred.por Interm.Finan.,1256046085.0,N,2026,1,2026-01,balres
AA124,BANCOS SUCURSALES ENTIDADES FINANCIERAS DEL EXTERIOR,100010500000,Credito por arrendamiento financiero,2884032.0,N,2026,1,2026-01,balres
AA124,BANCOS SUCURSALES ENTIDADES FINANCIERAS DEL EXTERIOR,100010700000,Créditos Diversos,338217402.0,N,2026,1,2026-01,balres
AA124,BANCOS SUCURSALES ENTIDADES FINANCIERAS DEL EXTERIOR,100010800000,"Propiedad, plantas y equipo",112233329.0,N,2026,1,2026-01,balres
AA124,BANCOS SUCURSALES ENTIDADES FINANCIERAS DEL EXTERIOR,100010900000,Bienes Diversos,2244784.0,N,2026,1,2026-01,balres
AA124,BANCOS SUCURSALES ENTIDADES FINANCIERAS DEL EXTERIOR,100011000000,Activos Intangibles,1031325.0,N,2026,1,2026-01,balres
AA124,BANCOS SUCURSALES ENTIDADES FINANCIERAS DEL EXTERIOR,100011200000,Partidas Pend. de Imputación,109257.0,N,2026,1,2026-01,balres
AA124,BANCOS SUCURSALES ENTIDADES FINANCIERAS DEL EXTERIOR,100020000000,P A S I V O,4335916962.0,N,2026,1,2026-01,balres
AA124,BANCOS SUCURSALES ENTIDADES FINANCIERAS DEL EXTERIOR,100020100000,Depósitos,2981014707.0,N,2026,1,2026-01,balres
AA124,BANCOS SUCURSALES ENTIDADES FINANCIERAS DEL EXTERIOR,100020102000,Sector Financiero,487463.0,N,2026,1,2026-01,balres
AA124,BANCOS SUCURSALES ENTIDADES FINANCIERAS DEL EXTERIOR,100020103000,Sector Privado no Financiero y Residentes en el Ext.,2980527244.0,N,2026,1,2026-01,balres
AA124,BANCOS SUCURSALES ENTIDADES FINANCIERAS DEL EXTERIOR,100020103001,Cuentas corrientes,1948391626.0,N,2026,1,2026-01,balres
AA124,BANCOS SUCURSALES ENTIDADES FINANCIERAS DEL EXTERIOR,100020103005,Caja de ahorros,1004379534.0,N,2026,1,2026-01,balres
AA124,BANCOS SUCURSALES ENTIDADES FINANCIERAS DEL EXTERIOR,100020103010,Plazo fijo e inversiones a plazo,23095656.0,N,2026,1,2026-01,balres
AA124,BANCOS SUCURSALES ENTIDADES FINANCIERAS DEL EXTERIOR,100020103015,Otros,349672.0,N,2026,1,2026-01,balres
AA124,BANCOS SUCURSALES ENTIDADES FINANCIERAS DEL EXTERIOR,100020103020,Intereses y dif. cotiz. deveng. a pagar,4310756.0,N,2026,1,2026-01,balres
AA124,BANCOS SUCURSALES ENTIDADES FINANCIERAS DEL EXTERIOR,100020200000,Otras Oblig.por Intermed. Financ.,904226946.0,N,2026,1,2026-01,balres
AA124,BANCOS SUCURSALES ENTIDADES FINANCIERAS DEL EXTERIOR,100020300000,Obligaciones Diversas,440655978.0,N,2026,1,2026-01,balres
AA124,BANCOS SUCURSALES ENTIDADES FINANCIERAS DEL EXTERIOR,100020400000,Provisiones,10006960.0,N,2026,1,2026-01,balres
AA124,BANCOS SUCURSALES ENTIDADES FINANCIERAS DEL EXTERIOR,100020600000,Partidas Pendientes de Imputación,12371.0,N,2026,1,2026-01,balres
AA124,BANCOS SUCURSALES ENTIDADES FINANCIERAS DEL EXTERIOR,100030000000,P A T R I M O N I O   N E T O,2720095598.0,N,2026,1,2026-01,balres
AA124,BANCOS SUCURSALES ENTIDADES FINANCIERAS DEL EXTERIOR,100030100000,"Capital, Aportes, Reservas y ORI acumulado",2201274620.0,N,2026,1,2026-01,balres
AA124,BANCOS SUCURSALES ENTIDADES FINANCIERAS DEL EXTERIOR,100030600000,Resultados no asignados,518820978.0,N,2026,1,2026-01,balres
AA124,BANCOS SUCURSALES ENTIDADES FINANCIERAS DEL EXTERIOR,100040000000,R D O S. I N T E G R A L E S  A C U M.  D E L  P E R I O D O,32316482.0,N,2026,1,2026-01,balres
AA124,BANCOS SUCURSALES ENTIDADES FINANCIERAS DEL EXTERIOR,100040100000,Ingresos financieros,172659970.0,N,2026,1,2026-01,balres
AA124,BANCOS SUCURSALES ENTIDADES FINANCIERAS DEL EXTERIOR,100040100005,Por Intereses,65800911.0,N,2026,1,2026-01,balres
AA124,BANCOS SUCURSALES ENTIDADES FINANCIERAS DEL EXTERIOR,100040100090,Otros Ingresos Financieros,106859059.0,N,2026,1,2026-01,balres
AA124,BANCOS SUCURSALES ENTIDADES FINANCIERAS DEL EXTERIOR,100040200000,Egresos financieros,-24463430.0,N,2026,1,2026-01,balres
AA124,BANCOS SUCURSALES ENTIDADES FINANCIERAS DEL EXTERIOR,100040200005,Por Intereses,-15156953.0,N,2026,1,2026-01,balres
AA124,BANCOS SUCURSALES ENTIDADES FINANCIERAS DEL EXTERIOR,100040200090,Otros Egresos Financieros,-9306477.0,N,2026,1,2026-01,balres
AA124,BANCOS SUCURSALES ENTIDADES FINANCIERAS DEL EXTERIOR,100040300000,Cargo por incobrabilidad,-84359.0,N,2026,1,2026-01,balres
AA124,BANCOS SUCURSALES ENTIDADES FINANCIERAS DEL EXTERIOR,100040400000,Ingresos por servicios,16504421.0,N,2026,1,2026-01,balres
AA124,BANCOS SUCURSALES ENTIDADES FINANCIERAS DEL EXTERIOR,100040500000,Egresos por servicios,-6582309.0,N,2026,1,2026-01,balres
AA124,BANCOS SUCURSALES ENTIDADES FINANCIERAS DEL EXTERIOR,100040700000,Gastos de administración,-40181722.0,N,2026,1,2026-01,balres
AA124,BANCOS SUCURSALES ENTIDADES FINANCIERAS DEL EXTERIOR,100040800000,Créditos recuperados y previsiones desafectadas,2982491.0,N,2026,1,2026-01,balres
AA124,BANCOS SUCURSALES ENTIDADES FINANCIERAS DEL EXTERIOR,100041200000,Resultado monetario,-67401350.0,N,2026,1,2026-01,balres
AA124,BANCOS SUCURSALES ENTIDADES FINANCIERAS DEL EXTERIOR,100041300000,Otros,213252.0,N,2026,1,2026-01,balres
AA124,BANCOS SUCURSALES ENTIDADES FINANCIERAS DEL EXTERIOR,100041400000,Impuesto a las ganancias,-20597210.0,N,2026,1,2026-01,balres
AA124,BANCOS SUCURSALES ENTIDADES FINANCIERAS DEL EXTERIOR,100041500000,Otro resultado integral,-733272.0,N,2026,1,2026-01,balres
AA124,BANCOS SUCURSALES ENTIDADES FINANCIERAS DEL EXTERIOR,100050000000,PARTIDAS FUERA DE BALANCE,0.0,N,2026,1,2026-01,balres
AA124,BANCOS SUCURSALES ENTIDADES FINANCIERAS DEL EXTERIOR,100050100000,Créditos irrecuperables en partidas fuera del balance,400757.0,N,2026,1,2026-01,balres
AA124,BANCOS SUCURSALES ENTIDADES FINANCIERAS DEL EXTERIOR,100050200000,Contingentes acreedoras,486150499.0,N,2026,1,2026-01,balres
AA124,BANCOS SUCURSALES ENTIDADES FINANCIERAS DEL EXTERIOR,100050300000,De Control acreedoras,237398664.0,N,2026,1,2026-01,balres
AA124,BANCOS SUCURSALES ENTIDADES FINANCIERAS DEL EXTERIOR,100050400000,De Derivados acreedoras,1797159501.0,N,2026,1,2026-01,balres
AA124,BANCOS SUCURSALES ENTIDADES FINANCIERAS DEL EXTERIOR,100050600000,Contingentes deudoras,606638997.0,N,2026,1,2026-01,balres
AA124,BANCOS SUCURSALES ENTIDADES FINANCIERAS DEL EXTERIOR,100050700000,De Control deudoras,4319561192.0,N,2026,1,2026-01,balres
AA124,BANCOS SUCURSALES ENTIDADES FINANCIERAS DEL EXTERIOR,100050800000,De Derivados deudoras,1203366806.0,N,2026,1,2026-01,balres
AA124,BANCOS SUCURSALES ENTIDADES FINANCIERAS DEL EXTERIOR,100050900000,De Actividad fiduciaria deudoras,23501.0,N,2026,1,2026-01,balres
AA200,COMPAÑÍAS FINANCIERAS,100010000000,A C T I V O,6203757908.0,N,2026,1,2026-01,balres
AA200,COMPAÑÍAS FINANCIERAS,100010100000,Efectivo y deposito en bancos,403523306.0,N,2026,1,2026-01,balres
AA200,COMPAÑÍAS FINANCIERAS,100010200000,Títulos Públicos y Privados,945964912.0,N,2026,1,2026-01,balres
AA200,COMPAÑÍAS FINANCIERAS,100010300000,Préstamos,3726277135.0,N,2026,1,2026-01,balres
AA200,COMPAÑÍAS FINANCIERAS,100010302000,Sector Financiero,151224219.0,N,2026,1,2026-01,balres
AA200,COMPAÑÍAS FINANCIERAS,100010303000,Sector Privado no Financiero y Residentes en el Ext.,3794945273.0,N,2026,1,2026-01,balres
AA200,COMPAÑÍAS FINANCIERAS,100010303001,Adelantos,78200666.0,N,2026,1,2026-01,balres
AA200,COMPAÑÍAS FINANCIERAS,100010303005,"Doc a sola firma, descont. y comprados",207131901.0,N,2026,1,2026-01,balres
AA200,COMPAÑÍAS FINANCIERAS,100010303010,Hipotecarios,687641.0,N,2026,1,2026-01,balres
AA200,COMPAÑÍAS FINANCIERAS,100010303015,Prendarios,1890881384.0,N,2026,1,2026-01,balres
AA200,COMPAÑÍAS FINANCIERAS,100010303020,Personales,1063417139.0,N,2026,1,2026-01,balres
AA200,COMPAÑÍAS FINANCIERAS,100010303030,Otros,622643802.0,N,2026,1,2026-01,balres
AA200,COMPAÑÍAS FINANCIERAS,100010303045,Intereses y dif. cotiz. deveng. a cobrar,226341997.0,N,2026,1,2026-01,balres
AA200,COMPAÑÍAS FINANCIERAS,100010303050,Cobros no aplicados,-116235.0,N,2026,1,2026-01,balres
AA200,COMPAÑÍAS FINANCIERAS,100010303055,Intereses documentados,-1867640.0,N,2026,1,2026-01,balres
AA200,COMPAÑÍAS FINANCIERAS,100010303060,Ajustes NIIF,-292375382.0,N,2026,1,2026-01,balres
AA200,COMPAÑÍAS FINANCIERAS,100010304000,Previsiones,-219892357.0,N,2026,1,2026-01,balres
AA200,COMPAÑÍAS FINANCIERAS,100010400000,Otros Cred.por Interm.Finan.,776162044.0,N,2026,1,2026-01,balres
AA200,COMPAÑÍAS FINANCIERAS,100010500000,Credito por arrendamiento financiero,115644535.0,N,2026,1,2026-01,balres
AA200,COMPAÑÍAS FINANCIERAS,100010600000,Part. en otras Sociedades,145649.0,N,2026,1,2026-01,balres
AA200,COMPAÑÍAS FINANCIERAS,100010600020,Otras,145649.0,N,2026,1,2026-01,balres
AA200,COMPAÑÍAS FINANCIERAS,100010700000,Créditos Diversos,164627809.0,N,2026,1,2026-01,balres
AA200,COMPAÑÍAS FINANCIERAS,100010800000,"Propiedad, plantas y equipo",37031192.0,N,2026,1,2026-01,balres
AA200,COMPAÑÍAS FINANCIERAS,100010900000,Bienes Diversos,3771839.0,N,2026,1,2026-01,balres
AA200,COMPAÑÍAS FINANCIERAS,100011000000,Activos Intangibles,28259175.0,N,2026,1,2026-01,balres
AA200,COMPAÑÍAS FINANCIERAS,100011200000,Partidas Pend. de Imputación,2350312.0,N,2026,1,2026-01,balres
AA200,COMPAÑÍAS FINANCIERAS,100020000000,P A S I V O,5454908268.0,N,2026,1,2026-01,balres
AA200,COMPAÑÍAS FINANCIERAS,100020100000,Depósitos,2479094752.0,N,2026,1,2026-01,balres
AA200,COMPAÑÍAS FINANCIERAS,100020101000,Sector Público no financiero,385.0,N,2026,1,2026-01,balres
AA200,COMPAÑÍAS FINANCIERAS,100020102000,Sector Financiero,378446.0,N,2026,1,2026-01,balres
AA200,COMPAÑÍAS FINANCIERAS,100020103000,Sector Privado no Financiero y Residentes en el Ext.,2478715921.0,N,2026,1,2026-01,balres
AA200,COMPAÑÍAS FINANCIERAS,100020103005,Caja de ahorros,1671973889.0,N,2026,1,2026-01,balres
AA200,COMPAÑÍAS FINANCIERAS,100020103010,Plazo fijo e inversiones a plazo,789643456.0,N,2026,1,2026-01,balres
AA200,COMPAÑÍAS FINANCIERAS,100020103015,Otros,1763777.0,N,2026,1,2026-01,balres
AA200,COMPAÑÍAS FINANCIERAS,100020103020,Intereses y dif. cotiz. deveng. a pagar,15342937.0,N,2026,1,2026-01,balres
AA200,COMPAÑÍAS FINANCIERAS,100020103025,Ajustes NIIF,-8138.0,N,2026,1,2026-01,balres
AA200,COMPAÑÍAS FINANCIERAS,100020200000,Otras Oblig.por Intermed. Financ.,2678194242.0,N,2026,1,2026-01,balres
AA200,COMPAÑÍAS FINANCIERAS,100020300000,Obligaciones Diversas,269492071.0,N,2026,1,2026-01,balres
AA200,COMPAÑÍAS FINANCIERAS,100020400000,Provisiones,4670587.0,N,2026,1,2026-01,balres
AA200,COMPAÑÍAS FINANCIERAS,100020500000,Obligaciones Subordinadas,23296779.0,N,2026,1,2026-01,balres
AA200,COMPAÑÍAS FINANCIERAS,100020600000,Partidas Pendientes de Imputación,159837.0,N,2026,1,2026-01,balres
AA200,COMPAÑÍAS FINANCIERAS,100030000000,P A T R I M O N I O   N E T O,748849640.0,N,2026,1,2026-01,balres
AA200,COMPAÑÍAS FINANCIERAS,100030100000,"Capital, Aportes, Reservas y ORI acumulado",665322648.0,N,2026,1,2026-01,balres
AA200,COMPAÑÍAS FINANCIERAS,100030600000,Resultados no asignados,83526992.0,N,2026,1,2026-01,balres
AA200,COMPAÑÍAS FINANCIERAS,100040000000,R D O S. I N T E G R A L E S  A C U M.  D E L  P E R I O D O,24011749.0,N,2026,1,2026-01,balres
AA200,COMPAÑÍAS FINANCIERAS,100040100000,Ingresos financieros,225402967.0,N,2026,1,2026-01,balres
AA200,COMPAÑÍAS FINANCIERAS,100040100005,Por Intereses,208941255.0,N,2026,1,2026-01,balres
AA200,COMPAÑÍAS FINANCIERAS,100040100090,Otros Ingresos Financieros,16461712.0,N,2026,1,2026-01,balres
AA200,COMPAÑÍAS FINANCIERAS,100040200000,Egresos financieros,-116033929.0,N,2026,1,2026-01,balres
AA200,COMPAÑÍAS FINANCIERAS,100040200005,Por Intereses,-95028679.0,N,2026,1,2026-01,balres
AA200,COMPAÑÍAS FINANCIERAS,100040200090,Otros Egresos Financieros,-21005250.0,N,2026,1,2026-01,balres
AA200,COMPAÑÍAS FINANCIERAS,100040300000,Cargo por incobrabilidad,-42182303.0,N,2026,1,2026-01,balres
AA200,COMPAÑÍAS FINANCIERAS,100040400000,Ingresos por servicios,15096439.0,N,2026,1,2026-01,balres
AA200,COMPAÑÍAS FINANCIERAS,100040500000,Egresos por servicios,-12071560.0,N,2026,1,2026-01,balres
AA200,COMPAÑÍAS FINANCIERAS,100040700000,Gastos de administración,-21097325.0,N,2026,1,2026-01,balres
AA200,COMPAÑÍAS FINANCIERAS,100040800000,Créditos recuperados y previsiones desafectadas,609249.0,N,2026,1,2026-01,balres
AA200,COMPAÑÍAS FINANCIERAS,100041200000,Resultado monetario,-16693067.0,N,2026,1,2026-01,balres
AA200,COMPAÑÍAS FINANCIERAS,100041300000,Otros,2390318.0,N,2026,1,2026-01,balres
AA200,COMPAÑÍAS FINANCIERAS,100041400000,Impuesto a las ganancias,-11446538.0,N,2026,1,2026-01,balres
AA200,COMPAÑÍAS FINANCIERAS,100041500000,Otro resultado integral,37498.0,N,2026,1,2026-01,balres
AA200,COMPAÑÍAS FINANCIERAS,100050000000,PARTIDAS FUERA DE BALANCE,0.0,N,2026,1,2026-01,balres
AA200,COMPAÑÍAS FINANCIERAS,100050100000,Créditos irrecuperables en partidas fuera del balance,213167905.0,N,2026,1,2026-01,balres
AA200,COMPAÑÍAS FINANCIERAS,100050200000,Contingentes acreedoras,37927816.0,N,2026,1,2026-01,balres
AA200,COMPAÑÍAS FINANCIERAS,100050300000,De Control acreedoras,13834275.0,N,2026,1,2026-01,balres
AA200,COMPAÑÍAS FINANCIERAS,100050400000,De Derivados acreedoras,0.0,N,2026,1,2026-01,balres
AA200,COMPAÑÍAS FINANCIERAS,100050600000,Contingentes deudoras,3872992486.0,N,2026,1,2026-01,balres
AA200,COMPAÑÍAS FINANCIERAS,100050700000,De Control deudoras,740431051.0,N,2026,1,2026-01,balres
AA200,COMPAÑÍAS FINANCIERAS,100050800000,De Derivados deudoras,64411111.0,N,2026,1,2026-01,balres
AA210,COMPAÑÍAS FINANCIERAS DE CAPITAL NACIONAL,100010000000,A C T I V O,2973062969.0,N,2026,1,2026-01,balres
AA210,COMPAÑÍAS FINANCIERAS DE CAPITAL NACIONAL,100010100000,Efectivo y deposito en bancos,194551425.0,N,2026,1,2026-01,balres
AA210,COMPAÑÍAS FINANCIERAS DE CAPITAL NACIONAL,100010200000,Títulos Públicos y Privados,925973964.0,N,2026,1,2026-01,balres
AA210,COMPAÑÍAS FINANCIERAS DE CAPITAL NACIONAL,100010300000,Préstamos,1091910413.0,N,2026,1,2026-01,balres
AA210,COMPAÑÍAS FINANCIERAS DE CAPITAL NACIONAL,100010302000,Sector Financiero,32097069.0,N,2026,1,2026-01,balres
AA210,COMPAÑÍAS FINANCIERAS DE CAPITAL NACIONAL,100010303000,Sector Privado no Financiero y Residentes en el Ext.,1243870228.0,N,2026,1,2026-01,balres
AA210,COMPAÑÍAS FINANCIERAS DE CAPITAL NACIONAL,100010303001,Adelantos,1531682.0,N,2026,1,2026-01,balres
AA210,COMPAÑÍAS FINANCIERAS DE CAPITAL NACIONAL,100010303005,"Doc a sola firma, descont. y comprados",29979734.0,N,2026,1,2026-01,balres
AA210,COMPAÑÍAS FINANCIERAS DE CAPITAL NACIONAL,100010303010,Hipotecarios,0.0,N,2026,1,2026-01,balres
AA210,COMPAÑÍAS FINANCIERAS DE CAPITAL NACIONAL,100010303015,Prendarios,418323.0,N,2026,1,2026-01,balres
AA210,COMPAÑÍAS FINANCIERAS DE CAPITAL NACIONAL,100010303020,Personales,1021940766.0,N,2026,1,2026-01,balres
AA210,COMPAÑÍAS FINANCIERAS DE CAPITAL NACIONAL,100010303030,Otros,62053728.0,N,2026,1,2026-01,balres
AA210,COMPAÑÍAS FINANCIERAS DE CAPITAL NACIONAL,100010303045,Intereses y dif. cotiz. deveng. a cobrar,121463958.0,N,2026,1,2026-01,balres
AA210,COMPAÑÍAS FINANCIERAS DE CAPITAL NACIONAL,100010303050,Cobros no aplicados,-116235.0,N,2026,1,2026-01,balres
AA210,COMPAÑÍAS FINANCIERAS DE CAPITAL NACIONAL,100010303055,Intereses documentados,-1325750.0,N,2026,1,2026-01,balres
AA210,COMPAÑÍAS FINANCIERAS DE CAPITAL NACIONAL,100010303060,Ajustes NIIF,7924022.0,N,2026,1,2026-01,balres
AA210,COMPAÑÍAS FINANCIERAS DE CAPITAL NACIONAL,100010304000,Previsiones,-184056884.0,N,2026,1,2026-01,balres
AA210,COMPAÑÍAS FINANCIERAS DE CAPITAL NACIONAL,100010400000,Otros Cred.por Interm.Finan.,638668476.0,N,2026,1,2026-01,balres
AA210,COMPAÑÍAS FINANCIERAS DE CAPITAL NACIONAL,100010600000,Part. en otras Sociedades,32032.0,N,2026,1,2026-01,balres
AA210,COMPAÑÍAS FINANCIERAS DE CAPITAL NACIONAL,100010600020,Otras,32032.0,N,2026,1,2026-01,balres
AA210,COMPAÑÍAS FINANCIERAS DE CAPITAL NACIONAL,100010700000,Créditos Diversos,81955779.0,N,2026,1,2026-01,balres
AA210,COMPAÑÍAS FINANCIERAS DE CAPITAL NACIONAL,100010800000,"Propiedad, plantas y equipo",29966187.0,N,2026,1,2026-01,balres
AA210,COMPAÑÍAS FINANCIERAS DE CAPITAL NACIONAL,100010900000,Bienes Diversos,1828341.0,N,2026,1,2026-01,balres
AA210,COMPAÑÍAS FINANCIERAS DE CAPITAL NACIONAL,100011000000,Activos Intangibles,5826080.0,N,2026,1,2026-01,balres
AA210,COMPAÑÍAS FINANCIERAS DE CAPITAL NACIONAL,100011200000,Partidas Pend. de Imputación,2350272.0,N,2026,1,2026-01,balres
AA210,COMPAÑÍAS FINANCIERAS DE CAPITAL NACIONAL,100020000000,P A S I V O,2668615821.0,N,2026,1,2026-01,balres
AA210,COMPAÑÍAS FINANCIERAS DE CAPITAL NACIONAL,100020100000,Depósitos,2433341489.0,N,2026,1,2026-01,balres
AA210,COMPAÑÍAS FINANCIERAS DE CAPITAL NACIONAL,100020101000,Sector Público no financiero,385.0,N,2026,1,2026-01,balres
AA210,COMPAÑÍAS FINANCIERAS DE CAPITAL NACIONAL,100020102000,Sector Financiero,378446.0,N,2026,1,2026-01,balres
AA210,COMPAÑÍAS FINANCIERAS DE CAPITAL NACIONAL,100020103000,Sector Privado no Financiero y Residentes en el Ext.,2432962658.0,N,2026,1,2026-01,balres
AA210,COMPAÑÍAS FINANCIERAS DE CAPITAL NACIONAL,100020103005,Caja de ahorros,1671971876.0,N,2026,1,2026-01,balres
AA210,COMPAÑÍAS FINANCIERAS DE CAPITAL NACIONAL,100020103010,Plazo fijo e inversiones a plazo,748023772.0,N,2026,1,2026-01,balres
AA210,COMPAÑÍAS FINANCIERAS DE CAPITAL NACIONAL,100020103015,Otros,1758737.0,N,2026,1,2026-01,balres
AA210,COMPAÑÍAS FINANCIERAS DE CAPITAL NACIONAL,100020103020,Intereses y dif. cotiz. deveng. a pagar,11208273.0,N,2026,1,2026-01,balres
AA210,COMPAÑÍAS FINANCIERAS DE CAPITAL NACIONAL,100020200000,Otras Oblig.por Intermed. Financ.,105103072.0,N,2026,1,2026-01,balres
AA210,COMPAÑÍAS FINANCIERAS DE CAPITAL NACIONAL,100020300000,Obligaciones Diversas,121261453.0,N,2026,1,2026-01,balres
AA210,COMPAÑÍAS FINANCIERAS DE CAPITAL NACIONAL,100020400000,Provisiones,299815.0,N,2026,1,2026-01,balres
AA210,COMPAÑÍAS FINANCIERAS DE CAPITAL NACIONAL,100020500000,Obligaciones Subordinadas,8563806.0,N,2026,1,2026-01,balres
AA210,COMPAÑÍAS FINANCIERAS DE CAPITAL NACIONAL,100020600000,Partidas Pendientes de Imputación,46186.0,N,2026,1,2026-01,balres
AA210,COMPAÑÍAS FINANCIERAS DE CAPITAL NACIONAL,100030000000,P A T R I M O N I O   N E T O,304447148.0,N,2026,1,2026-01,balres
AA210,COMPAÑÍAS FINANCIERAS DE CAPITAL NACIONAL,100030100000,"Capital, Aportes, Reservas y ORI acumulado",240142143.0,N,2026,1,2026-01,balres
AA210,COMPAÑÍAS FINANCIERAS DE CAPITAL NACIONAL,100030600000,Resultados no asignados,64305005.0,N,2026,1,2026-01,balres
AA210,COMPAÑÍAS FINANCIERAS DE CAPITAL NACIONAL,100040000000,R D O S. I N T E G R A L E S  A C U M.  D E L  P E R I O D O,15702923.0,N,2026,1,2026-01,balres
AA210,COMPAÑÍAS FINANCIERAS DE CAPITAL NACIONAL,100040100000,Ingresos financieros,128304839.0,N,2026,1,2026-01,balres
AA210,COMPAÑÍAS FINANCIERAS DE CAPITAL NACIONAL,100040100005,Por Intereses,120816306.0,N,2026,1,2026-01,balres
AA210,COMPAÑÍAS FINANCIERAS DE CAPITAL NACIONAL,100040100090,Otros Ingresos Financieros,7488533.0,N,2026,1,2026-01,balres
AA210,COMPAÑÍAS FINANCIERAS DE CAPITAL NACIONAL,100040200000,Egresos financieros,-48772687.0,N,2026,1,2026-01,balres
AA210,COMPAÑÍAS FINANCIERAS DE CAPITAL NACIONAL,100040200005,Por Intereses,-39587916.0,N,2026,1,2026-01,balres
AA210,COMPAÑÍAS FINANCIERAS DE CAPITAL NACIONAL,100040200090,Otros Egresos Financieros,-9184771.0,N,2026,1,2026-01,balres
AA210,COMPAÑÍAS FINANCIERAS DE CAPITAL NACIONAL,100040300000,Cargo por incobrabilidad,-36053015.0,N,2026,1,2026-01,balres
AA210,COMPAÑÍAS FINANCIERAS DE CAPITAL NACIONAL,100040400000,Ingresos por servicios,4595121.0,N,2026,1,2026-01,balres
AA210,COMPAÑÍAS FINANCIERAS DE CAPITAL NACIONAL,100040500000,Egresos por servicios,-8304803.0,N,2026,1,2026-01,balres
AA210,COMPAÑÍAS FINANCIERAS DE CAPITAL NACIONAL,100040700000,Gastos de administración,-12764814.0,N,2026,1,2026-01,balres
AA210,COMPAÑÍAS FINANCIERAS DE CAPITAL NACIONAL,100040800000,Créditos recuperados y previsiones desafectadas,25732.0,N,2026,1,2026-01,balres
AA210,COMPAÑÍAS FINANCIERAS DE CAPITAL NACIONAL,100041200000,Resultado monetario,-6286988.0,N,2026,1,2026-01,balres
AA210,COMPAÑÍAS FINANCIERAS DE CAPITAL NACIONAL,100041300000,Otros,2333305.0,N,2026,1,2026-01,balres
AA210,COMPAÑÍAS FINANCIERAS DE CAPITAL NACIONAL,100041400000,Impuesto a las ganancias,-7373767.0,N,2026,1,2026-01,balres
AA210,COMPAÑÍAS FINANCIERAS DE CAPITAL NACIONAL,100041500000,Otro resultado integral,0.0,N,2026,1,2026-01,balres
AA210,COMPAÑÍAS FINANCIERAS DE CAPITAL NACIONAL,100050000000,PARTIDAS FUERA DE BALANCE,0.0,N,2026,1,2026-01,balres
AA210,COMPAÑÍAS FINANCIERAS DE CAPITAL NACIONAL,100050100000,Créditos irrecuperables en partidas fuera del balance,200841785.0,N,2026,1,2026-01,balres
AA210,COMPAÑÍAS FINANCIERAS DE CAPITAL NACIONAL,100050200000,Contingentes acreedoras,8165818.0,N,2026,1,2026-01,balres
AA210,COMPAÑÍAS FINANCIERAS DE CAPITAL NACIONAL,100050300000,De Control acreedoras,10373232.0,N,2026,1,2026-01,balres
AA210,COMPAÑÍAS FINANCIERAS DE CAPITAL NACIONAL,100050400000,De Derivados acreedoras,0.0,N,2026,1,2026-01,balres
AA210,COMPAÑÍAS FINANCIERAS DE CAPITAL NACIONAL,100050600000,Contingentes deudoras,99265579.0,N,2026,1,2026-01,balres
AA210,COMPAÑÍAS FINANCIERAS DE CAPITAL NACIONAL,100050700000,De Control deudoras,363005956.0,N,2026,1,2026-01,balres
AA210,COMPAÑÍAS FINANCIERAS DE CAPITAL NACIONAL,100050800000,De Derivados deudoras,0.0,N,2026,1,2026-01,balres
AA220,COMPAÑÍAS FINANCIERAS  DE CAPITAL EXTRANJERO,100010000000,A C T I V O,3230694939.0,N,2026,1,2026-01,balres
AA220,COMPAÑÍAS FINANCIERAS  DE CAPITAL EXTRANJERO,100010100000,Efectivo y deposito en bancos,208971881.0,N,2026,1,2026-01,balres
AA220,COMPAÑÍAS FINANCIERAS  DE CAPITAL EXTRANJERO,100010200000,Títulos Públicos y Privados,19990948.0,N,2026,1,2026-01,balres
AA220,COMPAÑÍAS FINANCIERAS  DE CAPITAL EXTRANJERO,100010300000,Préstamos,2634366722.0,N,2026,1,2026-01,balres
AA220,COMPAÑÍAS FINANCIERAS  DE CAPITAL EXTRANJERO,100010302000,Sector Financiero,119127150.0,N,2026,1,2026-01,balres
AA220,COMPAÑÍAS FINANCIERAS  DE CAPITAL EXTRANJERO,100010303000,Sector Privado no Financiero y Residentes en el Ext.,2551075045.0,N,2026,1,2026-01,balres
AA220,COMPAÑÍAS FINANCIERAS  DE CAPITAL EXTRANJERO,100010303001,Adelantos,76668984.0,N,2026,1,2026-01,balres
AA220,COMPAÑÍAS FINANCIERAS  DE CAPITAL EXTRANJERO,100010303005,"Doc a sola firma, descont. y comprados",177152167.0,N,2026,1,2026-01,balres
AA220,COMPAÑÍAS FINANCIERAS  DE CAPITAL EXTRANJERO,100010303010,Hipotecarios,687641.0,N,2026,1,2026-01,balres
AA220,COMPAÑÍAS FINANCIERAS  DE CAPITAL EXTRANJERO,100010303015,Prendarios,1890463061.0,N,2026,1,2026-01,balres
AA220,COMPAÑÍAS FINANCIERAS  DE CAPITAL EXTRANJERO,100010303020,Personales,41476373.0,N,2026,1,2026-01,balres
AA220,COMPAÑÍAS FINANCIERAS  DE CAPITAL EXTRANJERO,100010303030,Otros,560590074.0,N,2026,1,2026-01,balres
AA220,COMPAÑÍAS FINANCIERAS  DE CAPITAL EXTRANJERO,100010303045,Intereses y dif. cotiz. deveng. a cobrar,104878039.0,N,2026,1,2026-01,balres
AA220,COMPAÑÍAS FINANCIERAS  DE CAPITAL EXTRANJERO,100010303050,Cobros no aplicados,0.0,N,2026,1,2026-01,balres
AA220,COMPAÑÍAS FINANCIERAS  DE CAPITAL EXTRANJERO,100010303055,Intereses documentados,-541890.0,N,2026,1,2026-01,balres
AA220,COMPAÑÍAS FINANCIERAS  DE CAPITAL EXTRANJERO,100010303060,Ajustes NIIF,-300299404.0,N,2026,1,2026-01,balres
AA220,COMPAÑÍAS FINANCIERAS  DE CAPITAL EXTRANJERO,100010304000,Previsiones,-35835473.0,N,2026,1,2026-01,balres
AA220,COMPAÑÍAS FINANCIERAS  DE CAPITAL EXTRANJERO,100010400000,Otros Cred.por Interm.Finan.,137493568.0,N,2026,1,2026-01,balres
AA220,COMPAÑÍAS FINANCIERAS  DE CAPITAL EXTRANJERO,100010500000,Credito por arrendamiento financiero,115644535.0,N,2026,1,2026-01,balres
AA220,COMPAÑÍAS FINANCIERAS  DE CAPITAL EXTRANJERO,100010600000,Part. en otras Sociedades,113617.0,N,2026,1,2026-01,balres
AA220,COMPAÑÍAS FINANCIERAS  DE CAPITAL EXTRANJERO,100010600020,Otras,113617.0,N,2026,1,2026-01,balres
AA220,COMPAÑÍAS FINANCIERAS  DE CAPITAL EXTRANJERO,100010700000,Créditos Diversos,82672030.0,N,2026,1,2026-01,balres
AA220,COMPAÑÍAS FINANCIERAS  DE CAPITAL EXTRANJERO,100010800000,"Propiedad, plantas y equipo",7065005.0,N,2026,1,2026-01,balres
AA220,COMPAÑÍAS FINANCIERAS  DE CAPITAL EXTRANJERO,100010900000,Bienes Diversos,1943498.0,N,2026,1,2026-01,balres
AA220,COMPAÑÍAS FINANCIERAS  DE CAPITAL EXTRANJERO,100011000000,Activos Intangibles,22433095.0,N,2026,1,2026-01,balres
AA220,COMPAÑÍAS FINANCIERAS  DE CAPITAL EXTRANJERO,100011200000,Partidas Pend. de Imputación,40.0,N,2026,1,2026-01,balres
AA220,COMPAÑÍAS FINANCIERAS  DE CAPITAL EXTRANJERO,100020000000,P A S I V O,2786292447.0,N,2026,1,2026-01,balres
AA220,COMPAÑÍAS FINANCIERAS  DE CAPITAL EXTRANJERO,100020100000,Depósitos,45753263.0,N,2026,1,2026-01,balres
AA220,COMPAÑÍAS FINANCIERAS  DE CAPITAL EXTRANJERO,100020103000,Sector Privado no Financiero y Residentes en el Ext.,45753263.0,N,2026,1,2026-01,balres
AA220,COMPAÑÍAS FINANCIERAS  DE CAPITAL EXTRANJERO,100020103005,Caja de ahorros,2013.0,N,2026,1,2026-01,balres
AA220,COMPAÑÍAS FINANCIERAS  DE CAPITAL EXTRANJERO,100020103010,Plazo fijo e inversiones a plazo,41619684.0,N,2026,1,2026-01,balres
AA220,COMPAÑÍAS FINANCIERAS  DE CAPITAL EXTRANJERO,100020103015,Otros,5040.0,N,2026,1,2026-01,balres
AA220,COMPAÑÍAS FINANCIERAS  DE CAPITAL EXTRANJERO,100020103020,Intereses y dif. cotiz. deveng. a pagar,4134664.0,N,2026,1,2026-01,balres
AA220,COMPAÑÍAS FINANCIERAS  DE CAPITAL EXTRANJERO,100020103025,Ajustes NIIF,-8138.0,N,2026,1,2026-01,balres
AA220,COMPAÑÍAS FINANCIERAS  DE CAPITAL EXTRANJERO,100020200000,Otras Oblig.por Intermed. Financ.,2573091170.0,N,2026,1,2026-01,balres
AA220,COMPAÑÍAS FINANCIERAS  DE CAPITAL EXTRANJERO,100020300000,Obligaciones Diversas,148230618.0,N,2026,1,2026-01,balres
AA220,COMPAÑÍAS FINANCIERAS  DE CAPITAL EXTRANJERO,100020400000,Provisiones,4370772.0,N,2026,1,2026-01,balres
AA220,COMPAÑÍAS FINANCIERAS  DE CAPITAL EXTRANJERO,100020500000,Obligaciones Subordinadas,14732973.0,N,2026,1,2026-01,balres
AA220,COMPAÑÍAS FINANCIERAS  DE CAPITAL EXTRANJERO,100020600000,Partidas Pendientes de Imputación,113651.0,N,2026,1,2026-01,balres
AA220,COMPAÑÍAS FINANCIERAS  DE CAPITAL EXTRANJERO,100030000000,P A T R I M O N I O   N E T O,444402492.0,N,2026,1,2026-01,balres
AA220,COMPAÑÍAS FINANCIERAS  DE CAPITAL EXTRANJERO,100030100000,"Capital, Aportes, Reservas y ORI acumulado",425180505.0,N,2026,1,2026-01,balres
AA220,COMPAÑÍAS FINANCIERAS  DE CAPITAL EXTRANJERO,100030600000,Resultados no asignados,19221987.0,N,2026,1,2026-01,balres
AA220,COMPAÑÍAS FINANCIERAS  DE CAPITAL EXTRANJERO,100040000000,R D O S. I N T E G R A L E S  A C U M.  D E L  P E R I O D O,8308826.0,N,2026,1,2026-01,balres
AA220,COMPAÑÍAS FINANCIERAS  DE CAPITAL EXTRANJERO,100040100000,Ingresos financieros,97098128.0,N,2026,1,2026-01,balres
AA220,COMPAÑÍAS FINANCIERAS  DE CAPITAL EXTRANJERO,100040100005,Por Intereses,88124949.0,N,2026,1,2026-01,balres
AA220,COMPAÑÍAS FINANCIERAS  DE CAPITAL EXTRANJERO,100040100090,Otros Ingresos Financieros,8973179.0,N,2026,1,2026-01,balres
AA220,COMPAÑÍAS FINANCIERAS  DE CAPITAL EXTRANJERO,100040200000,Egresos financieros,-67261242.0,N,2026,1,2026-01,balres
AA220,COMPAÑÍAS FINANCIERAS  DE CAPITAL EXTRANJERO,100040200005,Por Intereses,-55440763.0,N,2026,1,2026-01,balres
AA220,COMPAÑÍAS FINANCIERAS  DE CAPITAL EXTRANJERO,100040200090,Otros Egresos Financieros,-11820479.0,N,2026,1,2026-01,balres
AA220,COMPAÑÍAS FINANCIERAS  DE CAPITAL EXTRANJERO,100040300000,Cargo por incobrabilidad,-6129288.0,N,2026,1,2026-01,balres
AA220,COMPAÑÍAS FINANCIERAS  DE CAPITAL EXTRANJERO,100040400000,Ingresos por servicios,10501318.0,N,2026,1,2026-01,balres
AA220,COMPAÑÍAS FINANCIERAS  DE CAPITAL EXTRANJERO,100040500000,Egresos por servicios,-3766757.0,N,2026,1,2026-01,balres
AA220,COMPAÑÍAS FINANCIERAS  DE CAPITAL EXTRANJERO,100040700000,Gastos de administración,-8332511.0,N,2026,1,2026-01,balres
AA220,COMPAÑÍAS FINANCIERAS  DE CAPITAL EXTRANJERO,100040800000,Créditos recuperados y previsiones desafectadas,583517.0,N,2026,1,2026-01,balres
AA220,COMPAÑÍAS FINANCIERAS  DE CAPITAL EXTRANJERO,100041200000,Resultado monetario,-10406079.0,N,2026,1,2026-01,balres
AA220,COMPAÑÍAS FINANCIERAS  DE CAPITAL EXTRANJERO,100041300000,Otros,57013.0,N,2026,1,2026-01,balres
AA220,COMPAÑÍAS FINANCIERAS  DE CAPITAL EXTRANJERO,100041400000,Impuesto a las ganancias,-4072771.0,N,2026,1,2026-01,balres
AA220,COMPAÑÍAS FINANCIERAS  DE CAPITAL EXTRANJERO,100041500000,Otro resultado integral,37498.0,N,2026,1,2026-01,balres
AA220,COMPAÑÍAS FINANCIERAS  DE CAPITAL EXTRANJERO,100050000000,PARTIDAS FUERA DE BALANCE,0.0,N,2026,1,2026-01,balres
AA220,COMPAÑÍAS FINANCIERAS  DE CAPITAL EXTRANJERO,100050100000,Créditos irrecuperables en partidas fuera del balance,12326120.0,N,2026,1,2026-01,balres
AA220,COMPAÑÍAS FINANCIERAS  DE CAPITAL EXTRANJERO,100050200000,Contingentes acreedoras,29761998.0,N,2026,1,2026-01,balres
AA220,COMPAÑÍAS FINANCIERAS  DE CAPITAL EXTRANJERO,100050300000,De Control acreedoras,3461043.0,N,2026,1,2026-01,balres
AA220,COMPAÑÍAS FINANCIERAS  DE CAPITAL EXTRANJERO,100050600000,Contingentes deudoras,3773726907.0,N,2026,1,2026-01,balres
AA220,COMPAÑÍAS FINANCIERAS  DE CAPITAL EXTRANJERO,100050700000,De Control deudoras,377425095.0,N,2026,1,2026-01,balres
AA220,COMPAÑÍAS FINANCIERAS  DE CAPITAL EXTRANJERO,100050800000,De Derivados deudoras,64411111.0,N,2026,1,2026-01,balres
AA910,10 PRIMEROS BANCOS PRIVADOS,100010000000,A C T I V O,156909788836.0,N,2026,1,2026-01,balres
AA910,10 PRIMEROS BANCOS PRIVADOS,100010100000,Efectivo y deposito en bancos,31605650701.0,N,2026,1,2026-01,balres
AA910,10 PRIMEROS BANCOS PRIVADOS,100010200000,Títulos Públicos y Privados,32366931548.0,N,2026,1,2026-01,balres
AA910,10 PRIMEROS BANCOS PRIVADOS,100010300000,Préstamos,72815165071.0,N,2026,1,2026-01,balres
AA910,10 PRIMEROS BANCOS PRIVADOS,100010301000,Sector Público no Financiero,368430456.0,N,2026,1,2026-01,balres
AA910,10 PRIMEROS BANCOS PRIVADOS,100010302000,Sector Financiero,2119255557.0,N,2026,1,2026-01,balres
AA910,10 PRIMEROS BANCOS PRIVADOS,100010303000,Sector Privado no Financiero y Residentes en el Ext.,74718956497.0,N,2026,1,2026-01,balres
AA910,10 PRIMEROS BANCOS PRIVADOS,100010303001,Adelantos,7372600435.0,N,2026,1,2026-01,balres
AA910,10 PRIMEROS BANCOS PRIVADOS,100010303005,"Doc a sola firma, descont. y comprados",17826973413.0,N,2026,1,2026-01,balres
AA910,10 PRIMEROS BANCOS PRIVADOS,100010303010,Hipotecarios,2906791524.0,N,2026,1,2026-01,balres
AA910,10 PRIMEROS BANCOS PRIVADOS,100010303015,Prendarios,3782237453.0,N,2026,1,2026-01,balres
AA910,10 PRIMEROS BANCOS PRIVADOS,100010303020,Personales,8674646898.0,N,2026,1,2026-01,balres
AA910,10 PRIMEROS BANCOS PRIVADOS,100010303030,Otros,30242752921.0,N,2026,1,2026-01,balres
AA910,10 PRIMEROS BANCOS PRIVADOS,100010303045,Intereses y dif. cotiz. deveng. a cobrar,4541011163.0,N,2026,1,2026-01,balres
AA910,10 PRIMEROS BANCOS PRIVADOS,100010303050,Cobros no aplicados,-2277627.0,N,2026,1,2026-01,balres
AA910,10 PRIMEROS BANCOS PRIVADOS,100010303055,Intereses documentados,-366911748.0,N,2026,1,2026-01,balres
AA910,10 PRIMEROS BANCOS PRIVADOS,100010303060,Ajustes NIIF,-258867935.0,N,2026,1,2026-01,balres
AA910,10 PRIMEROS BANCOS PRIVADOS,100010304000,Previsiones,-4391477439.0,N,2026,1,2026-01,balres
AA910,10 PRIMEROS BANCOS PRIVADOS,100010400000,Otros Cred.por Interm.Finan.,6313660354.0,N,2026,1,2026-01,balres
AA910,10 PRIMEROS BANCOS PRIVADOS,100010500000,Credito por arrendamiento financiero,336691115.0,N,2026,1,2026-01,balres
AA910,10 PRIMEROS BANCOS PRIVADOS,100010600000,Part. en otras Sociedades,1155997428.0,N,2026,1,2026-01,balres
AA910,10 PRIMEROS BANCOS PRIVADOS,100010600005,En entidades financieras,247581738.0,N,2026,1,2026-01,balres
AA910,10 PRIMEROS BANCOS PRIVADOS,100010600020,Otras,908415690.0,N,2026,1,2026-01,balres
AA910,10 PRIMEROS BANCOS PRIVADOS,100010700000,Créditos Diversos,4570158006.0,N,2026,1,2026-01,balres
AA910,10 PRIMEROS BANCOS PRIVADOS,100010800000,"Propiedad, plantas y equipo",5385976997.0,N,2026,1,2026-01,balres
AA910,10 PRIMEROS BANCOS PRIVADOS,100010900000,Bienes Diversos,865034127.0,N,2026,1,2026-01,balres
AA910,10 PRIMEROS BANCOS PRIVADOS,100011000000,Activos Intangibles,1467391093.0,N,2026,1,2026-01,balres
AA910,10 PRIMEROS BANCOS PRIVADOS,100011200000,Partidas Pend. de Imputación,27132396.0,N,2026,1,2026-01,balres
AA910,10 PRIMEROS BANCOS PRIVADOS,100020000000,P A S I V O,126303006883.0,N,2026,1,2026-01,balres
AA910,10 PRIMEROS BANCOS PRIVADOS,100020100000,Depósitos,102323698590.0,N,2026,1,2026-01,balres
AA910,10 PRIMEROS BANCOS PRIVADOS,100020101000,Sector Público no financiero,3710223827.0,N,2026,1,2026-01,balres
AA910,10 PRIMEROS BANCOS PRIVADOS,100020102000,Sector Financiero,53233490.0,N,2026,1,2026-01,balres
AA910,10 PRIMEROS BANCOS PRIVADOS,100020103000,Sector Privado no Financiero y Residentes en el Ext.,98560241273.0,N,2026,1,2026-01,balres
AA910,10 PRIMEROS BANCOS PRIVADOS,100020103001,Cuentas corrientes,12128434639.0,N,2026,1,2026-01,balres
AA910,10 PRIMEROS BANCOS PRIVADOS,100020103005,Caja de ahorros,45385035215.0,N,2026,1,2026-01,balres
AA910,10 PRIMEROS BANCOS PRIVADOS,100020103010,Plazo fijo e inversiones a plazo,39524379744.0,N,2026,1,2026-01,balres
AA910,10 PRIMEROS BANCOS PRIVADOS,100020103015,Otros,727292264.0,N,2026,1,2026-01,balres
AA910,10 PRIMEROS BANCOS PRIVADOS,100020103020,Intereses y dif. cotiz. deveng. a pagar,795099411.0,N,2026,1,2026-01,balres
AA910,10 PRIMEROS BANCOS PRIVADOS,100020200000,Otras Oblig.por Intermed. Financ.,17932854445.0,N,2026,1,2026-01,balres
AA910,10 PRIMEROS BANCOS PRIVADOS,100020300000,Obligaciones Diversas,4504239963.0,N,2026,1,2026-01,balres
AA910,10 PRIMEROS BANCOS PRIVADOS,100020400000,Provisiones,568639459.0,N,2026,1,2026-01,balres
AA910,10 PRIMEROS BANCOS PRIVADOS,100020500000,Obligaciones Subordinadas,918678661.0,N,2026,1,2026-01,balres
AA910,10 PRIMEROS BANCOS PRIVADOS,100020600000,Partidas Pendientes de Imputación,54895765.0,N,2026,1,2026-01,balres
AA910,10 PRIMEROS BANCOS PRIVADOS,100030000000,P A T R I M O N I O   N E T O,30606781953.0,N,2026,1,2026-01,balres
AA910,10 PRIMEROS BANCOS PRIVADOS,100030100000,"Capital, Aportes, Reservas y ORI acumulado",28946971136.0,N,2026,1,2026-01,balres
AA910,10 PRIMEROS BANCOS PRIVADOS,100030600000,Resultados no asignados,1659810817.0,N,2026,1,2026-01,balres
AA910,10 PRIMEROS BANCOS PRIVADOS,100040000000,R D O S. I N T E G R A L E S  A C U M.  D E L  P E R I O D O,99837014.0,N,2026,1,2026-01,balres
AA910,10 PRIMEROS BANCOS PRIVADOS,100040100000,Ingresos financieros,3248108086.0,N,2026,1,2026-01,balres
AA910,10 PRIMEROS BANCOS PRIVADOS,100040100005,Por Intereses,2365356873.0,N,2026,1,2026-01,balres
AA910,10 PRIMEROS BANCOS PRIVADOS,100040100090,Otros Ingresos Financieros,882751213.0,N,2026,1,2026-01,balres
AA910,10 PRIMEROS BANCOS PRIVADOS,100040200000,Egresos financieros,-1412011598.0,N,2026,1,2026-01,balres
AA910,10 PRIMEROS BANCOS PRIVADOS,100040200005,Por Intereses,-1101446330.0,N,2026,1,2026-01,balres
AA910,10 PRIMEROS BANCOS PRIVADOS,100040200090,Otros Egresos Financieros,-310565268.0,N,2026,1,2026-01,balres
AA910,10 PRIMEROS BANCOS PRIVADOS,100040300000,Cargo por incobrabilidad,-799061381.0,N,2026,1,2026-01,balres
AA910,10 PRIMEROS BANCOS PRIVADOS,100040400000,Ingresos por servicios,506352534.0,N,2026,1,2026-01,balres
AA910,10 PRIMEROS BANCOS PRIVADOS,100040500000,Egresos por servicios,-220532320.0,N,2026,1,2026-01,balres
AA910,10 PRIMEROS BANCOS PRIVADOS,100040700000,Gastos de administración,-787967457.0,N,2026,1,2026-01,balres
AA910,10 PRIMEROS BANCOS PRIVADOS,100040800000,Créditos recuperados y previsiones desafectadas,253618312.0,N,2026,1,2026-01,balres
AA910,10 PRIMEROS BANCOS PRIVADOS,100041200000,Resultado monetario,-585080345.0,N,2026,1,2026-01,balres
AA910,10 PRIMEROS BANCOS PRIVADOS,100041300000,Otros,2136631.0,N,2026,1,2026-01,balres
AA910,10 PRIMEROS BANCOS PRIVADOS,100041400000,Impuesto a las ganancias,-58209797.0,N,2026,1,2026-01,balres
AA910,10 PRIMEROS BANCOS PRIVADOS,100041500000,Otro resultado integral,-47515651.0,N,2026,1,2026-01,balres
AA910,10 PRIMEROS BANCOS PRIVADOS,100050000000,PARTIDAS FUERA DE BALANCE,0.0,N,2026,1,2026-01,balres
AA910,10 PRIMEROS BANCOS PRIVADOS,100050100000,Créditos irrecuperables en partidas fuera del balance,1631408695.0,N,2026,1,2026-01,balres
AA910,10 PRIMEROS BANCOS PRIVADOS,100050200000,Contingentes acreedoras,79420156976.0,N,2026,1,2026-01,balres
AA910,10 PRIMEROS BANCOS PRIVADOS,100050300000,De Control acreedoras,1269122692.0,N,2026,1,2026-01,balres
AA910,10 PRIMEROS BANCOS PRIVADOS,100050400000,De Derivados acreedoras,6048405604.0,N,2026,1,2026-01,balres
AA910,10 PRIMEROS BANCOS PRIVADOS,100050600000,Contingentes deudoras,22260147763.0,N,2026,1,2026-01,balres
AA910,10 PRIMEROS BANCOS PRIVADOS,100050700000,De Control deudoras,241152386950.0,N,2026,1,2026-01,balres
AA910,10 PRIMEROS BANCOS PRIVADOS,100050800000,De Derivados deudoras,7044023847.0,N,2026,1,2026-01,balres
AA910,10 PRIMEROS BANCOS PRIVADOS,100050900000,De Actividad fiduciaria deudoras,196722375.0,N,2026,1,2026-01,balres
00007,BANCO DE GALICIA Y BUENOS AIRES S.A.,800010100010,C1 - Apalancamiento (en veces),4.81,N,2026,1,2026-01,indicad
00007,BANCO DE GALICIA Y BUENOS AIRES S.A.,800010100020,C2 - Pérdida Potencial de Cartera en Situación 2 a 5 (%),13.75,P,2026,1,2026-01,indicad
00007,BANCO DE GALICIA Y BUENOS AIRES S.A.,800010100030,C3 - Pérdida Potencial de Cartera en Situación 3 a 5 (%),2.62,P,2026,1,2026-01,indicad
00007,BANCO DE GALICIA Y BUENOS AIRES S.A.,800010200090,A9 - Total Cartera Irregular / Total Financiaciones (%),7.74,P,2026,1,2026-01,indicad
00007,BANCO DE GALICIA Y BUENOS AIRES S.A.,800010200110,A11 - Cartera Irregular Sector Privado (%),8.0,P,2026,1,2026-01,indicad
00007,BANCO DE GALICIA Y BUENOS AIRES S.A.,800010200120,A12 - Participación Cartera Comercial Sector Privado (%),60.02,P,2026,1,2026-01,indicad
00007,BANCO DE GALICIA Y BUENOS AIRES S.A.,800010200130,A13 - Participación Cartera Consumo Sector Privado (%),39.98,P,2026,1,2026-01,indicad
00007,BANCO DE GALICIA Y BUENOS AIRES S.A.,800010200140,A14 - Previsiones sobre Cartera Irregular Total (%),90.69,P,2026,1,2026-01,indicad
00007,BANCO DE GALICIA Y BUENOS AIRES S.A.,800010200160,A16 - Cartera Irregular Consumo Sector Privado (%),16.22,P,2026,1,2026-01,indicad
00007,BANCO DE GALICIA Y BUENOS AIRES S.A.,800010200170,A17 - Cartera Irregular Comercial Sector Privado (%),2.53,P,2026,1,2026-01,indicad
00007,BANCO DE GALICIA Y BUENOS AIRES S.A.,800010200210,A21 - Posición de Previsiones Mín Sector Priv No Fciero (%),62.73,P,2026,1,2026-01,indicad
00007,BANCO DE GALICIA Y BUENOS AIRES S.A.,800010201030,AG3 - Importancia de Cartera Vencida del Sector Privado (%),3.96,P,2026,1,2026-01,indicad
00007,BANCO DE GALICIA Y BUENOS AIRES S.A.,800010201290,AG29 - Efectivo y Depósito en Bancos / Activo (%),25.71,P,2026,1,2026-01,indicad
00007,BANCO DE GALICIA Y BUENOS AIRES S.A.,800010300010,E1 - Absorción de Gastos de Ad. con Volúmen de Negocio (%),4.45,P,2026,1,2026-01,indicad
00007,BANCO DE GALICIA Y BUENOS AIRES S.A.,800010300020,E2 - Margen de Rentabilidad Operat./Gastos de Estructura (%),39.7,P,2026,1,2026-01,indicad
00007,BANCO DE GALICIA Y BUENOS AIRES S.A.,800010300040,E4 - Depósitos por Empleado (en millones de pesos),3961.68,N,2026,1,2026-01,indicad
00007,BANCO DE GALICIA Y BUENOS AIRES S.A.,800010300050,E5 - Financiaciones por Empleado (en millones de pesos),2882.97,N,2026,1,2026-01,indicad
00007,BANCO DE GALICIA Y BUENOS AIRES S.A.,800010400010,R1 - Rendimiento Anual del Patrimonio ( ROE) (%),-3.02,P,2026,1,2026-01,indicad
00007,BANCO DE GALICIA Y BUENOS AIRES S.A.,800010400020,R2 - Rendimiento Ordinario del Patrimonio (%),12.46,P,2026,1,2026-01,indicad
00007,BANCO DE GALICIA Y BUENOS AIRES S.A.,800010400080,R8 - Tasa Implicita Préstamos Totales (%),33.43,P,2026,1,2026-01,indicad
00007,BANCO DE GALICIA Y BUENOS AIRES S.A.,800010400090,R9 - Tasa Implicita Depósitos Totales (%),12.22,P,2026,1,2026-01,indicad
00007,BANCO DE GALICIA Y BUENOS AIRES S.A.,800010400170,R17 - Gastos en Personal / Gastos de Administración (%),44.63,P,2026,1,2026-01,indicad
00007,BANCO DE GALICIA Y BUENOS AIRES S.A.,800010401010,RG1 - Retorno sobre Activos ( ROA) (%),-0.54,P,2026,1,2026-01,indicad
00007,BANCO DE GALICIA Y BUENOS AIRES S.A.,800010401020,RG2_II - Margen Financiero en Términos de Activo (%),12.98,P,2026,1,2026-01,indicad
00007,BANCO DE GALICIA Y BUENOS AIRES S.A.,800010401030,RG3 - Cargos por Incobrabilidad / Activo  (%),-5.64,P,2026,1,2026-01,indicad
00007,BANCO DE GALICIA Y BUENOS AIRES S.A.,800010401040,RG4_II - Resultados por Servicios / Activo (%),2.22,P,2026,1,2026-01,indicad
00007,BANCO DE GALICIA Y BUENOS AIRES S.A.,800010401050,RG5 - Gastos de Administración / Activo  (%),-5.64,P,2026,1,2026-01,indicad
00007,BANCO DE GALICIA Y BUENOS AIRES S.A.,800010401150,RG15 - Retorno sobre Activos (ROA) antes Imp. de Gcias (%),-0.87,P,2026,1,2026-01,indicad
00007,BANCO DE GALICIA Y BUENOS AIRES S.A.,800010500010,"L1-Liquidez Tit c/cot, POS. CALL, LELIQ, LEFIs (netas) (%)",41.77,P,2026,1,2026-01,indicad
00007,BANCO DE GALICIA Y BUENOS AIRES S.A.,800010500080,L8_II - Liquidez con títulos con cotiz (%),40.74,P,2026,1,2026-01,indicad
00007,BANCO DE GALICIA Y BUENOS AIRES S.A.,800010500090,"L9 -Liq LELIQ, PASES y LEFIs (netos pases activos BCRA) (%)",37.45,P,2026,1,2026-01,indicad
00011,BANCO DE LA NACION ARGENTINA,800010100010,C1 - Apalancamiento (en veces),2.2,N,2026,1,2026-01,indicad
00011,BANCO DE LA NACION ARGENTINA,800010100020,C2 - Pérdida Potencial de Cartera en Situación 2 a 5 (%),2.82,P,2026,1,2026-01,indicad
00011,BANCO DE LA NACION ARGENTINA,800010100030,C3 - Pérdida Potencial de Cartera en Situación 3 a 5 (%),-1.08,P,2026,1,2026-01,indicad
00011,BANCO DE LA NACION ARGENTINA,800010200090,A9 - Total Cartera Irregular / Total Financiaciones (%),4.38,P,2026,1,2026-01,indicad
00011,BANCO DE LA NACION ARGENTINA,800010200110,A11 - Cartera Irregular Sector Privado (%),4.59,P,2026,1,2026-01,indicad
00011,BANCO DE LA NACION ARGENTINA,800010200120,A12 - Participación Cartera Comercial Sector Privado (%),53.72,P,2026,1,2026-01,indicad
00011,BANCO DE LA NACION ARGENTINA,800010200130,A13 - Participación Cartera Consumo Sector Privado (%),46.3,P,2026,1,2026-01,indicad
00011,BANCO DE LA NACION ARGENTINA,800010200140,A14 - Previsiones sobre Cartera Irregular Total (%),118.53,P,2026,1,2026-01,indicad
00011,BANCO DE LA NACION ARGENTINA,800010200160,A16 - Cartera Irregular Consumo Sector Privado (%),6.8,P,2026,1,2026-01,indicad
00011,BANCO DE LA NACION ARGENTINA,800010200170,A17 - Cartera Irregular Comercial Sector Privado (%),2.69,P,2026,1,2026-01,indicad
00011,BANCO DE LA NACION ARGENTINA,800010200210,A21 - Posición de Previsiones Mín Sector Priv No Fciero (%),91.74,P,2026,1,2026-01,indicad
00011,BANCO DE LA NACION ARGENTINA,800010201030,AG3 - Importancia de Cartera Vencida del Sector Privado (%),2.1,P,2026,1,2026-01,indicad
00011,BANCO DE LA NACION ARGENTINA,800010201290,AG29 - Efectivo y Depósito en Bancos / Activo (%),10.75,P,2026,1,2026-01,indicad
00011,BANCO DE LA NACION ARGENTINA,800010300010,E1 - Absorción de Gastos de Ad. con Volúmen de Negocio (%),3.62,P,2026,1,2026-01,indicad
00011,BANCO DE LA NACION ARGENTINA,800010300020,E2 - Margen de Rentabilidad Operat./Gastos de Estructura (%),204.31,P,2026,1,2026-01,indicad
00011,BANCO DE LA NACION ARGENTINA,800010300040,E4 - Depósitos por Empleado (en millones de pesos),2874.17,N,2026,1,2026-01,indicad
00011,BANCO DE LA NACION ARGENTINA,800010300050,E5 - Financiaciones por Empleado (en millones de pesos),1447.38,N,2026,1,2026-01,indicad
00011,BANCO DE LA NACION ARGENTINA,800010400010,R1 - Rendimiento Anual del Patrimonio ( ROE) (%),3.6,P,2026,1,2026-01,indicad
00011,BANCO DE LA NACION ARGENTINA,800010400020,R2 - Rendimiento Ordinario del Patrimonio (%),23.86,P,2026,1,2026-01,indicad
00011,BANCO DE LA NACION ARGENTINA,800010400080,R8 - Tasa Implicita Préstamos Totales (%),34.72,P,2026,1,2026-01,indicad
00011,BANCO DE LA NACION ARGENTINA,800010400090,R9 - Tasa Implicita Depósitos Totales (%),17.51,P,2026,1,2026-01,indicad
00011,BANCO DE LA NACION ARGENTINA,800010400170,R17 - Gastos en Personal / Gastos de Administración (%),72.35,P,2026,1,2026-01,indicad
00011,BANCO DE LA NACION ARGENTINA,800010401010,RG1 - Retorno sobre Activos ( ROA) (%),1.1,P,2026,1,2026-01,indicad
00011,BANCO DE LA NACION ARGENTINA,800010401020,RG2_II - Margen Financiero en Términos de Activo (%),14.23,P,2026,1,2026-01,indicad
00011,BANCO DE LA NACION ARGENTINA,800010401030,RG3 - Cargos por Incobrabilidad / Activo  (%),-2.25,P,2026,1,2026-01,indicad
00011,BANCO DE LA NACION ARGENTINA,800010401040,RG4_II - Resultados por Servicios / Activo (%),-0.07,P,2026,1,2026-01,indicad
00011,BANCO DE LA NACION ARGENTINA,800010401050,RG5 - Gastos de Administración / Activo  (%),-3.56,P,2026,1,2026-01,indicad
00011,BANCO DE LA NACION ARGENTINA,800010401150,RG15 - Retorno sobre Activos (ROA) antes Imp. de Gcias (%),0.8,P,2026,1,2026-01,indicad
00011,BANCO DE LA NACION ARGENTINA,800010500010,"L1-Liquidez Tit c/cot, POS. CALL, LELIQ, LEFIs (netas) (%)",18.3,P,2026,1,2026-01,indicad
00011,BANCO DE LA NACION ARGENTINA,800010500080,L8_II - Liquidez con títulos con cotiz (%),16.8,P,2026,1,2026-01,indicad
00011,BANCO DE LA NACION ARGENTINA,800010500090,"L9 -Liq LELIQ, PASES y LEFIs (netos pases activos BCRA) (%)",20.04,P,2026,1,2026-01,indicad
00014,BANCO DE LA PROVINCIA DE BUENOS AIRES,800010100010,C1 - Apalancamiento (en veces),3.84,N,2026,1,2026-01,indicad
00014,BANCO DE LA PROVINCIA DE BUENOS AIRES,800010100020,C2 - Pérdida Potencial de Cartera en Situación 2 a 5 (%),20.12,P,2026,1,2026-01,indicad
00014,BANCO DE LA PROVINCIA DE BUENOS AIRES,800010100030,C3 - Pérdida Potencial de Cartera en Situación 3 a 5 (%),10.31,P,2026,1,2026-01,indicad
00014,BANCO DE LA PROVINCIA DE BUENOS AIRES,800010200090,A9 - Total Cartera Irregular / Total Financiaciones (%),10.04,P,2026,1,2026-01,indicad
00014,BANCO DE LA PROVINCIA DE BUENOS AIRES,800010200110,A11 - Cartera Irregular Sector Privado (%),10.06,P,2026,1,2026-01,indicad
00014,BANCO DE LA PROVINCIA DE BUENOS AIRES,800010200120,A12 - Participación Cartera Comercial Sector Privado (%),43.98,P,2026,1,2026-01,indicad
00014,BANCO DE LA PROVINCIA DE BUENOS AIRES,800010200130,A13 - Participación Cartera Consumo Sector Privado (%),56.02,P,2026,1,2026-01,indicad
00014,BANCO DE LA PROVINCIA DE BUENOS AIRES,800010200140,A14 - Previsiones sobre Cartera Irregular Total (%),59.8,P,2026,1,2026-01,indicad
00014,BANCO DE LA PROVINCIA DE BUENOS AIRES,800010200160,A16 - Cartera Irregular Consumo Sector Privado (%),12.53,P,2026,1,2026-01,indicad
00014,BANCO DE LA PROVINCIA DE BUENOS AIRES,800010200170,A17 - Cartera Irregular Comercial Sector Privado (%),6.92,P,2026,1,2026-01,indicad
00014,BANCO DE LA PROVINCIA DE BUENOS AIRES,800010200210,A21 - Posición de Previsiones Mín Sector Priv No Fciero (%),18.68,P,2026,1,2026-01,indicad
00014,BANCO DE LA PROVINCIA DE BUENOS AIRES,800010201030,AG3 - Importancia de Cartera Vencida del Sector Privado (%),5.63,P,2026,1,2026-01,indicad
00014,BANCO DE LA PROVINCIA DE BUENOS AIRES,800010201290,AG29 - Efectivo y Depósito en Bancos / Activo (%),14.91,P,2026,1,2026-01,indicad
00014,BANCO DE LA PROVINCIA DE BUENOS AIRES,800010300010,E1 - Absorción de Gastos de Ad. con Volúmen de Negocio (%),7.96,P,2026,1,2026-01,indicad
00014,BANCO DE LA PROVINCIA DE BUENOS AIRES,800010300020,E2 - Margen de Rentabilidad Operat./Gastos de Estructura (%),20.63,P,2026,1,2026-01,indicad
00014,BANCO DE LA PROVINCIA DE BUENOS AIRES,800010300040,E4 - Depósitos por Empleado (en millones de pesos),1413.37,N,2026,1,2026-01,indicad
00014,BANCO DE LA PROVINCIA DE BUENOS AIRES,800010300050,E5 - Financiaciones por Empleado (en millones de pesos),861.72,N,2026,1,2026-01,indicad
00014,BANCO DE LA PROVINCIA DE BUENOS AIRES,800010400010,R1 - Rendimiento Anual del Patrimonio ( ROE) (%),0.71,P,2026,1,2026-01,indicad
00014,BANCO DE LA PROVINCIA DE BUENOS AIRES,800010400020,R2 - Rendimiento Ordinario del Patrimonio (%),9.2,P,2026,1,2026-01,indicad
00014,BANCO DE LA PROVINCIA DE BUENOS AIRES,800010400080,R8 - Tasa Implicita Préstamos Totales (%),41.39,P,2026,1,2026-01,indicad
00014,BANCO DE LA PROVINCIA DE BUENOS AIRES,800010400090,R9 - Tasa Implicita Depósitos Totales (%),15.58,P,2026,1,2026-01,indicad
00014,BANCO DE LA PROVINCIA DE BUENOS AIRES,800010400170,R17 - Gastos en Personal / Gastos de Administración (%),79.54,P,2026,1,2026-01,indicad
00014,BANCO DE LA PROVINCIA DE BUENOS AIRES,800010401010,RG1 - Retorno sobre Activos ( ROA) (%),0.15,P,2026,1,2026-01,indicad
00014,BANCO DE LA PROVINCIA DE BUENOS AIRES,800010401020,RG2_II - Margen Financiero en Términos de Activo (%),13.56,P,2026,1,2026-01,indicad
00014,BANCO DE LA PROVINCIA DE BUENOS AIRES,800010401030,RG3 - Cargos por Incobrabilidad / Activo  (%),-2.9,P,2026,1,2026-01,indicad
00014,BANCO DE LA PROVINCIA DE BUENOS AIRES,800010401040,RG4_II - Resultados por Servicios / Activo (%),0.63,P,2026,1,2026-01,indicad
00014,BANCO DE LA PROVINCIA DE BUENOS AIRES,800010401050,RG5 - Gastos de Administración / Activo  (%),-9.36,P,2026,1,2026-01,indicad
00014,BANCO DE LA PROVINCIA DE BUENOS AIRES,800010401150,RG15 - Retorno sobre Activos (ROA) antes Imp. de Gcias (%),0.15,P,2026,1,2026-01,indicad
00014,BANCO DE LA PROVINCIA DE BUENOS AIRES,800010500010,"L1-Liquidez Tit c/cot, POS. CALL, LELIQ, LEFIs (netas) (%)",27.26,P,2026,1,2026-01,indicad
00014,BANCO DE LA PROVINCIA DE BUENOS AIRES,800010500080,L8_II - Liquidez con títulos con cotiz (%),27.28,P,2026,1,2026-01,indicad
00014,BANCO DE LA PROVINCIA DE BUENOS AIRES,800010500090,"L9 -Liq LELIQ, PASES y LEFIs (netos pases activos BCRA) (%)",20.68,P,2026,1,2026-01,indicad
00015,INDUSTRIAL AND COMMERCIAL BANK OF CHINA (ARGENTINA) S.A.U.,800010100010,C1 - Apalancamiento (en veces),4.61,N,2026,1,2026-01,indicad
00015,INDUSTRIAL AND COMMERCIAL BANK OF CHINA (ARGENTINA) S.A.U.,800010100020,C2 - Pérdida Potencial de Cartera en Situación 2 a 5 (%),6.9,P,2026,1,2026-01,indicad
00015,INDUSTRIAL AND COMMERCIAL BANK OF CHINA (ARGENTINA) S.A.U.,800010100030,C3 - Pérdida Potencial de Cartera en Situación 3 a 5 (%),0.16,P,2026,1,2026-01,indicad
00015,INDUSTRIAL AND COMMERCIAL BANK OF CHINA (ARGENTINA) S.A.U.,800010200090,A9 - Total Cartera Irregular / Total Financiaciones (%),2.68,P,2026,1,2026-01,indicad
00015,INDUSTRIAL AND COMMERCIAL BANK OF CHINA (ARGENTINA) S.A.U.,800010200110,A11 - Cartera Irregular Sector Privado (%),2.71,P,2026,1,2026-01,indicad
00015,INDUSTRIAL AND COMMERCIAL BANK OF CHINA (ARGENTINA) S.A.U.,800010200120,A12 - Participación Cartera Comercial Sector Privado (%),70.73,P,2026,1,2026-01,indicad
00015,INDUSTRIAL AND COMMERCIAL BANK OF CHINA (ARGENTINA) S.A.U.,800010200130,A13 - Participación Cartera Consumo Sector Privado (%),29.27,P,2026,1,2026-01,indicad
00015,INDUSTRIAL AND COMMERCIAL BANK OF CHINA (ARGENTINA) S.A.U.,800010200140,A14 - Previsiones sobre Cartera Irregular Total (%),98.28,P,2026,1,2026-01,indicad
00015,INDUSTRIAL AND COMMERCIAL BANK OF CHINA (ARGENTINA) S.A.U.,800010200160,A16 - Cartera Irregular Consumo Sector Privado (%),7.88,P,2026,1,2026-01,indicad
00015,INDUSTRIAL AND COMMERCIAL BANK OF CHINA (ARGENTINA) S.A.U.,800010200170,A17 - Cartera Irregular Comercial Sector Privado (%),0.57,P,2026,1,2026-01,indicad
00015,INDUSTRIAL AND COMMERCIAL BANK OF CHINA (ARGENTINA) S.A.U.,800010200210,A21 - Posición de Previsiones Mín Sector Priv No Fciero (%),54.26,P,2026,1,2026-01,indicad
00015,INDUSTRIAL AND COMMERCIAL BANK OF CHINA (ARGENTINA) S.A.U.,800010201030,AG3 - Importancia de Cartera Vencida del Sector Privado (%),2.11,P,2026,1,2026-01,indicad
00015,INDUSTRIAL AND COMMERCIAL BANK OF CHINA (ARGENTINA) S.A.U.,800010201290,AG29 - Efectivo y Depósito en Bancos / Activo (%),18.05,P,2026,1,2026-01,indicad
00015,INDUSTRIAL AND COMMERCIAL BANK OF CHINA (ARGENTINA) S.A.U.,800010300010,E1 - Absorción de Gastos de Ad. con Volúmen de Negocio (%),5.45,P,2026,1,2026-01,indicad
00015,INDUSTRIAL AND COMMERCIAL BANK OF CHINA (ARGENTINA) S.A.U.,800010300020,E2 - Margen de Rentabilidad Operat./Gastos de Estructura (%),28.01,P,2026,1,2026-01,indicad
00015,INDUSTRIAL AND COMMERCIAL BANK OF CHINA (ARGENTINA) S.A.U.,800010300040,E4 - Depósitos por Empleado (en millones de pesos),2016.15,N,2026,1,2026-01,indicad
00015,INDUSTRIAL AND COMMERCIAL BANK OF CHINA (ARGENTINA) S.A.U.,800010300050,E5 - Financiaciones por Empleado (en millones de pesos),1817.08,N,2026,1,2026-01,indicad
00015,INDUSTRIAL AND COMMERCIAL BANK OF CHINA (ARGENTINA) S.A.U.,800010400010,R1 - Rendimiento Anual del Patrimonio ( ROE) (%),1.6,P,2026,1,2026-01,indicad
00015,INDUSTRIAL AND COMMERCIAL BANK OF CHINA (ARGENTINA) S.A.U.,800010400020,R2 - Rendimiento Ordinario del Patrimonio (%),9.42,P,2026,1,2026-01,indicad
00015,INDUSTRIAL AND COMMERCIAL BANK OF CHINA (ARGENTINA) S.A.U.,800010400080,R8 - Tasa Implicita Préstamos Totales (%),27.33,P,2026,1,2026-01,indicad
00015,INDUSTRIAL AND COMMERCIAL BANK OF CHINA (ARGENTINA) S.A.U.,800010400090,R9 - Tasa Implicita Depósitos Totales (%),15.3,P,2026,1,2026-01,indicad
00015,INDUSTRIAL AND COMMERCIAL BANK OF CHINA (ARGENTINA) S.A.U.,800010400170,R17 - Gastos en Personal / Gastos de Administración (%),44.13,P,2026,1,2026-01,indicad
00015,INDUSTRIAL AND COMMERCIAL BANK OF CHINA (ARGENTINA) S.A.U.,800010401010,RG1 - Retorno sobre Activos ( ROA) (%),0.3,P,2026,1,2026-01,indicad
00015,INDUSTRIAL AND COMMERCIAL BANK OF CHINA (ARGENTINA) S.A.U.,800010401020,RG2_II - Margen Financiero en Términos de Activo (%),13.75,P,2026,1,2026-01,indicad
00015,INDUSTRIAL AND COMMERCIAL BANK OF CHINA (ARGENTINA) S.A.U.,800010401030,RG3 - Cargos por Incobrabilidad / Activo  (%),-5.7,P,2026,1,2026-01,indicad
00015,INDUSTRIAL AND COMMERCIAL BANK OF CHINA (ARGENTINA) S.A.U.,800010401040,RG4_II - Resultados por Servicios / Activo (%),1.37,P,2026,1,2026-01,indicad
00015,INDUSTRIAL AND COMMERCIAL BANK OF CHINA (ARGENTINA) S.A.U.,800010401050,RG5 - Gastos de Administración / Activo  (%),-6.24,P,2026,1,2026-01,indicad
00015,INDUSTRIAL AND COMMERCIAL BANK OF CHINA (ARGENTINA) S.A.U.,800010401150,RG15 - Retorno sobre Activos (ROA) antes Imp. de Gcias (%),0.8,P,2026,1,2026-01,indicad
00015,INDUSTRIAL AND COMMERCIAL BANK OF CHINA (ARGENTINA) S.A.U.,800010500010,"L1-Liquidez Tit c/cot, POS. CALL, LELIQ, LEFIs (netas) (%)",41.8,P,2026,1,2026-01,indicad
00015,INDUSTRIAL AND COMMERCIAL BANK OF CHINA (ARGENTINA) S.A.U.,800010500080,L8_II - Liquidez con títulos con cotiz (%),41.76,P,2026,1,2026-01,indicad
00015,INDUSTRIAL AND COMMERCIAL BANK OF CHINA (ARGENTINA) S.A.U.,800010500090,"L9 -Liq LELIQ, PASES y LEFIs (netos pases activos BCRA) (%)",32.2,P,2026,1,2026-01,indicad
00016,CITIBANK N.A.,800010100010,C1 - Apalancamiento (en veces),1.46,N,2026,1,2026-01,indicad
00016,CITIBANK N.A.,800010100020,C2 - Pérdida Potencial de Cartera en Situación 2 a 5 (%),-4.01,P,2026,1,2026-01,indicad
00016,CITIBANK N.A.,800010100030,C3 - Pérdida Potencial de Cartera en Situación 3 a 5 (%),-4.01,P,2026,1,2026-01,indicad
00016,CITIBANK N.A.,800010200090,A9 - Total Cartera Irregular / Total Financiaciones (%),0.0,P,2026,1,2026-01,indicad
00016,CITIBANK N.A.,800010200110,A11 - Cartera Irregular Sector Privado (%),0.0,P,2026,1,2026-01,indicad
00016,CITIBANK N.A.,800010200120,A12 - Participación Cartera Comercial Sector Privado (%),106.06,P,2026,1,2026-01,indicad
00016,CITIBANK N.A.,800010200130,A13 - Participación Cartera Consumo Sector Privado (%),0.0,P,2026,1,2026-01,indicad
00016,CITIBANK N.A.,800010200140,A14 - Previsiones sobre Cartera Irregular Total (%),0.0,P,2026,1,2026-01,indicad
00016,CITIBANK N.A.,800010200160,A16 - Cartera Irregular Consumo Sector Privado (%),0.0,P,2026,1,2026-01,indicad
00016,CITIBANK N.A.,800010200170,A17 - Cartera Irregular Comercial Sector Privado (%),0.0,P,2026,1,2026-01,indicad
00016,CITIBANK N.A.,800010200210,A21 - Posición de Previsiones Mín Sector Priv No Fciero (%),527.44,P,2026,1,2026-01,indicad
00016,CITIBANK N.A.,800010201030,AG3 - Importancia de Cartera Vencida del Sector Privado (%),0.0,P,2026,1,2026-01,indicad
00016,CITIBANK N.A.,800010201290,AG29 - Efectivo y Depósito en Bancos / Activo (%),22.61,P,2026,1,2026-01,indicad
00016,CITIBANK N.A.,800010300010,E1 - Absorción de Gastos de Ad. con Volúmen de Negocio (%),13.83,P,2026,1,2026-01,indicad
00016,CITIBANK N.A.,800010300020,E2 - Margen de Rentabilidad Operat./Gastos de Estructura (%),165.41,P,2026,1,2026-01,indicad
00016,CITIBANK N.A.,800010300040,E4 - Depósitos por Empleado (en millones de pesos),2467.43,N,2026,1,2026-01,indicad
00016,CITIBANK N.A.,800010300050,E5 - Financiaciones por Empleado (en millones de pesos),1074.12,N,2026,1,2026-01,indicad
00016,CITIBANK N.A.,800010400010,R1 - Rendimiento Anual del Patrimonio ( ROE) (%),7.0,P,2026,1,2026-01,indicad
00016,CITIBANK N.A.,800010400020,R2 - Rendimiento Ordinario del Patrimonio (%),37.2,P,2026,1,2026-01,indicad
00016,CITIBANK N.A.,800010400080,R8 - Tasa Implicita Préstamos Totales (%),39.94,P,2026,1,2026-01,indicad
00016,CITIBANK N.A.,800010400090,R9 - Tasa Implicita Depósitos Totales (%),0.95,P,2026,1,2026-01,indicad
00016,CITIBANK N.A.,800010400170,R17 - Gastos en Personal / Gastos de Administración (%),37.13,P,2026,1,2026-01,indicad
00016,CITIBANK N.A.,800010401010,RG1 - Retorno sobre Activos ( ROA) (%),2.81,P,2026,1,2026-01,indicad
00016,CITIBANK N.A.,800010401020,RG2_II - Margen Financiero en Términos de Activo (%),22.36,P,2026,1,2026-01,indicad
00016,CITIBANK N.A.,800010401030,RG3 - Cargos por Incobrabilidad / Activo  (%),-0.21,P,2026,1,2026-01,indicad
00016,CITIBANK N.A.,800010401040,RG4_II - Resultados por Servicios / Activo (%),3.12,P,2026,1,2026-01,indicad
00016,CITIBANK N.A.,800010401050,RG5 - Gastos de Administración / Activo  (%),-9.05,P,2026,1,2026-01,indicad
00016,CITIBANK N.A.,800010401150,RG15 - Retorno sobre Activos (ROA) antes Imp. de Gcias (%),5.26,P,2026,1,2026-01,indicad
00016,CITIBANK N.A.,800010500010,"L1-Liquidez Tit c/cot, POS. CALL, LELIQ, LEFIs (netas) (%)",106.67,P,2026,1,2026-01,indicad
00016,CITIBANK N.A.,800010500080,L8_II - Liquidez con títulos con cotiz (%),105.87,P,2026,1,2026-01,indicad
00016,CITIBANK N.A.,800010500090,"L9 -Liq LELIQ, PASES y LEFIs (netos pases activos BCRA) (%)",56.53,P,2026,1,2026-01,indicad
00017,BANCO BBVA ARGENTINA S.A.,800010100010,C1 - Apalancamiento (en veces),5.77,N,2026,1,2026-01,indicad
00017,BANCO BBVA ARGENTINA S.A.,800010100020,C2 - Pérdida Potencial de Cartera en Situación 2 a 5 (%),10.91,P,2026,1,2026-01,indicad
00017,BANCO BBVA ARGENTINA S.A.,800010100030,C3 - Pérdida Potencial de Cartera en Situación 3 a 5 (%),1.67,P,2026,1,2026-01,indicad
00017,BANCO BBVA ARGENTINA S.A.,800010200090,A9 - Total Cartera Irregular / Total Financiaciones (%),5.36,P,2026,1,2026-01,indicad
00017,BANCO BBVA ARGENTINA S.A.,800010200110,A11 - Cartera Irregular Sector Privado (%),5.53,P,2026,1,2026-01,indicad
00017,BANCO BBVA ARGENTINA S.A.,800010200120,A12 - Participación Cartera Comercial Sector Privado (%),59.21,P,2026,1,2026-01,indicad
00017,BANCO BBVA ARGENTINA S.A.,800010200130,A13 - Participación Cartera Consumo Sector Privado (%),40.79,P,2026,1,2026-01,indicad
00017,BANCO BBVA ARGENTINA S.A.,800010200140,A14 - Previsiones sobre Cartera Irregular Total (%),92.39,P,2026,1,2026-01,indicad
00017,BANCO BBVA ARGENTINA S.A.,800010200160,A16 - Cartera Irregular Consumo Sector Privado (%),11.58,P,2026,1,2026-01,indicad
00017,BANCO BBVA ARGENTINA S.A.,800010200170,A17 - Cartera Irregular Comercial Sector Privado (%),1.36,P,2026,1,2026-01,indicad
00017,BANCO BBVA ARGENTINA S.A.,800010200210,A21 - Posición de Previsiones Mín Sector Priv No Fciero (%),56.92,P,2026,1,2026-01,indicad
00017,BANCO BBVA ARGENTINA S.A.,800010201030,AG3 - Importancia de Cartera Vencida del Sector Privado (%),4.86,P,2026,1,2026-01,indicad
00017,BANCO BBVA ARGENTINA S.A.,800010201290,AG29 - Efectivo y Depósito en Bancos / Activo (%),18.5,P,2026,1,2026-01,indicad
00017,BANCO BBVA ARGENTINA S.A.,800010300010,E1 - Absorción de Gastos de Ad. con Volúmen de Negocio (%),4.54,P,2026,1,2026-01,indicad
00017,BANCO BBVA ARGENTINA S.A.,800010300020,E2 - Margen de Rentabilidad Operat./Gastos de Estructura (%),52.6,P,2026,1,2026-01,indicad
00017,BANCO BBVA ARGENTINA S.A.,800010300040,E4 - Depósitos por Empleado (en millones de pesos),2598.51,N,2026,1,2026-01,indicad
00017,BANCO BBVA ARGENTINA S.A.,800010300050,E5 - Financiaciones por Empleado (en millones de pesos),1978.99,N,2026,1,2026-01,indicad
00017,BANCO BBVA ARGENTINA S.A.,800010400010,R1 - Rendimiento Anual del Patrimonio ( ROE) (%),3.62,P,2026,1,2026-01,indicad
00017,BANCO BBVA ARGENTINA S.A.,800010400020,R2 - Rendimiento Ordinario del Patrimonio (%),20.92,P,2026,1,2026-01,indicad
00017,BANCO BBVA ARGENTINA S.A.,800010400080,R8 - Tasa Implicita Préstamos Totales (%),32.41,P,2026,1,2026-01,indicad
00017,BANCO BBVA ARGENTINA S.A.,800010400090,R9 - Tasa Implicita Depósitos Totales (%),14.97,P,2026,1,2026-01,indicad
00017,BANCO BBVA ARGENTINA S.A.,800010400170,R17 - Gastos en Personal / Gastos de Administración (%),45.32,P,2026,1,2026-01,indicad
00017,BANCO BBVA ARGENTINA S.A.,800010401010,RG1 - Retorno sobre Activos ( ROA) (%),0.55,P,2026,1,2026-01,indicad
00017,BANCO BBVA ARGENTINA S.A.,800010401020,RG2_II - Margen Financiero en Términos de Activo (%),12.87,P,2026,1,2026-01,indicad
00017,BANCO BBVA ARGENTINA S.A.,800010401030,RG3 - Cargos por Incobrabilidad / Activo  (%),-3.74,P,2026,1,2026-01,indicad
00017,BANCO BBVA ARGENTINA S.A.,800010401040,RG4_II - Resultados por Servicios / Activo (%),2.31,P,2026,1,2026-01,indicad
00017,BANCO BBVA ARGENTINA S.A.,800010401050,RG5 - Gastos de Administración / Activo  (%),-6.03,P,2026,1,2026-01,indicad
00017,BANCO BBVA ARGENTINA S.A.,800010401150,RG15 - Retorno sobre Activos (ROA) antes Imp. de Gcias (%),0.94,P,2026,1,2026-01,indicad
00017,BANCO BBVA ARGENTINA S.A.,800010500010,"L1-Liquidez Tit c/cot, POS. CALL, LELIQ, LEFIs (netas) (%)",27.37,P,2026,1,2026-01,indicad
00017,BANCO BBVA ARGENTINA S.A.,800010500080,L8_II - Liquidez con títulos con cotiz (%),27.01,P,2026,1,2026-01,indicad
00017,BANCO BBVA ARGENTINA S.A.,800010500090,"L9 -Liq LELIQ, PASES y LEFIs (netos pases activos BCRA) (%)",25.78,P,2026,1,2026-01,indicad
00020,BANCO DE LA PROVINCIA DE CORDOBA S.A.,800010100010,C1 - Apalancamiento (en veces),5.99,N,2026,1,2026-01,indicad
00020,BANCO DE LA PROVINCIA DE CORDOBA S.A.,800010100020,C2 - Pérdida Potencial de Cartera en Situación 2 a 5 (%),23.49,P,2026,1,2026-01,indicad
00020,BANCO DE LA PROVINCIA DE CORDOBA S.A.,800010100030,C3 - Pérdida Potencial de Cartera en Situación 3 a 5 (%),11.81,P,2026,1,2026-01,indicad
00020,BANCO DE LA PROVINCIA DE CORDOBA S.A.,800010200090,A9 - Total Cartera Irregular / Total Financiaciones (%),8.33,P,2026,1,2026-01,indicad
00020,BANCO DE LA PROVINCIA DE CORDOBA S.A.,800010200110,A11 - Cartera Irregular Sector Privado (%),8.52,P,2026,1,2026-01,indicad
00020,BANCO DE LA PROVINCIA DE CORDOBA S.A.,800010200120,A12 - Participación Cartera Comercial Sector Privado (%),27.12,P,2026,1,2026-01,indicad
00020,BANCO DE LA PROVINCIA DE CORDOBA S.A.,800010200130,A13 - Participación Cartera Consumo Sector Privado (%),72.88,P,2026,1,2026-01,indicad
00020,BANCO DE LA PROVINCIA DE CORDOBA S.A.,800010200140,A14 - Previsiones sobre Cartera Irregular Total (%),66.6,P,2026,1,2026-01,indicad
00020,BANCO DE LA PROVINCIA DE CORDOBA S.A.,800010200160,A16 - Cartera Irregular Consumo Sector Privado (%),9.47,P,2026,1,2026-01,indicad
00020,BANCO DE LA PROVINCIA DE CORDOBA S.A.,800010200170,A17 - Cartera Irregular Comercial Sector Privado (%),5.96,P,2026,1,2026-01,indicad
00020,BANCO DE LA PROVINCIA DE CORDOBA S.A.,800010200210,A21 - Posición de Previsiones Mín Sector Priv No Fciero (%),16.14,P,2026,1,2026-01,indicad
00020,BANCO DE LA PROVINCIA DE CORDOBA S.A.,800010201030,AG3 - Importancia de Cartera Vencida del Sector Privado (%),6.59,P,2026,1,2026-01,indicad
00020,BANCO DE LA PROVINCIA DE CORDOBA S.A.,800010201290,AG29 - Efectivo y Depósito en Bancos / Activo (%),8.77,P,2026,1,2026-01,indicad
00020,BANCO DE LA PROVINCIA DE CORDOBA S.A.,800010300010,E1 - Absorción de Gastos de Ad. con Volúmen de Negocio (%),7.9,P,2026,1,2026-01,indicad
00020,BANCO DE LA PROVINCIA DE CORDOBA S.A.,800010300020,E2 - Margen de Rentabilidad Operat./Gastos de Estructura (%),-15.32,P,2026,1,2026-01,indicad
00020,BANCO DE LA PROVINCIA DE CORDOBA S.A.,800010300040,E4 - Depósitos por Empleado (en millones de pesos),2446.15,N,2026,1,2026-01,indicad
00020,BANCO DE LA PROVINCIA DE CORDOBA S.A.,800010300050,E5 - Financiaciones por Empleado (en millones de pesos),1354.22,N,2026,1,2026-01,indicad
00020,BANCO DE LA PROVINCIA DE CORDOBA S.A.,800010400010,R1 - Rendimiento Anual del Patrimonio ( ROE) (%),-10.08,P,2026,1,2026-01,indicad
00020,BANCO DE LA PROVINCIA DE CORDOBA S.A.,800010400020,R2 - Rendimiento Ordinario del Patrimonio (%),-9.77,P,2026,1,2026-01,indicad
00020,BANCO DE LA PROVINCIA DE CORDOBA S.A.,800010400080,R8 - Tasa Implicita Préstamos Totales (%),49.06,P,2026,1,2026-01,indicad
00020,BANCO DE LA PROVINCIA DE CORDOBA S.A.,800010400090,R9 - Tasa Implicita Depósitos Totales (%),22.56,P,2026,1,2026-01,indicad
00020,BANCO DE LA PROVINCIA DE CORDOBA S.A.,800010400170,R17 - Gastos en Personal / Gastos de Administración (%),42.25,P,2026,1,2026-01,indicad
00020,BANCO DE LA PROVINCIA DE CORDOBA S.A.,800010401010,RG1 - Retorno sobre Activos ( ROA) (%),-1.41,P,2026,1,2026-01,indicad
00020,BANCO DE LA PROVINCIA DE CORDOBA S.A.,800010401020,RG2_II - Margen Financiero en Términos de Activo (%),10.07,P,2026,1,2026-01,indicad
00020,BANCO DE LA PROVINCIA DE CORDOBA S.A.,800010401030,RG3 - Cargos por Incobrabilidad / Activo  (%),-3.22,P,2026,1,2026-01,indicad
00020,BANCO DE LA PROVINCIA DE CORDOBA S.A.,800010401040,RG4_II - Resultados por Servicios / Activo (%),2.6,P,2026,1,2026-01,indicad
00020,BANCO DE LA PROVINCIA DE CORDOBA S.A.,800010401050,RG5 - Gastos de Administración / Activo  (%),-8.9,P,2026,1,2026-01,indicad
00020,BANCO DE LA PROVINCIA DE CORDOBA S.A.,800010401150,RG15 - Retorno sobre Activos (ROA) antes Imp. de Gcias (%),-3.11,P,2026,1,2026-01,indicad
00020,BANCO DE LA PROVINCIA DE CORDOBA S.A.,800010500010,"L1-Liquidez Tit c/cot, POS. CALL, LELIQ, LEFIs (netas) (%)",38.4,P,2026,1,2026-01,indicad
00020,BANCO DE LA PROVINCIA DE CORDOBA S.A.,800010500080,L8_II - Liquidez con títulos con cotiz (%),38.54,P,2026,1,2026-01,indicad
00020,BANCO DE LA PROVINCIA DE CORDOBA S.A.,800010500090,"L9 -Liq LELIQ, PASES y LEFIs (netos pases activos BCRA) (%)",11.5,P,2026,1,2026-01,indicad
00027,BANCO SUPERVIELLE S.A.,800010100010,C1 - Apalancamiento (en veces),8.26,N,2026,1,2026-01,indicad
00027,BANCO SUPERVIELLE S.A.,800010100020,C2 - Pérdida Potencial de Cartera en Situación 2 a 5 (%),17.6,P,2026,1,2026-01,indicad
00027,BANCO SUPERVIELLE S.A.,800010100030,C3 - Pérdida Potencial de Cartera en Situación 3 a 5 (%),-1.18,P,2026,1,2026-01,indicad
00027,BANCO SUPERVIELLE S.A.,800010200090,A9 - Total Cartera Irregular / Total Financiaciones (%),5.76,P,2026,1,2026-01,indicad
00027,BANCO SUPERVIELLE S.A.,800010200110,A11 - Cartera Irregular Sector Privado (%),6.16,P,2026,1,2026-01,indicad
00027,BANCO SUPERVIELLE S.A.,800010200120,A12 - Participación Cartera Comercial Sector Privado (%),68.49,P,2026,1,2026-01,indicad
00027,BANCO SUPERVIELLE S.A.,800010200130,A13 - Participación Cartera Consumo Sector Privado (%),31.52,P,2026,1,2026-01,indicad
00027,BANCO SUPERVIELLE S.A.,800010200140,A14 - Previsiones sobre Cartera Irregular Total (%),103.15,P,2026,1,2026-01,indicad
00027,BANCO SUPERVIELLE S.A.,800010200160,A16 - Cartera Irregular Consumo Sector Privado (%),8.46,P,2026,1,2026-01,indicad
00027,BANCO SUPERVIELLE S.A.,800010200170,A17 - Cartera Irregular Comercial Sector Privado (%),5.1,P,2026,1,2026-01,indicad
00027,BANCO SUPERVIELLE S.A.,800010200210,A21 - Posición de Previsiones Mín Sector Priv No Fciero (%),74.7,P,2026,1,2026-01,indicad
00027,BANCO SUPERVIELLE S.A.,800010201030,AG3 - Importancia de Cartera Vencida del Sector Privado (%),4.25,P,2026,1,2026-01,indicad
00027,BANCO SUPERVIELLE S.A.,800010201290,AG29 - Efectivo y Depósito en Bancos / Activo (%),20.69,P,2026,1,2026-01,indicad
00027,BANCO SUPERVIELLE S.A.,800010300010,E1 - Absorción de Gastos de Ad. con Volúmen de Negocio (%),6.93,P,2026,1,2026-01,indicad
00027,BANCO SUPERVIELLE S.A.,800010300020,E2 - Margen de Rentabilidad Operat./Gastos de Estructura (%),-16.95,P,2026,1,2026-01,indicad
00027,BANCO SUPERVIELLE S.A.,800010300040,E4 - Depósitos por Empleado (en millones de pesos),1713.8,N,2026,1,2026-01,indicad
00027,BANCO SUPERVIELLE S.A.,800010300050,E5 - Financiaciones por Empleado (en millones de pesos),1167.12,N,2026,1,2026-01,indicad
00027,BANCO SUPERVIELLE S.A.,800010400010,R1 - Rendimiento Anual del Patrimonio ( ROE) (%),-16.46,P,2026,1,2026-01,indicad
00027,BANCO SUPERVIELLE S.A.,800010400020,R2 - Rendimiento Ordinario del Patrimonio (%),-11.64,P,2026,1,2026-01,indicad
00027,BANCO SUPERVIELLE S.A.,800010400080,R8 - Tasa Implicita Préstamos Totales (%),39.07,P,2026,1,2026-01,indicad
00027,BANCO SUPERVIELLE S.A.,800010400090,R9 - Tasa Implicita Depósitos Totales (%),15.75,P,2026,1,2026-01,indicad
00027,BANCO SUPERVIELLE S.A.,800010400170,R17 - Gastos en Personal / Gastos de Administración (%),53.76,P,2026,1,2026-01,indicad
00027,BANCO SUPERVIELLE S.A.,800010401010,RG1 - Retorno sobre Activos ( ROA) (%),-2.0,P,2026,1,2026-01,indicad
00027,BANCO SUPERVIELLE S.A.,800010401020,RG2_II - Margen Financiero en Términos de Activo (%),10.99,P,2026,1,2026-01,indicad
00027,BANCO SUPERVIELLE S.A.,800010401030,RG3 - Cargos por Incobrabilidad / Activo  (%),-4.02,P,2026,1,2026-01,indicad
00027,BANCO SUPERVIELLE S.A.,800010401040,RG4_II - Resultados por Servicios / Activo (%),1.65,P,2026,1,2026-01,indicad
00027,BANCO SUPERVIELLE S.A.,800010401050,RG5 - Gastos de Administración / Activo  (%),-8.33,P,2026,1,2026-01,indicad
00027,BANCO SUPERVIELLE S.A.,800010401150,RG15 - Retorno sobre Activos (ROA) antes Imp. de Gcias (%),-3.24,P,2026,1,2026-01,indicad
00027,BANCO SUPERVIELLE S.A.,800010500010,"L1-Liquidez Tit c/cot, POS. CALL, LELIQ, LEFIs (netas) (%)",30.74,P,2026,1,2026-01,indicad
00027,BANCO SUPERVIELLE S.A.,800010500080,L8_II - Liquidez con títulos con cotiz (%),32.15,P,2026,1,2026-01,indicad
00027,BANCO SUPERVIELLE S.A.,800010500090,"L9 -Liq LELIQ, PASES y LEFIs (netos pases activos BCRA) (%)",29.38,P,2026,1,2026-01,indicad
00029,BANCO DE LA CIUDAD DE BUENOS AIRES,800010100010,C1 - Apalancamiento (en veces),3.37,N,2026,1,2026-01,indicad
00029,BANCO DE LA CIUDAD DE BUENOS AIRES,800010100020,C2 - Pérdida Potencial de Cartera en Situación 2 a 5 (%),5.72,P,2026,1,2026-01,indicad
00029,BANCO DE LA CIUDAD DE BUENOS AIRES,800010100030,C3 - Pérdida Potencial de Cartera en Situación 3 a 5 (%),1.89,P,2026,1,2026-01,indicad
00029,BANCO DE LA CIUDAD DE BUENOS AIRES,800010200090,A9 - Total Cartera Irregular / Total Financiaciones (%),3.92,P,2026,1,2026-01,indicad
00029,BANCO DE LA CIUDAD DE BUENOS AIRES,800010200110,A11 - Cartera Irregular Sector Privado (%),4.12,P,2026,1,2026-01,indicad
00029,BANCO DE LA CIUDAD DE BUENOS AIRES,800010200120,A12 - Participación Cartera Comercial Sector Privado (%),43.96,P,2026,1,2026-01,indicad
00029,BANCO DE LA CIUDAD DE BUENOS AIRES,800010200130,A13 - Participación Cartera Consumo Sector Privado (%),56.04,P,2026,1,2026-01,indicad
00029,BANCO DE LA CIUDAD DE BUENOS AIRES,800010200140,A14 - Previsiones sobre Cartera Irregular Total (%),72.49,P,2026,1,2026-01,indicad
00029,BANCO DE LA CIUDAD DE BUENOS AIRES,800010200160,A16 - Cartera Irregular Consumo Sector Privado (%),5.23,P,2026,1,2026-01,indicad
00029,BANCO DE LA CIUDAD DE BUENOS AIRES,800010200170,A17 - Cartera Irregular Comercial Sector Privado (%),2.71,P,2026,1,2026-01,indicad
00029,BANCO DE LA CIUDAD DE BUENOS AIRES,800010200210,A21 - Posición de Previsiones Mín Sector Priv No Fciero (%),7.45,P,2026,1,2026-01,indicad
00029,BANCO DE LA CIUDAD DE BUENOS AIRES,800010201030,AG3 - Importancia de Cartera Vencida del Sector Privado (%),2.94,P,2026,1,2026-01,indicad
00029,BANCO DE LA CIUDAD DE BUENOS AIRES,800010201290,AG29 - Efectivo y Depósito en Bancos / Activo (%),20.34,P,2026,1,2026-01,indicad
00029,BANCO DE LA CIUDAD DE BUENOS AIRES,800010300010,E1 - Absorción de Gastos de Ad. con Volúmen de Negocio (%),4.82,P,2026,1,2026-01,indicad
00029,BANCO DE LA CIUDAD DE BUENOS AIRES,800010300020,E2 - Margen de Rentabilidad Operat./Gastos de Estructura (%),170.92,P,2026,1,2026-01,indicad
00029,BANCO DE LA CIUDAD DE BUENOS AIRES,800010300040,E4 - Depósitos por Empleado (en millones de pesos),2646.94,N,2026,1,2026-01,indicad
00029,BANCO DE LA CIUDAD DE BUENOS AIRES,800010300050,E5 - Financiaciones por Empleado (en millones de pesos),1093.86,N,2026,1,2026-01,indicad
00029,BANCO DE LA CIUDAD DE BUENOS AIRES,800010400010,R1 - Rendimiento Anual del Patrimonio ( ROE) (%),7.09,P,2026,1,2026-01,indicad
00029,BANCO DE LA CIUDAD DE BUENOS AIRES,800010400020,R2 - Rendimiento Ordinario del Patrimonio (%),36.42,P,2026,1,2026-01,indicad
00029,BANCO DE LA CIUDAD DE BUENOS AIRES,800010400080,R8 - Tasa Implicita Préstamos Totales (%),35.24,P,2026,1,2026-01,indicad
00029,BANCO DE LA CIUDAD DE BUENOS AIRES,800010400090,R9 - Tasa Implicita Depósitos Totales (%),11.41,P,2026,1,2026-01,indicad
00029,BANCO DE LA CIUDAD DE BUENOS AIRES,800010400170,R17 - Gastos en Personal / Gastos de Administración (%),58.65,P,2026,1,2026-01,indicad
00029,BANCO DE LA CIUDAD DE BUENOS AIRES,800010401010,RG1 - Retorno sobre Activos ( ROA) (%),1.59,P,2026,1,2026-01,indicad
00029,BANCO DE LA CIUDAD DE BUENOS AIRES,800010401020,RG2_II - Margen Financiero en Términos de Activo (%),14.82,P,2026,1,2026-01,indicad
00029,BANCO DE LA CIUDAD DE BUENOS AIRES,800010401030,RG3 - Cargos por Incobrabilidad / Activo  (%),-0.94,P,2026,1,2026-01,indicad
00029,BANCO DE LA CIUDAD DE BUENOS AIRES,800010401040,RG4_II - Resultados por Servicios / Activo (%),0.26,P,2026,1,2026-01,indicad
00029,BANCO DE LA CIUDAD DE BUENOS AIRES,800010401050,RG5 - Gastos de Administración / Activo  (%),-4.79,P,2026,1,2026-01,indicad
00029,BANCO DE LA CIUDAD DE BUENOS AIRES,800010401150,RG15 - Retorno sobre Activos (ROA) antes Imp. de Gcias (%),3.05,P,2026,1,2026-01,indicad
00029,BANCO DE LA CIUDAD DE BUENOS AIRES,800010500010,"L1-Liquidez Tit c/cot, POS. CALL, LELIQ, LEFIs (netas) (%)",29.07,P,2026,1,2026-01,indicad
00029,BANCO DE LA CIUDAD DE BUENOS AIRES,800010500080,L8_II - Liquidez con títulos con cotiz (%),29.07,P,2026,1,2026-01,indicad
00029,BANCO DE LA CIUDAD DE BUENOS AIRES,800010500090,"L9 -Liq LELIQ, PASES y LEFIs (netos pases activos BCRA) (%)",29.94,P,2026,1,2026-01,indicad
00034,BANCO PATAGONIA S.A.,800010100010,C1 - Apalancamiento (en veces),4.09,N,2026,1,2026-01,indicad
00034,BANCO PATAGONIA S.A.,800010100020,C2 - Pérdida Potencial de Cartera en Situación 2 a 5 (%),3.81,P,2026,1,2026-01,indicad
00034,BANCO PATAGONIA S.A.,800010100030,C3 - Pérdida Potencial de Cartera en Situación 3 a 5 (%),1.05,P,2026,1,2026-01,indicad
00034,BANCO PATAGONIA S.A.,800010200090,A9 - Total Cartera Irregular / Total Financiaciones (%),2.39,P,2026,1,2026-01,indicad
00034,BANCO PATAGONIA S.A.,800010200110,A11 - Cartera Irregular Sector Privado (%),2.67,P,2026,1,2026-01,indicad
00034,BANCO PATAGONIA S.A.,800010200120,A12 - Participación Cartera Comercial Sector Privado (%),71.73,P,2026,1,2026-01,indicad
00034,BANCO PATAGONIA S.A.,800010200130,A13 - Participación Cartera Consumo Sector Privado (%),28.27,P,2026,1,2026-01,indicad
00034,BANCO PATAGONIA S.A.,800010200140,A14 - Previsiones sobre Cartera Irregular Total (%),83.44,P,2026,1,2026-01,indicad
00034,BANCO PATAGONIA S.A.,800010200160,A16 - Cartera Irregular Consumo Sector Privado (%),9.07,P,2026,1,2026-01,indicad
00034,BANCO PATAGONIA S.A.,800010200170,A17 - Cartera Irregular Comercial Sector Privado (%),0.15,P,2026,1,2026-01,indicad
00034,BANCO PATAGONIA S.A.,800010200210,A21 - Posición de Previsiones Mín Sector Priv No Fciero (%),8.44,P,2026,1,2026-01,indicad
00034,BANCO PATAGONIA S.A.,800010201030,AG3 - Importancia de Cartera Vencida del Sector Privado (%),2.67,P,2026,1,2026-01,indicad
00034,BANCO PATAGONIA S.A.,800010201290,AG29 - Efectivo y Depósito en Bancos / Activo (%),18.04,P,2026,1,2026-01,indicad
00034,BANCO PATAGONIA S.A.,800010300010,E1 - Absorción de Gastos de Ad. con Volúmen de Negocio (%),4.67,P,2026,1,2026-01,indicad
00034,BANCO PATAGONIA S.A.,800010300020,E2 - Margen de Rentabilidad Operat./Gastos de Estructura (%),114.16,P,2026,1,2026-01,indicad
00034,BANCO PATAGONIA S.A.,800010300040,E4 - Depósitos por Empleado (en millones de pesos),2085.08,N,2026,1,2026-01,indicad
00034,BANCO PATAGONIA S.A.,800010300050,E5 - Financiaciones por Empleado (en millones de pesos),1396.74,N,2026,1,2026-01,indicad
00034,BANCO PATAGONIA S.A.,800010400010,R1 - Rendimiento Anual del Patrimonio ( ROE) (%),3.72,P,2026,1,2026-01,indicad
00034,BANCO PATAGONIA S.A.,800010400020,R2 - Rendimiento Ordinario del Patrimonio (%),30.82,P,2026,1,2026-01,indicad
00034,BANCO PATAGONIA S.A.,800010400080,R8 - Tasa Implicita Préstamos Totales (%),38.46,P,2026,1,2026-01,indicad
00034,BANCO PATAGONIA S.A.,800010400090,R9 - Tasa Implicita Depósitos Totales (%),20.16,P,2026,1,2026-01,indicad
00034,BANCO PATAGONIA S.A.,800010400170,R17 - Gastos en Personal / Gastos de Administración (%),57.4,P,2026,1,2026-01,indicad
00034,BANCO PATAGONIA S.A.,800010401010,RG1 - Retorno sobre Activos ( ROA) (%),0.75,P,2026,1,2026-01,indicad
00034,BANCO PATAGONIA S.A.,800010401020,RG2_II - Margen Financiero en Términos de Activo (%),13.29,P,2026,1,2026-01,indicad
00034,BANCO PATAGONIA S.A.,800010401030,RG3 - Cargos por Incobrabilidad / Activo  (%),-1.15,P,2026,1,2026-01,indicad
00034,BANCO PATAGONIA S.A.,800010401040,RG4_II - Resultados por Servicios / Activo (%),1.19,P,2026,1,2026-01,indicad
00034,BANCO PATAGONIA S.A.,800010401050,RG5 - Gastos de Administración / Activo  (%),-5.44,P,2026,1,2026-01,indicad
00034,BANCO PATAGONIA S.A.,800010401150,RG15 - Retorno sobre Activos (ROA) antes Imp. de Gcias (%),1.42,P,2026,1,2026-01,indicad
00034,BANCO PATAGONIA S.A.,800010500010,"L1-Liquidez Tit c/cot, POS. CALL, LELIQ, LEFIs (netas) (%)",28.59,P,2026,1,2026-01,indicad
00034,BANCO PATAGONIA S.A.,800010500080,L8_II - Liquidez con títulos con cotiz (%),27.37,P,2026,1,2026-01,indicad
00034,BANCO PATAGONIA S.A.,800010500090,"L9 -Liq LELIQ, PASES y LEFIs (netos pases activos BCRA) (%)",27.0,P,2026,1,2026-01,indicad
00044,BANCO HIPOTECARIO S.A.,800010100010,C1 - Apalancamiento (en veces),4.28,N,2026,1,2026-01,indicad
00044,BANCO HIPOTECARIO S.A.,800010100020,C2 - Pérdida Potencial de Cartera en Situación 2 a 5 (%),7.53,P,2026,1,2026-01,indicad
00044,BANCO HIPOTECARIO S.A.,800010100030,C3 - Pérdida Potencial de Cartera en Situación 3 a 5 (%),0.56,P,2026,1,2026-01,indicad
00044,BANCO HIPOTECARIO S.A.,800010200090,A9 - Total Cartera Irregular / Total Financiaciones (%),7.64,P,2026,1,2026-01,indicad
00044,BANCO HIPOTECARIO S.A.,800010200110,A11 - Cartera Irregular Sector Privado (%),8.13,P,2026,1,2026-01,indicad
00044,BANCO HIPOTECARIO S.A.,800010200120,A12 - Participación Cartera Comercial Sector Privado (%),42.73,P,2026,1,2026-01,indicad
00044,BANCO HIPOTECARIO S.A.,800010200130,A13 - Participación Cartera Consumo Sector Privado (%),57.27,P,2026,1,2026-01,indicad
00044,BANCO HIPOTECARIO S.A.,800010200140,A14 - Previsiones sobre Cartera Irregular Total (%),96.79,P,2026,1,2026-01,indicad
00044,BANCO HIPOTECARIO S.A.,800010200160,A16 - Cartera Irregular Consumo Sector Privado (%),12.59,P,2026,1,2026-01,indicad
00044,BANCO HIPOTECARIO S.A.,800010200170,A17 - Cartera Irregular Comercial Sector Privado (%),2.16,P,2026,1,2026-01,indicad
00044,BANCO HIPOTECARIO S.A.,800010200210,A21 - Posición de Previsiones Mín Sector Priv No Fciero (%),92.97,P,2026,1,2026-01,indicad
00044,BANCO HIPOTECARIO S.A.,800010201030,AG3 - Importancia de Cartera Vencida del Sector Privado (%),7.25,P,2026,1,2026-01,indicad
00044,BANCO HIPOTECARIO S.A.,800010201290,AG29 - Efectivo y Depósito en Bancos / Activo (%),15.0,P,2026,1,2026-01,indicad
00044,BANCO HIPOTECARIO S.A.,800010300010,E1 - Absorción de Gastos de Ad. con Volúmen de Negocio (%),6.23,P,2026,1,2026-01,indicad
00044,BANCO HIPOTECARIO S.A.,800010300020,E2 - Margen de Rentabilidad Operat./Gastos de Estructura (%),5.09,P,2026,1,2026-01,indicad
00044,BANCO HIPOTECARIO S.A.,800010300040,E4 - Depósitos por Empleado (en millones de pesos),1516.86,N,2026,1,2026-01,indicad
00044,BANCO HIPOTECARIO S.A.,800010300050,E5 - Financiaciones por Empleado (en millones de pesos),798.34,N,2026,1,2026-01,indicad
00044,BANCO HIPOTECARIO S.A.,800010400010,R1 - Rendimiento Anual del Patrimonio ( ROE) (%),0.33,P,2026,1,2026-01,indicad
00044,BANCO HIPOTECARIO S.A.,800010400020,R2 - Rendimiento Ordinario del Patrimonio (%),1.7,P,2026,1,2026-01,indicad
00044,BANCO HIPOTECARIO S.A.,800010400080,R8 - Tasa Implicita Préstamos Totales (%),35.16,P,2026,1,2026-01,indicad
00044,BANCO HIPOTECARIO S.A.,800010400090,R9 - Tasa Implicita Depósitos Totales (%),22.08,P,2026,1,2026-01,indicad
00044,BANCO HIPOTECARIO S.A.,800010400170,R17 - Gastos en Personal / Gastos de Administración (%),68.28,P,2026,1,2026-01,indicad
00044,BANCO HIPOTECARIO S.A.,800010401010,RG1 - Retorno sobre Activos ( ROA) (%),0.06,P,2026,1,2026-01,indicad
00044,BANCO HIPOTECARIO S.A.,800010401020,RG2_II - Margen Financiero en Términos de Activo (%),8.09,P,2026,1,2026-01,indicad
00044,BANCO HIPOTECARIO S.A.,800010401030,RG3 - Cargos por Incobrabilidad / Activo  (%),-2.89,P,2026,1,2026-01,indicad
00044,BANCO HIPOTECARIO S.A.,800010401040,RG4_II - Resultados por Servicios / Activo (%),1.74,P,2026,1,2026-01,indicad
00044,BANCO HIPOTECARIO S.A.,800010401050,RG5 - Gastos de Administración / Activo  (%),-5.71,P,2026,1,2026-01,indicad
00044,BANCO HIPOTECARIO S.A.,800010401150,RG15 - Retorno sobre Activos (ROA) antes Imp. de Gcias (%),-1.66,P,2026,1,2026-01,indicad
00044,BANCO HIPOTECARIO S.A.,800010500010,"L1-Liquidez Tit c/cot, POS. CALL, LELIQ, LEFIs (netas) (%)",37.31,P,2026,1,2026-01,indicad
00044,BANCO HIPOTECARIO S.A.,800010500080,L8_II - Liquidez con títulos con cotiz (%),37.02,P,2026,1,2026-01,indicad
00044,BANCO HIPOTECARIO S.A.,800010500090,"L9 -Liq LELIQ, PASES y LEFIs (netos pases activos BCRA) (%)",21.54,P,2026,1,2026-01,indicad
00045,BANCO DE SAN JUAN S.A.,800010100010,C1 - Apalancamiento (en veces),3.91,N,2026,1,2026-01,indicad
00045,BANCO DE SAN JUAN S.A.,800010100020,C2 - Pérdida Potencial de Cartera en Situación 2 a 5 (%),4.04,P,2026,1,2026-01,indicad
00045,BANCO DE SAN JUAN S.A.,800010100030,C3 - Pérdida Potencial de Cartera en Situación 3 a 5 (%),-0.5,P,2026,1,2026-01,indicad
00045,BANCO DE SAN JUAN S.A.,800010200090,A9 - Total Cartera Irregular / Total Financiaciones (%),3.2,P,2026,1,2026-01,indicad
00045,BANCO DE SAN JUAN S.A.,800010200110,A11 - Cartera Irregular Sector Privado (%),3.7,P,2026,1,2026-01,indicad
00045,BANCO DE SAN JUAN S.A.,800010200120,A12 - Participación Cartera Comercial Sector Privado (%),63.67,P,2026,1,2026-01,indicad
00045,BANCO DE SAN JUAN S.A.,800010200130,A13 - Participación Cartera Consumo Sector Privado (%),36.33,P,2026,1,2026-01,indicad
00045,BANCO DE SAN JUAN S.A.,800010200140,A14 - Previsiones sobre Cartera Irregular Total (%),106.01,P,2026,1,2026-01,indicad
00045,BANCO DE SAN JUAN S.A.,800010200160,A16 - Cartera Irregular Consumo Sector Privado (%),6.08,P,2026,1,2026-01,indicad
00045,BANCO DE SAN JUAN S.A.,800010200170,A17 - Cartera Irregular Comercial Sector Privado (%),2.35,P,2026,1,2026-01,indicad
00045,BANCO DE SAN JUAN S.A.,800010200210,A21 - Posición de Previsiones Mín Sector Priv No Fciero (%),48.38,P,2026,1,2026-01,indicad
00045,BANCO DE SAN JUAN S.A.,800010201030,AG3 - Importancia de Cartera Vencida del Sector Privado (%),3.7,P,2026,1,2026-01,indicad
00045,BANCO DE SAN JUAN S.A.,800010201290,AG29 - Efectivo y Depósito en Bancos / Activo (%),4.43,P,2026,1,2026-01,indicad
00045,BANCO DE SAN JUAN S.A.,800010300010,E1 - Absorción de Gastos de Ad. con Volúmen de Negocio (%),8.16,P,2026,1,2026-01,indicad
00045,BANCO DE SAN JUAN S.A.,800010300020,E2 - Margen de Rentabilidad Operat./Gastos de Estructura (%),40.16,P,2026,1,2026-01,indicad
00045,BANCO DE SAN JUAN S.A.,800010300040,E4 - Depósitos por Empleado (en millones de pesos),2349.64,N,2026,1,2026-01,indicad
00045,BANCO DE SAN JUAN S.A.,800010300050,E5 - Financiaciones por Empleado (en millones de pesos),1305.26,N,2026,1,2026-01,indicad
00045,BANCO DE SAN JUAN S.A.,800010400010,R1 - Rendimiento Anual del Patrimonio ( ROE) (%),4.7,P,2026,1,2026-01,indicad
00045,BANCO DE SAN JUAN S.A.,800010400020,R2 - Rendimiento Ordinario del Patrimonio (%),17.52,P,2026,1,2026-01,indicad
00045,BANCO DE SAN JUAN S.A.,800010400080,R8 - Tasa Implicita Préstamos Totales (%),46.68,P,2026,1,2026-01,indicad
00045,BANCO DE SAN JUAN S.A.,800010400090,R9 - Tasa Implicita Depósitos Totales (%),19.47,P,2026,1,2026-01,indicad
00045,BANCO DE SAN JUAN S.A.,800010400170,R17 - Gastos en Personal / Gastos de Administración (%),39.32,P,2026,1,2026-01,indicad
00045,BANCO DE SAN JUAN S.A.,800010401010,RG1 - Retorno sobre Activos ( ROA) (%),0.97,P,2026,1,2026-01,indicad
00045,BANCO DE SAN JUAN S.A.,800010401020,RG2_II - Margen Financiero en Términos de Activo (%),15.25,P,2026,1,2026-01,indicad
00045,BANCO DE SAN JUAN S.A.,800010401030,RG3 - Cargos por Incobrabilidad / Activo  (%),-1.97,P,2026,1,2026-01,indicad
00045,BANCO DE SAN JUAN S.A.,800010401040,RG4_II - Resultados por Servicios / Activo (%),0.87,P,2026,1,2026-01,indicad
00045,BANCO DE SAN JUAN S.A.,800010401050,RG5 - Gastos de Administración / Activo  (%),-8.98,P,2026,1,2026-01,indicad
00045,BANCO DE SAN JUAN S.A.,800010401150,RG15 - Retorno sobre Activos (ROA) antes Imp. de Gcias (%),1.26,P,2026,1,2026-01,indicad
00045,BANCO DE SAN JUAN S.A.,800010500010,"L1-Liquidez Tit c/cot, POS. CALL, LELIQ, LEFIs (netas) (%)",17.55,P,2026,1,2026-01,indicad
00045,BANCO DE SAN JUAN S.A.,800010500080,L8_II - Liquidez con títulos con cotiz (%),17.91,P,2026,1,2026-01,indicad
00045,BANCO DE SAN JUAN S.A.,800010500090,"L9 -Liq LELIQ, PASES y LEFIs (netos pases activos BCRA) (%)",6.22,P,2026,1,2026-01,indicad
00065,BANCO MUNICIPAL DE ROSARIO,800010100010,C1 - Apalancamiento (en veces),3.33,N,2026,1,2026-01,indicad
00065,BANCO MUNICIPAL DE ROSARIO,800010100020,C2 - Pérdida Potencial de Cartera en Situación 2 a 5 (%),8.42,P,2026,1,2026-01,indicad
00065,BANCO MUNICIPAL DE ROSARIO,800010100030,C3 - Pérdida Potencial de Cartera en Situación 3 a 5 (%),2.15,P,2026,1,2026-01,indicad
00065,BANCO MUNICIPAL DE ROSARIO,800010200090,A9 - Total Cartera Irregular / Total Financiaciones (%),3.83,P,2026,1,2026-01,indicad
00065,BANCO MUNICIPAL DE ROSARIO,800010200110,A11 - Cartera Irregular Sector Privado (%),3.87,P,2026,1,2026-01,indicad
00065,BANCO MUNICIPAL DE ROSARIO,800010200120,A12 - Participación Cartera Comercial Sector Privado (%),21.1,P,2026,1,2026-01,indicad
00065,BANCO MUNICIPAL DE ROSARIO,800010200130,A13 - Participación Cartera Consumo Sector Privado (%),78.9,P,2026,1,2026-01,indicad
00065,BANCO MUNICIPAL DE ROSARIO,800010200140,A14 - Previsiones sobre Cartera Irregular Total (%),74.21,P,2026,1,2026-01,indicad
00065,BANCO MUNICIPAL DE ROSARIO,800010200160,A16 - Cartera Irregular Consumo Sector Privado (%),3.97,P,2026,1,2026-01,indicad
00065,BANCO MUNICIPAL DE ROSARIO,800010200170,A17 - Cartera Irregular Comercial Sector Privado (%),3.5,P,2026,1,2026-01,indicad
00065,BANCO MUNICIPAL DE ROSARIO,800010200210,A21 - Posición de Previsiones Mín Sector Priv No Fciero (%),1.17,P,2026,1,2026-01,indicad
00065,BANCO MUNICIPAL DE ROSARIO,800010201030,AG3 - Importancia de Cartera Vencida del Sector Privado (%),2.22,P,2026,1,2026-01,indicad
00065,BANCO MUNICIPAL DE ROSARIO,800010201290,AG29 - Efectivo y Depósito en Bancos / Activo (%),13.68,P,2026,1,2026-01,indicad
00065,BANCO MUNICIPAL DE ROSARIO,800010300010,E1 - Absorción de Gastos de Ad. con Volúmen de Negocio (%),11.58,P,2026,1,2026-01,indicad
00065,BANCO MUNICIPAL DE ROSARIO,800010300020,E2 - Margen de Rentabilidad Operat./Gastos de Estructura (%),42.6,P,2026,1,2026-01,indicad
00065,BANCO MUNICIPAL DE ROSARIO,800010300040,E4 - Depósitos por Empleado (en millones de pesos),869.14,N,2026,1,2026-01,indicad
00065,BANCO MUNICIPAL DE ROSARIO,800010300050,E5 - Financiaciones por Empleado (en millones de pesos),554.89,N,2026,1,2026-01,indicad
00065,BANCO MUNICIPAL DE ROSARIO,800010400010,R1 - Rendimiento Anual del Patrimonio ( ROE) (%),1.53,P,2026,1,2026-01,indicad
00065,BANCO MUNICIPAL DE ROSARIO,800010400020,R2 - Rendimiento Ordinario del Patrimonio (%),23.73,P,2026,1,2026-01,indicad
00065,BANCO MUNICIPAL DE ROSARIO,800010400080,R8 - Tasa Implicita Préstamos Totales (%),50.25,P,2026,1,2026-01,indicad
00065,BANCO MUNICIPAL DE ROSARIO,800010400090,R9 - Tasa Implicita Depósitos Totales (%),13.74,P,2026,1,2026-01,indicad
00065,BANCO MUNICIPAL DE ROSARIO,800010400170,R17 - Gastos en Personal / Gastos de Administración (%),53.66,P,2026,1,2026-01,indicad
00065,BANCO MUNICIPAL DE ROSARIO,800010401010,RG1 - Retorno sobre Activos ( ROA) (%),0.38,P,2026,1,2026-01,indicad
00065,BANCO MUNICIPAL DE ROSARIO,800010401020,RG2_II - Margen Financiero en Términos de Activo (%),21.54,P,2026,1,2026-01,indicad
00065,BANCO MUNICIPAL DE ROSARIO,800010401030,RG3 - Cargos por Incobrabilidad / Activo  (%),-1.07,P,2026,1,2026-01,indicad
00065,BANCO MUNICIPAL DE ROSARIO,800010401040,RG4_II - Resultados por Servicios / Activo (%),1.93,P,2026,1,2026-01,indicad
00065,BANCO MUNICIPAL DE ROSARIO,800010401050,RG5 - Gastos de Administración / Activo  (%),-13.67,P,2026,1,2026-01,indicad
00065,BANCO MUNICIPAL DE ROSARIO,800010401150,RG15 - Retorno sobre Activos (ROA) antes Imp. de Gcias (%),0.8,P,2026,1,2026-01,indicad
00065,BANCO MUNICIPAL DE ROSARIO,800010500010,"L1-Liquidez Tit c/cot, POS. CALL, LELIQ, LEFIs (netas) (%)",27.11,P,2026,1,2026-01,indicad
00065,BANCO MUNICIPAL DE ROSARIO,800010500080,L8_II - Liquidez con títulos con cotiz (%),19.94,P,2026,1,2026-01,indicad
00065,BANCO MUNICIPAL DE ROSARIO,800010500090,"L9 -Liq LELIQ, PASES y LEFIs (netos pases activos BCRA) (%)",37.36,P,2026,1,2026-01,indicad
00072,BANCO SANTANDER ARGENTINA S.A.,800010100010,C1 - Apalancamiento (en veces),3.99,N,2026,1,2026-01,indicad
00072,BANCO SANTANDER ARGENTINA S.A.,800010100020,C2 - Pérdida Potencial de Cartera en Situación 2 a 5 (%),13.98,P,2026,1,2026-01,indicad
00072,BANCO SANTANDER ARGENTINA S.A.,800010100030,C3 - Pérdida Potencial de Cartera en Situación 3 a 5 (%),4.08,P,2026,1,2026-01,indicad
00072,BANCO SANTANDER ARGENTINA S.A.,800010200090,A9 - Total Cartera Irregular / Total Financiaciones (%),8.42,P,2026,1,2026-01,indicad
00072,BANCO SANTANDER ARGENTINA S.A.,800010200110,A11 - Cartera Irregular Sector Privado (%),8.5,P,2026,1,2026-01,indicad
00072,BANCO SANTANDER ARGENTINA S.A.,800010200120,A12 - Participación Cartera Comercial Sector Privado (%),50.48,P,2026,1,2026-01,indicad
00072,BANCO SANTANDER ARGENTINA S.A.,800010200130,A13 - Participación Cartera Consumo Sector Privado (%),49.52,P,2026,1,2026-01,indicad
00072,BANCO SANTANDER ARGENTINA S.A.,800010200140,A14 - Previsiones sobre Cartera Irregular Total (%),84.25,P,2026,1,2026-01,indicad
00072,BANCO SANTANDER ARGENTINA S.A.,800010200160,A16 - Cartera Irregular Consumo Sector Privado (%),13.8,P,2026,1,2026-01,indicad
00072,BANCO SANTANDER ARGENTINA S.A.,800010200170,A17 - Cartera Irregular Comercial Sector Privado (%),3.31,P,2026,1,2026-01,indicad
00072,BANCO SANTANDER ARGENTINA S.A.,800010200210,A21 - Posición de Previsiones Mín Sector Priv No Fciero (%),69.79,P,2026,1,2026-01,indicad
00072,BANCO SANTANDER ARGENTINA S.A.,800010201030,AG3 - Importancia de Cartera Vencida del Sector Privado (%),6.71,P,2026,1,2026-01,indicad
00072,BANCO SANTANDER ARGENTINA S.A.,800010201290,AG29 - Efectivo y Depósito en Bancos / Activo (%),22.07,P,2026,1,2026-01,indicad
00072,BANCO SANTANDER ARGENTINA S.A.,800010300010,E1 - Absorción de Gastos de Ad. con Volúmen de Negocio (%),5.55,P,2026,1,2026-01,indicad
00072,BANCO SANTANDER ARGENTINA S.A.,800010300020,E2 - Margen de Rentabilidad Operat./Gastos de Estructura (%),107.86,P,2026,1,2026-01,indicad
00072,BANCO SANTANDER ARGENTINA S.A.,800010300040,E4 - Depósitos por Empleado (en millones de pesos),2980.49,N,2026,1,2026-01,indicad
00072,BANCO SANTANDER ARGENTINA S.A.,800010300050,E5 - Financiaciones por Empleado (en millones de pesos),2141.69,N,2026,1,2026-01,indicad
00072,BANCO SANTANDER ARGENTINA S.A.,800010400010,R1 - Rendimiento Anual del Patrimonio ( ROE) (%),13.23,P,2026,1,2026-01,indicad
00072,BANCO SANTANDER ARGENTINA S.A.,800010400020,R2 - Rendimiento Ordinario del Patrimonio (%),36.75,P,2026,1,2026-01,indicad
00072,BANCO SANTANDER ARGENTINA S.A.,800010400080,R8 - Tasa Implicita Préstamos Totales (%),34.64,P,2026,1,2026-01,indicad
00072,BANCO SANTANDER ARGENTINA S.A.,800010400090,R9 - Tasa Implicita Depósitos Totales (%),11.55,P,2026,1,2026-01,indicad
00072,BANCO SANTANDER ARGENTINA S.A.,800010400170,R17 - Gastos en Personal / Gastos de Administración (%),39.39,P,2026,1,2026-01,indicad
00072,BANCO SANTANDER ARGENTINA S.A.,800010401010,RG1 - Retorno sobre Activos ( ROA) (%),2.44,P,2026,1,2026-01,indicad
00072,BANCO SANTANDER ARGENTINA S.A.,800010401020,RG2_II - Margen Financiero en Términos de Activo (%),15.14,P,2026,1,2026-01,indicad
00072,BANCO SANTANDER ARGENTINA S.A.,800010401030,RG3 - Cargos por Incobrabilidad / Activo  (%),-3.76,P,2026,1,2026-01,indicad
00072,BANCO SANTANDER ARGENTINA S.A.,800010401040,RG4_II - Resultados por Servicios / Activo (%),4.27,P,2026,1,2026-01,indicad
00072,BANCO SANTANDER ARGENTINA S.A.,800010401050,RG5 - Gastos de Administración / Activo  (%),-6.28,P,2026,1,2026-01,indicad
00072,BANCO SANTANDER ARGENTINA S.A.,800010401150,RG15 - Retorno sobre Activos (ROA) antes Imp. de Gcias (%),3.87,P,2026,1,2026-01,indicad
00072,BANCO SANTANDER ARGENTINA S.A.,800010500010,"L1-Liquidez Tit c/cot, POS. CALL, LELIQ, LEFIs (netas) (%)",33.11,P,2026,1,2026-01,indicad
00072,BANCO SANTANDER ARGENTINA S.A.,800010500080,L8_II - Liquidez con títulos con cotiz (%),33.03,P,2026,1,2026-01,indicad
00072,BANCO SANTANDER ARGENTINA S.A.,800010500090,"L9 -Liq LELIQ, PASES y LEFIs (netos pases activos BCRA) (%)",31.93,P,2026,1,2026-01,indicad
00083,BANCO DEL CHUBUT S.A.,800010100010,C1 - Apalancamiento (en veces),2.02,N,2026,1,2026-01,indicad
00083,BANCO DEL CHUBUT S.A.,800010100020,C2 - Pérdida Potencial de Cartera en Situación 2 a 5 (%),22.37,P,2026,1,2026-01,indicad
00083,BANCO DEL CHUBUT S.A.,800010100030,C3 - Pérdida Potencial de Cartera en Situación 3 a 5 (%),10.58,P,2026,1,2026-01,indicad
00083,BANCO DEL CHUBUT S.A.,800010200090,A9 - Total Cartera Irregular / Total Financiaciones (%),9.46,P,2026,1,2026-01,indicad
00083,BANCO DEL CHUBUT S.A.,800010200110,A11 - Cartera Irregular Sector Privado (%),9.62,P,2026,1,2026-01,indicad
00083,BANCO DEL CHUBUT S.A.,800010200120,A12 - Participación Cartera Comercial Sector Privado (%),38.17,P,2026,1,2026-01,indicad
00083,BANCO DEL CHUBUT S.A.,800010200130,A13 - Participación Cartera Consumo Sector Privado (%),61.83,P,2026,1,2026-01,indicad
00083,BANCO DEL CHUBUT S.A.,800010200140,A14 - Previsiones sobre Cartera Irregular Total (%),47.43,P,2026,1,2026-01,indicad
00083,BANCO DEL CHUBUT S.A.,800010200160,A16 - Cartera Irregular Consumo Sector Privado (%),6.28,P,2026,1,2026-01,indicad
00083,BANCO DEL CHUBUT S.A.,800010200170,A17 - Cartera Irregular Comercial Sector Privado (%),15.02,P,2026,1,2026-01,indicad
00083,BANCO DEL CHUBUT S.A.,800010200210,A21 - Posición de Previsiones Mín Sector Priv No Fciero (%),-15.39,P,2026,1,2026-01,indicad
00083,BANCO DEL CHUBUT S.A.,800010201030,AG3 - Importancia de Cartera Vencida del Sector Privado (%),5.14,P,2026,1,2026-01,indicad
00083,BANCO DEL CHUBUT S.A.,800010201290,AG29 - Efectivo y Depósito en Bancos / Activo (%),4.27,P,2026,1,2026-01,indicad
00083,BANCO DEL CHUBUT S.A.,800010300010,E1 - Absorción de Gastos de Ad. con Volúmen de Negocio (%),10.14,P,2026,1,2026-01,indicad
00083,BANCO DEL CHUBUT S.A.,800010300020,E2 - Margen de Rentabilidad Operat./Gastos de Estructura (%),34.38,P,2026,1,2026-01,indicad
00083,BANCO DEL CHUBUT S.A.,800010300040,E4 - Depósitos por Empleado (en millones de pesos),707.36,N,2026,1,2026-01,indicad
00083,BANCO DEL CHUBUT S.A.,800010300050,E5 - Financiaciones por Empleado (en millones de pesos),742.99,N,2026,1,2026-01,indicad
00083,BANCO DEL CHUBUT S.A.,800010400010,R1 - Rendimiento Anual del Patrimonio ( ROE) (%),-2.04,P,2026,1,2026-01,indicad
00083,BANCO DEL CHUBUT S.A.,800010400020,R2 - Rendimiento Ordinario del Patrimonio (%),12.85,P,2026,1,2026-01,indicad
00083,BANCO DEL CHUBUT S.A.,800010400080,R8 - Tasa Implicita Préstamos Totales (%),42.76,P,2026,1,2026-01,indicad
00083,BANCO DEL CHUBUT S.A.,800010400090,R9 - Tasa Implicita Depósitos Totales (%),14.63,P,2026,1,2026-01,indicad
00083,BANCO DEL CHUBUT S.A.,800010400170,R17 - Gastos en Personal / Gastos de Administración (%),71.4,P,2026,1,2026-01,indicad
00083,BANCO DEL CHUBUT S.A.,800010401010,RG1 - Retorno sobre Activos ( ROA) (%),-0.62,P,2026,1,2026-01,indicad
00083,BANCO DEL CHUBUT S.A.,800010401020,RG2_II - Margen Financiero en Términos de Activo (%),20.76,P,2026,1,2026-01,indicad
00083,BANCO DEL CHUBUT S.A.,800010401030,RG3 - Cargos por Incobrabilidad / Activo  (%),-4.49,P,2026,1,2026-01,indicad
00083,BANCO DEL CHUBUT S.A.,800010401040,RG4_II - Resultados por Servicios / Activo (%),1.45,P,2026,1,2026-01,indicad
00083,BANCO DEL CHUBUT S.A.,800010401050,RG5 - Gastos de Administración / Activo  (%),-11.44,P,2026,1,2026-01,indicad
00083,BANCO DEL CHUBUT S.A.,800010401150,RG15 - Retorno sobre Activos (ROA) antes Imp. de Gcias (%),-0.7,P,2026,1,2026-01,indicad
00083,BANCO DEL CHUBUT S.A.,800010500010,"L1-Liquidez Tit c/cot, POS. CALL, LELIQ, LEFIs (netas) (%)",8.71,P,2026,1,2026-01,indicad
00083,BANCO DEL CHUBUT S.A.,800010500080,L8_II - Liquidez con títulos con cotiz (%),6.99,P,2026,1,2026-01,indicad
00083,BANCO DEL CHUBUT S.A.,800010500090,"L9 -Liq LELIQ, PASES y LEFIs (netos pases activos BCRA) (%)",12.21,P,2026,1,2026-01,indicad
00086,BANCO DE SANTA CRUZ S.A.,800010100010,C1 - Apalancamiento (en veces),4.38,N,2026,1,2026-01,indicad
00086,BANCO DE SANTA CRUZ S.A.,800010100020,C2 - Pérdida Potencial de Cartera en Situación 2 a 5 (%),20.44,P,2026,1,2026-01,indicad
00086,BANCO DE SANTA CRUZ S.A.,800010100030,C3 - Pérdida Potencial de Cartera en Situación 3 a 5 (%),-1.35,P,2026,1,2026-01,indicad
00086,BANCO DE SANTA CRUZ S.A.,800010200090,A9 - Total Cartera Irregular / Total Financiaciones (%),4.97,P,2026,1,2026-01,indicad
00086,BANCO DE SANTA CRUZ S.A.,800010200110,A11 - Cartera Irregular Sector Privado (%),5.33,P,2026,1,2026-01,indicad
00086,BANCO DE SANTA CRUZ S.A.,800010200120,A12 - Participación Cartera Comercial Sector Privado (%),56.31,P,2026,1,2026-01,indicad
00086,BANCO DE SANTA CRUZ S.A.,800010200130,A13 - Participación Cartera Consumo Sector Privado (%),43.69,P,2026,1,2026-01,indicad
00086,BANCO DE SANTA CRUZ S.A.,800010200140,A14 - Previsiones sobre Cartera Irregular Total (%),107.51,P,2026,1,2026-01,indicad
00086,BANCO DE SANTA CRUZ S.A.,800010200160,A16 - Cartera Irregular Consumo Sector Privado (%),6.52,P,2026,1,2026-01,indicad
00086,BANCO DE SANTA CRUZ S.A.,800010200170,A17 - Cartera Irregular Comercial Sector Privado (%),4.41,P,2026,1,2026-01,indicad
00086,BANCO DE SANTA CRUZ S.A.,800010200210,A21 - Posición de Previsiones Mín Sector Priv No Fciero (%),82.1,P,2026,1,2026-01,indicad
00086,BANCO DE SANTA CRUZ S.A.,800010201030,AG3 - Importancia de Cartera Vencida del Sector Privado (%),5.33,P,2026,1,2026-01,indicad
00086,BANCO DE SANTA CRUZ S.A.,800010201290,AG29 - Efectivo y Depósito en Bancos / Activo (%),4.77,P,2026,1,2026-01,indicad
00086,BANCO DE SANTA CRUZ S.A.,800010300010,E1 - Absorción de Gastos de Ad. con Volúmen de Negocio (%),9.2,P,2026,1,2026-01,indicad
00086,BANCO DE SANTA CRUZ S.A.,800010300020,E2 - Margen de Rentabilidad Operat./Gastos de Estructura (%),48.0,P,2026,1,2026-01,indicad
00086,BANCO DE SANTA CRUZ S.A.,800010300040,E4 - Depósitos por Empleado (en millones de pesos),1676.43,N,2026,1,2026-01,indicad
00086,BANCO DE SANTA CRUZ S.A.,800010300050,E5 - Financiaciones por Empleado (en millones de pesos),1339.33,N,2026,1,2026-01,indicad
00086,BANCO DE SANTA CRUZ S.A.,800010400010,R1 - Rendimiento Anual del Patrimonio ( ROE) (%),17.33,P,2026,1,2026-01,indicad
00086,BANCO DE SANTA CRUZ S.A.,800010400020,R2 - Rendimiento Ordinario del Patrimonio (%),30.8,P,2026,1,2026-01,indicad
00086,BANCO DE SANTA CRUZ S.A.,800010400080,R8 - Tasa Implicita Préstamos Totales (%),54.51,P,2026,1,2026-01,indicad
00086,BANCO DE SANTA CRUZ S.A.,800010400090,R9 - Tasa Implicita Depósitos Totales (%),20.67,P,2026,1,2026-01,indicad
00086,BANCO DE SANTA CRUZ S.A.,800010400170,R17 - Gastos en Personal / Gastos de Administración (%),41.13,P,2026,1,2026-01,indicad
00086,BANCO DE SANTA CRUZ S.A.,800010401010,RG1 - Retorno sobre Activos ( ROA) (%),3.11,P,2026,1,2026-01,indicad
00086,BANCO DE SANTA CRUZ S.A.,800010401020,RG2_II - Margen Financiero en Términos de Activo (%),21.5,P,2026,1,2026-01,indicad
00086,BANCO DE SANTA CRUZ S.A.,800010401030,RG3 - Cargos por Incobrabilidad / Activo  (%),-3.45,P,2026,1,2026-01,indicad
00086,BANCO DE SANTA CRUZ S.A.,800010401040,RG4_II - Resultados por Servicios / Activo (%),1.68,P,2026,1,2026-01,indicad
00086,BANCO DE SANTA CRUZ S.A.,800010401050,RG5 - Gastos de Administración / Activo  (%),-11.53,P,2026,1,2026-01,indicad
00086,BANCO DE SANTA CRUZ S.A.,800010401150,RG15 - Retorno sobre Activos (ROA) antes Imp. de Gcias (%),3.75,P,2026,1,2026-01,indicad
00086,BANCO DE SANTA CRUZ S.A.,800010500010,"L1-Liquidez Tit c/cot, POS. CALL, LELIQ, LEFIs (netas) (%)",16.87,P,2026,1,2026-01,indicad
00086,BANCO DE SANTA CRUZ S.A.,800010500080,L8_II - Liquidez con títulos con cotiz (%),13.68,P,2026,1,2026-01,indicad
00086,BANCO DE SANTA CRUZ S.A.,800010500090,"L9 -Liq LELIQ, PASES y LEFIs (netos pases activos BCRA) (%)",6.86,P,2026,1,2026-01,indicad
00093,BANCO DE LA PAMPA SA,800010100010,C1 - Apalancamiento (en veces),2.29,N,2026,1,2026-01,indicad
00093,BANCO DE LA PAMPA SA,800010100020,C2 - Pérdida Potencial de Cartera en Situación 2 a 5 (%),5.59,P,2026,1,2026-01,indicad
00093,BANCO DE LA PAMPA SA,800010100030,C3 - Pérdida Potencial de Cartera en Situación 3 a 5 (%),1.74,P,2026,1,2026-01,indicad
00093,BANCO DE LA PAMPA SA,800010200090,A9 - Total Cartera Irregular / Total Financiaciones (%),5.57,P,2026,1,2026-01,indicad
00093,BANCO DE LA PAMPA SA,800010200110,A11 - Cartera Irregular Sector Privado (%),5.64,P,2026,1,2026-01,indicad
00093,BANCO DE LA PAMPA SA,800010200120,A12 - Participación Cartera Comercial Sector Privado (%),56.08,P,2026,1,2026-01,indicad
00093,BANCO DE LA PAMPA SA,800010200130,A13 - Participación Cartera Consumo Sector Privado (%),43.92,P,2026,1,2026-01,indicad
00093,BANCO DE LA PAMPA SA,800010200140,A14 - Previsiones sobre Cartera Irregular Total (%),80.64,P,2026,1,2026-01,indicad
00093,BANCO DE LA PAMPA SA,800010200160,A16 - Cartera Irregular Consumo Sector Privado (%),6.92,P,2026,1,2026-01,indicad
00093,BANCO DE LA PAMPA SA,800010200170,A17 - Cartera Irregular Comercial Sector Privado (%),4.64,P,2026,1,2026-01,indicad
00093,BANCO DE LA PAMPA SA,800010200210,A21 - Posición de Previsiones Mín Sector Priv No Fciero (%),51.82,P,2026,1,2026-01,indicad
00093,BANCO DE LA PAMPA SA,800010201030,AG3 - Importancia de Cartera Vencida del Sector Privado (%),2.88,P,2026,1,2026-01,indicad
00093,BANCO DE LA PAMPA SA,800010201290,AG29 - Efectivo y Depósito en Bancos / Activo (%),11.22,P,2026,1,2026-01,indicad
00093,BANCO DE LA PAMPA SA,800010300010,E1 - Absorción de Gastos de Ad. con Volúmen de Negocio (%),8.85,P,2026,1,2026-01,indicad
00093,BANCO DE LA PAMPA SA,800010300020,E2 - Margen de Rentabilidad Operat./Gastos de Estructura (%),64.27,P,2026,1,2026-01,indicad
00093,BANCO DE LA PAMPA SA,800010300040,E4 - Depósitos por Empleado (en millones de pesos),1221.7,N,2026,1,2026-01,indicad
00093,BANCO DE LA PAMPA SA,800010300050,E5 - Financiaciones por Empleado (en millones de pesos),797.16,N,2026,1,2026-01,indicad
00093,BANCO DE LA PAMPA SA,800010400010,R1 - Rendimiento Anual del Patrimonio ( ROE) (%),0.03,P,2026,1,2026-01,indicad
00093,BANCO DE LA PAMPA SA,800010400020,R2 - Rendimiento Ordinario del Patrimonio (%),19.73,P,2026,1,2026-01,indicad
00093,BANCO DE LA PAMPA SA,800010400080,R8 - Tasa Implicita Préstamos Totales (%),42.72,P,2026,1,2026-01,indicad
00093,BANCO DE LA PAMPA SA,800010400090,R9 - Tasa Implicita Depósitos Totales (%),13.65,P,2026,1,2026-01,indicad
00093,BANCO DE LA PAMPA SA,800010400170,R17 - Gastos en Personal / Gastos de Administración (%),58.44,P,2026,1,2026-01,indicad
00093,BANCO DE LA PAMPA SA,800010401010,RG1 - Retorno sobre Activos ( ROA) (%),0.01,P,2026,1,2026-01,indicad
00093,BANCO DE LA PAMPA SA,800010401020,RG2_II - Margen Financiero en Términos de Activo (%),18.43,P,2026,1,2026-01,indicad
00093,BANCO DE LA PAMPA SA,800010401030,RG3 - Cargos por Incobrabilidad / Activo  (%),-2.69,P,2026,1,2026-01,indicad
00093,BANCO DE LA PAMPA SA,800010401040,RG4_II - Resultados por Servicios / Activo (%),0.23,P,2026,1,2026-01,indicad
00093,BANCO DE LA PAMPA SA,800010401050,RG5 - Gastos de Administración / Activo  (%),-8.62,P,2026,1,2026-01,indicad
00093,BANCO DE LA PAMPA SA,800010401150,RG15 - Retorno sobre Activos (ROA) antes Imp. de Gcias (%),0.32,P,2026,1,2026-01,indicad
00093,BANCO DE LA PAMPA SA,800010500010,"L1-Liquidez Tit c/cot, POS. CALL, LELIQ, LEFIs (netas) (%)",17.56,P,2026,1,2026-01,indicad
00093,BANCO DE LA PAMPA SA,800010500080,L8_II - Liquidez con títulos con cotiz (%),17.56,P,2026,1,2026-01,indicad
00093,BANCO DE LA PAMPA SA,800010500090,"L9 -Liq LELIQ, PASES y LEFIs (netos pases activos BCRA) (%)",21.21,P,2026,1,2026-01,indicad
00094,BANCO DE CORRIENTES S.A.,800010100010,C1 - Apalancamiento (en veces),2.31,N,2026,1,2026-01,indicad
00094,BANCO DE CORRIENTES S.A.,800010100020,C2 - Pérdida Potencial de Cartera en Situación 2 a 5 (%),11.62,P,2026,1,2026-01,indicad
00094,BANCO DE CORRIENTES S.A.,800010100030,C3 - Pérdida Potencial de Cartera en Situación 3 a 5 (%),1.85,P,2026,1,2026-01,indicad
00094,BANCO DE CORRIENTES S.A.,800010200090,A9 - Total Cartera Irregular / Total Financiaciones (%),7.3,P,2026,1,2026-01,indicad
00094,BANCO DE CORRIENTES S.A.,800010200110,A11 - Cartera Irregular Sector Privado (%),7.96,P,2026,1,2026-01,indicad
00094,BANCO DE CORRIENTES S.A.,800010200120,A12 - Participación Cartera Comercial Sector Privado (%),50.39,P,2026,1,2026-01,indicad
00094,BANCO DE CORRIENTES S.A.,800010200130,A13 - Participación Cartera Consumo Sector Privado (%),49.61,P,2026,1,2026-01,indicad
00094,BANCO DE CORRIENTES S.A.,800010200140,A14 - Previsiones sobre Cartera Irregular Total (%),86.09,P,2026,1,2026-01,indicad
00094,BANCO DE CORRIENTES S.A.,800010200160,A16 - Cartera Irregular Consumo Sector Privado (%),7.3,P,2026,1,2026-01,indicad
00094,BANCO DE CORRIENTES S.A.,800010200170,A17 - Cartera Irregular Comercial Sector Privado (%),8.6,P,2026,1,2026-01,indicad
00094,BANCO DE CORRIENTES S.A.,800010200210,A21 - Posición de Previsiones Mín Sector Priv No Fciero (%),39.08,P,2026,1,2026-01,indicad
00094,BANCO DE CORRIENTES S.A.,800010201030,AG3 - Importancia de Cartera Vencida del Sector Privado (%),3.9,P,2026,1,2026-01,indicad
00094,BANCO DE CORRIENTES S.A.,800010201290,AG29 - Efectivo y Depósito en Bancos / Activo (%),6.68,P,2026,1,2026-01,indicad
00094,BANCO DE CORRIENTES S.A.,800010300010,E1 - Absorción de Gastos de Ad. con Volúmen de Negocio (%),12.14,P,2026,1,2026-01,indicad
00094,BANCO DE CORRIENTES S.A.,800010300020,E2 - Margen de Rentabilidad Operat./Gastos de Estructura (%),8.42,P,2026,1,2026-01,indicad
00094,BANCO DE CORRIENTES S.A.,800010300040,E4 - Depósitos por Empleado (en millones de pesos),652.16,N,2026,1,2026-01,indicad
00094,BANCO DE CORRIENTES S.A.,800010300050,E5 - Financiaciones por Empleado (en millones de pesos),613.11,N,2026,1,2026-01,indicad
00094,BANCO DE CORRIENTES S.A.,800010400010,R1 - Rendimiento Anual del Patrimonio ( ROE) (%),-16.22,P,2026,1,2026-01,indicad
00094,BANCO DE CORRIENTES S.A.,800010400020,R2 - Rendimiento Ordinario del Patrimonio (%),3.34,P,2026,1,2026-01,indicad
00094,BANCO DE CORRIENTES S.A.,800010400080,R8 - Tasa Implicita Préstamos Totales (%),42.01,P,2026,1,2026-01,indicad
00094,BANCO DE CORRIENTES S.A.,800010400090,R9 - Tasa Implicita Depósitos Totales (%),13.86,P,2026,1,2026-01,indicad
00094,BANCO DE CORRIENTES S.A.,800010400170,R17 - Gastos en Personal / Gastos de Administración (%),54.29,P,2026,1,2026-01,indicad
00094,BANCO DE CORRIENTES S.A.,800010401010,RG1 - Retorno sobre Activos ( ROA) (%),-4.9,P,2026,1,2026-01,indicad
00094,BANCO DE CORRIENTES S.A.,800010401020,RG2_II - Margen Financiero en Términos de Activo (%),15.21,P,2026,1,2026-01,indicad
00094,BANCO DE CORRIENTES S.A.,800010401030,RG3 - Cargos por Incobrabilidad / Activo  (%),-2.9,P,2026,1,2026-01,indicad
00094,BANCO DE CORRIENTES S.A.,800010401040,RG4_II - Resultados por Servicios / Activo (%),2.06,P,2026,1,2026-01,indicad
00094,BANCO DE CORRIENTES S.A.,800010401050,RG5 - Gastos de Administración / Activo  (%),-12.0,P,2026,1,2026-01,indicad
00094,BANCO DE CORRIENTES S.A.,800010401150,RG15 - Retorno sobre Activos (ROA) antes Imp. de Gcias (%),-4.6,P,2026,1,2026-01,indicad
00094,BANCO DE CORRIENTES S.A.,800010500010,"L1-Liquidez Tit c/cot, POS. CALL, LELIQ, LEFIs (netas) (%)",11.96,P,2026,1,2026-01,indicad
00094,BANCO DE CORRIENTES S.A.,800010500080,L8_II - Liquidez con títulos con cotiz (%),11.96,P,2026,1,2026-01,indicad
00094,BANCO DE CORRIENTES S.A.,800010500090,"L9 -Liq LELIQ, PASES y LEFIs (netos pases activos BCRA) (%)",13.26,P,2026,1,2026-01,indicad
00097,BANCO PROVINCIA DEL NEUQUÉN SOCIEDAD ANÓNIMA,800010100010,C1 - Apalancamiento (en veces),1.75,N,2026,1,2026-01,indicad
00097,BANCO PROVINCIA DEL NEUQUÉN SOCIEDAD ANÓNIMA,800010100020,C2 - Pérdida Potencial de Cartera en Situación 2 a 5 (%),4.24,P,2026,1,2026-01,indicad
00097,BANCO PROVINCIA DEL NEUQUÉN SOCIEDAD ANÓNIMA,800010100030,C3 - Pérdida Potencial de Cartera en Situación 3 a 5 (%),-0.12,P,2026,1,2026-01,indicad
00097,BANCO PROVINCIA DEL NEUQUÉN SOCIEDAD ANÓNIMA,800010200090,A9 - Total Cartera Irregular / Total Financiaciones (%),5.16,P,2026,1,2026-01,indicad
00097,BANCO PROVINCIA DEL NEUQUÉN SOCIEDAD ANÓNIMA,800010200110,A11 - Cartera Irregular Sector Privado (%),5.87,P,2026,1,2026-01,indicad
00097,BANCO PROVINCIA DEL NEUQUÉN SOCIEDAD ANÓNIMA,800010200120,A12 - Participación Cartera Comercial Sector Privado (%),28.92,P,2026,1,2026-01,indicad
00097,BANCO PROVINCIA DEL NEUQUÉN SOCIEDAD ANÓNIMA,800010200130,A13 - Participación Cartera Consumo Sector Privado (%),71.08,P,2026,1,2026-01,indicad
00097,BANCO PROVINCIA DEL NEUQUÉN SOCIEDAD ANÓNIMA,800010200140,A14 - Previsiones sobre Cartera Irregular Total (%),101.97,P,2026,1,2026-01,indicad
00097,BANCO PROVINCIA DEL NEUQUÉN SOCIEDAD ANÓNIMA,800010200160,A16 - Cartera Irregular Consumo Sector Privado (%),7.4,P,2026,1,2026-01,indicad
00097,BANCO PROVINCIA DEL NEUQUÉN SOCIEDAD ANÓNIMA,800010200170,A17 - Cartera Irregular Comercial Sector Privado (%),2.08,P,2026,1,2026-01,indicad
00097,BANCO PROVINCIA DEL NEUQUÉN SOCIEDAD ANÓNIMA,800010200210,A21 - Posición de Previsiones Mín Sector Priv No Fciero (%),69.11,P,2026,1,2026-01,indicad
00097,BANCO PROVINCIA DEL NEUQUÉN SOCIEDAD ANÓNIMA,800010201030,AG3 - Importancia de Cartera Vencida del Sector Privado (%),2.75,P,2026,1,2026-01,indicad
00097,BANCO PROVINCIA DEL NEUQUÉN SOCIEDAD ANÓNIMA,800010201290,AG29 - Efectivo y Depósito en Bancos / Activo (%),6.15,P,2026,1,2026-01,indicad
00097,BANCO PROVINCIA DEL NEUQUÉN SOCIEDAD ANÓNIMA,800010300010,E1 - Absorción de Gastos de Ad. con Volúmen de Negocio (%),10.29,P,2026,1,2026-01,indicad
00097,BANCO PROVINCIA DEL NEUQUÉN SOCIEDAD ANÓNIMA,800010300020,E2 - Margen de Rentabilidad Operat./Gastos de Estructura (%),167.06,P,2026,1,2026-01,indicad
00097,BANCO PROVINCIA DEL NEUQUÉN SOCIEDAD ANÓNIMA,800010300040,E4 - Depósitos por Empleado (en millones de pesos),964.39,N,2026,1,2026-01,indicad
00097,BANCO PROVINCIA DEL NEUQUÉN SOCIEDAD ANÓNIMA,800010300050,E5 - Financiaciones por Empleado (en millones de pesos),603.82,N,2026,1,2026-01,indicad
00097,BANCO PROVINCIA DEL NEUQUÉN SOCIEDAD ANÓNIMA,800010400010,R1 - Rendimiento Anual del Patrimonio ( ROE) (%),18.32,P,2026,1,2026-01,indicad
00097,BANCO PROVINCIA DEL NEUQUÉN SOCIEDAD ANÓNIMA,800010400020,R2 - Rendimiento Ordinario del Patrimonio (%),50.77,P,2026,1,2026-01,indicad
00097,BANCO PROVINCIA DEL NEUQUÉN SOCIEDAD ANÓNIMA,800010400080,R8 - Tasa Implicita Préstamos Totales (%),51.29,P,2026,1,2026-01,indicad
00097,BANCO PROVINCIA DEL NEUQUÉN SOCIEDAD ANÓNIMA,800010400090,R9 - Tasa Implicita Depósitos Totales (%),10.0,P,2026,1,2026-01,indicad
00097,BANCO PROVINCIA DEL NEUQUÉN SOCIEDAD ANÓNIMA,800010400170,R17 - Gastos en Personal / Gastos de Administración (%),66.11,P,2026,1,2026-01,indicad
00097,BANCO PROVINCIA DEL NEUQUÉN SOCIEDAD ANÓNIMA,800010401010,RG1 - Retorno sobre Activos ( ROA) (%),5.65,P,2026,1,2026-01,indicad
00097,BANCO PROVINCIA DEL NEUQUÉN SOCIEDAD ANÓNIMA,800010401020,RG2_II - Margen Financiero en Términos de Activo (%),26.83,P,2026,1,2026-01,indicad
00097,BANCO PROVINCIA DEL NEUQUÉN SOCIEDAD ANÓNIMA,800010401030,RG3 - Cargos por Incobrabilidad / Activo  (%),-2.8,P,2026,1,2026-01,indicad
00097,BANCO PROVINCIA DEL NEUQUÉN SOCIEDAD ANÓNIMA,800010401040,RG4_II - Resultados por Servicios / Activo (%),1.27,P,2026,1,2026-01,indicad
00097,BANCO PROVINCIA DEL NEUQUÉN SOCIEDAD ANÓNIMA,800010401050,RG5 - Gastos de Administración / Activo  (%),-9.37,P,2026,1,2026-01,indicad
00097,BANCO PROVINCIA DEL NEUQUÉN SOCIEDAD ANÓNIMA,800010401150,RG15 - Retorno sobre Activos (ROA) antes Imp. de Gcias (%),9.2,P,2026,1,2026-01,indicad
00097,BANCO PROVINCIA DEL NEUQUÉN SOCIEDAD ANÓNIMA,800010500010,"L1-Liquidez Tit c/cot, POS. CALL, LELIQ, LEFIs (netas) (%)",14.34,P,2026,1,2026-01,indicad
00097,BANCO PROVINCIA DEL NEUQUÉN SOCIEDAD ANÓNIMA,800010500080,L8_II - Liquidez con títulos con cotiz (%),10.14,P,2026,1,2026-01,indicad
00097,BANCO PROVINCIA DEL NEUQUÉN SOCIEDAD ANÓNIMA,800010500090,"L9 -Liq LELIQ, PASES y LEFIs (netos pases activos BCRA) (%)",28.97,P,2026,1,2026-01,indicad
00131,BANK OF CHINA LIMITED SUCURSAL BUENOS AIRES,800010100010,C1 - Apalancamiento (en veces),0.74,N,2026,1,2026-01,indicad
00131,BANK OF CHINA LIMITED SUCURSAL BUENOS AIRES,800010100020,C2 - Pérdida Potencial de Cartera en Situación 2 a 5 (%),-0.01,P,2026,1,2026-01,indicad
00131,BANK OF CHINA LIMITED SUCURSAL BUENOS AIRES,800010100030,C3 - Pérdida Potencial de Cartera en Situación 3 a 5 (%),-0.01,P,2026,1,2026-01,indicad
00131,BANK OF CHINA LIMITED SUCURSAL BUENOS AIRES,800010200090,A9 - Total Cartera Irregular / Total Financiaciones (%),0.0,P,2026,1,2026-01,indicad
00131,BANK OF CHINA LIMITED SUCURSAL BUENOS AIRES,800010200110,A11 - Cartera Irregular Sector Privado (%),0.0,P,2026,1,2026-01,indicad
00131,BANK OF CHINA LIMITED SUCURSAL BUENOS AIRES,800010200120,A12 - Participación Cartera Comercial Sector Privado (%),100.0,P,2026,1,2026-01,indicad
00131,BANK OF CHINA LIMITED SUCURSAL BUENOS AIRES,800010200130,A13 - Participación Cartera Consumo Sector Privado (%),0.0,P,2026,1,2026-01,indicad
00131,BANK OF CHINA LIMITED SUCURSAL BUENOS AIRES,800010200140,A14 - Previsiones sobre Cartera Irregular Total (%),0.0,P,2026,1,2026-01,indicad
00131,BANK OF CHINA LIMITED SUCURSAL BUENOS AIRES,800010200160,A16 - Cartera Irregular Consumo Sector Privado (%),0.0,P,2026,1,2026-01,indicad
00131,BANK OF CHINA LIMITED SUCURSAL BUENOS AIRES,800010200170,A17 - Cartera Irregular Comercial Sector Privado (%),0.0,P,2026,1,2026-01,indicad
00131,BANK OF CHINA LIMITED SUCURSAL BUENOS AIRES,800010200210,A21 - Posición de Previsiones Mín Sector Priv No Fciero (%),0.0,P,2026,1,2026-01,indicad
00131,BANK OF CHINA LIMITED SUCURSAL BUENOS AIRES,800010201030,AG3 - Importancia de Cartera Vencida del Sector Privado (%),0.0,P,2026,1,2026-01,indicad
00131,BANK OF CHINA LIMITED SUCURSAL BUENOS AIRES,800010201290,AG29 - Efectivo y Depósito en Bancos / Activo (%),31.08,P,2026,1,2026-01,indicad
00131,BANK OF CHINA LIMITED SUCURSAL BUENOS AIRES,800010300010,E1 - Absorción de Gastos de Ad. con Volúmen de Negocio (%),61.07,P,2026,1,2026-01,indicad
00131,BANK OF CHINA LIMITED SUCURSAL BUENOS AIRES,800010300020,E2 - Margen de Rentabilidad Operat./Gastos de Estructura (%),58.62,P,2026,1,2026-01,indicad
00131,BANK OF CHINA LIMITED SUCURSAL BUENOS AIRES,800010300040,E4 - Depósitos por Empleado (en millones de pesos),461.18,N,2026,1,2026-01,indicad
00131,BANK OF CHINA LIMITED SUCURSAL BUENOS AIRES,800010300050,E5 - Financiaciones por Empleado (en millones de pesos),0.0,N,2026,1,2026-01,indicad
00131,BANK OF CHINA LIMITED SUCURSAL BUENOS AIRES,800010400010,R1 - Rendimiento Anual del Patrimonio ( ROE) (%),22.63,P,2026,1,2026-01,indicad
00131,BANK OF CHINA LIMITED SUCURSAL BUENOS AIRES,800010400020,R2 - Rendimiento Ordinario del Patrimonio (%),45.7,P,2026,1,2026-01,indicad
00131,BANK OF CHINA LIMITED SUCURSAL BUENOS AIRES,800010400080,R8 - Tasa Implicita Préstamos Totales (%),37.64,P,2026,1,2026-01,indicad
00131,BANK OF CHINA LIMITED SUCURSAL BUENOS AIRES,800010400090,R9 - Tasa Implicita Depósitos Totales (%),20.95,P,2026,1,2026-01,indicad
00131,BANK OF CHINA LIMITED SUCURSAL BUENOS AIRES,800010400170,R17 - Gastos en Personal / Gastos de Administración (%),58.79,P,2026,1,2026-01,indicad
00131,BANK OF CHINA LIMITED SUCURSAL BUENOS AIRES,800010401010,RG1 - Retorno sobre Activos ( ROA) (%),5.0,P,2026,1,2026-01,indicad
00131,BANK OF CHINA LIMITED SUCURSAL BUENOS AIRES,800010401020,RG2_II - Margen Financiero en Términos de Activo (%),7.85,P,2026,1,2026-01,indicad
00131,BANK OF CHINA LIMITED SUCURSAL BUENOS AIRES,800010401030,RG3 - Cargos por Incobrabilidad / Activo  (%),0.0,P,2026,1,2026-01,indicad
00131,BANK OF CHINA LIMITED SUCURSAL BUENOS AIRES,800010401040,RG4_II - Resultados por Servicios / Activo (%),20.37,P,2026,1,2026-01,indicad
00131,BANK OF CHINA LIMITED SUCURSAL BUENOS AIRES,800010401050,RG5 - Gastos de Administración / Activo  (%),-17.23,P,2026,1,2026-01,indicad
00131,BANK OF CHINA LIMITED SUCURSAL BUENOS AIRES,800010401150,RG15 - Retorno sobre Activos (ROA) antes Imp. de Gcias (%),5.0,P,2026,1,2026-01,indicad
00131,BANK OF CHINA LIMITED SUCURSAL BUENOS AIRES,800010500010,"L1-Liquidez Tit c/cot, POS. CALL, LELIQ, LEFIs (netas) (%)",52.38,P,2026,1,2026-01,indicad
00131,BANK OF CHINA LIMITED SUCURSAL BUENOS AIRES,800010500080,L8_II - Liquidez con títulos con cotiz (%),52.38,P,2026,1,2026-01,indicad
00131,BANK OF CHINA LIMITED SUCURSAL BUENOS AIRES,800010500090,"L9 -Liq LELIQ, PASES y LEFIs (netos pases activos BCRA) (%)",163.89,P,2026,1,2026-01,indicad
00143,BRUBANK S.A.U.,800010100010,C1 - Apalancamiento (en veces),10.38,N,2026,1,2026-01,indicad
00143,BRUBANK S.A.U.,800010100020,C2 - Pérdida Potencial de Cartera en Situación 2 a 5 (%),78.2,P,2026,1,2026-01,indicad
00143,BRUBANK S.A.U.,800010100030,C3 - Pérdida Potencial de Cartera en Situación 3 a 5 (%),40.32,P,2026,1,2026-01,indicad
00143,BRUBANK S.A.U.,800010200090,A9 - Total Cartera Irregular / Total Financiaciones (%),17.3,P,2026,1,2026-01,indicad
00143,BRUBANK S.A.U.,800010200110,A11 - Cartera Irregular Sector Privado (%),17.3,P,2026,1,2026-01,indicad
00143,BRUBANK S.A.U.,800010200120,A12 - Participación Cartera Comercial Sector Privado (%),19.29,P,2026,1,2026-01,indicad
00143,BRUBANK S.A.U.,800010200130,A13 - Participación Cartera Consumo Sector Privado (%),80.71,P,2026,1,2026-01,indicad
00143,BRUBANK S.A.U.,800010200140,A14 - Previsiones sobre Cartera Irregular Total (%),66.51,P,2026,1,2026-01,indicad
00143,BRUBANK S.A.U.,800010200160,A16 - Cartera Irregular Consumo Sector Privado (%),21.23,P,2026,1,2026-01,indicad
00143,BRUBANK S.A.U.,800010200170,A17 - Cartera Irregular Comercial Sector Privado (%),0.85,P,2026,1,2026-01,indicad
00143,BRUBANK S.A.U.,800010200210,A21 - Posición de Previsiones Mín Sector Priv No Fciero (%),12.77,P,2026,1,2026-01,indicad
00143,BRUBANK S.A.U.,800010201030,AG3 - Importancia de Cartera Vencida del Sector Privado (%),3.6,P,2026,1,2026-01,indicad
00143,BRUBANK S.A.U.,800010201290,AG29 - Efectivo y Depósito en Bancos / Activo (%),31.21,P,2026,1,2026-01,indicad
00143,BRUBANK S.A.U.,800010300010,E1 - Absorción de Gastos de Ad. con Volúmen de Negocio (%),9.54,P,2026,1,2026-01,indicad
00143,BRUBANK S.A.U.,800010300020,E2 - Margen de Rentabilidad Operat./Gastos de Estructura (%),20.73,P,2026,1,2026-01,indicad
00143,BRUBANK S.A.U.,800010300040,E4 - Depósitos por Empleado (en millones de pesos),814.88,N,2026,1,2026-01,indicad
00143,BRUBANK S.A.U.,800010300050,E5 - Financiaciones por Empleado (en millones de pesos),257.74,N,2026,1,2026-01,indicad
00143,BRUBANK S.A.U.,800010400010,R1 - Rendimiento Anual del Patrimonio ( ROE) (%),21.02,P,2026,1,2026-01,indicad
00143,BRUBANK S.A.U.,800010400020,R2 - Rendimiento Ordinario del Patrimonio (%),30.75,P,2026,1,2026-01,indicad
00143,BRUBANK S.A.U.,800010400080,R8 - Tasa Implicita Préstamos Totales (%),51.76,P,2026,1,2026-01,indicad
00143,BRUBANK S.A.U.,800010400090,R9 - Tasa Implicita Depósitos Totales (%),7.07,P,2026,1,2026-01,indicad
00143,BRUBANK S.A.U.,800010400170,R17 - Gastos en Personal / Gastos de Administración (%),48.79,P,2026,1,2026-01,indicad
00143,BRUBANK S.A.U.,800010401010,RG1 - Retorno sobre Activos ( ROA) (%),1.51,P,2026,1,2026-01,indicad
00143,BRUBANK S.A.U.,800010401020,RG2_II - Margen Financiero en Términos de Activo (%),21.0,P,2026,1,2026-01,indicad
00143,BRUBANK S.A.U.,800010401030,RG3 - Cargos por Incobrabilidad / Activo  (%),-4.57,P,2026,1,2026-01,indicad
00143,BRUBANK S.A.U.,800010401040,RG4_II - Resultados por Servicios / Activo (%),-1.21,P,2026,1,2026-01,indicad
00143,BRUBANK S.A.U.,800010401050,RG5 - Gastos de Administración / Activo  (%),-10.67,P,2026,1,2026-01,indicad
00143,BRUBANK S.A.U.,800010401150,RG15 - Retorno sobre Activos (ROA) antes Imp. de Gcias (%),2.33,P,2026,1,2026-01,indicad
00143,BRUBANK S.A.U.,800010500010,"L1-Liquidez Tit c/cot, POS. CALL, LELIQ, LEFIs (netas) (%)",41.29,P,2026,1,2026-01,indicad
00143,BRUBANK S.A.U.,800010500080,L8_II - Liquidez con títulos con cotiz (%),41.29,P,2026,1,2026-01,indicad
00143,BRUBANK S.A.U.,800010500090,"L9 -Liq LELIQ, PASES y LEFIs (netos pases activos BCRA) (%)",37.41,P,2026,1,2026-01,indicad
00147,BIBANK S.A.,800010100010,C1 - Apalancamiento (en veces),1.8,N,2026,1,2026-01,indicad
00147,BIBANK S.A.,800010100020,C2 - Pérdida Potencial de Cartera en Situación 2 a 5 (%),3.27,P,2026,1,2026-01,indicad
00147,BIBANK S.A.,800010100030,C3 - Pérdida Potencial de Cartera en Situación 3 a 5 (%),-0.22,P,2026,1,2026-01,indicad
00147,BIBANK S.A.,800010200090,A9 - Total Cartera Irregular / Total Financiaciones (%),3.33,P,2026,1,2026-01,indicad
00147,BIBANK S.A.,800010200110,A11 - Cartera Irregular Sector Privado (%),3.33,P,2026,1,2026-01,indicad
00147,BIBANK S.A.,800010200120,A12 - Participación Cartera Comercial Sector Privado (%),99.75,P,2026,1,2026-01,indicad
00147,BIBANK S.A.,800010200130,A13 - Participación Cartera Consumo Sector Privado (%),0.25,P,2026,1,2026-01,indicad
00147,BIBANK S.A.,800010200140,A14 - Previsiones sobre Cartera Irregular Total (%),103.01,P,2026,1,2026-01,indicad
00147,BIBANK S.A.,800010200160,A16 - Cartera Irregular Consumo Sector Privado (%),0.0,P,2026,1,2026-01,indicad
00147,BIBANK S.A.,800010200170,A17 - Cartera Irregular Comercial Sector Privado (%),3.34,P,2026,1,2026-01,indicad
00147,BIBANK S.A.,800010200210,A21 - Posición de Previsiones Mín Sector Priv No Fciero (%),53.37,P,2026,1,2026-01,indicad
00147,BIBANK S.A.,800010201030,AG3 - Importancia de Cartera Vencida del Sector Privado (%),2.08,P,2026,1,2026-01,indicad
00147,BIBANK S.A.,800010201290,AG29 - Efectivo y Depósito en Bancos / Activo (%),10.85,P,2026,1,2026-01,indicad
00147,BIBANK S.A.,800010300010,E1 - Absorción de Gastos de Ad. con Volúmen de Negocio (%),17.65,P,2026,1,2026-01,indicad
00147,BIBANK S.A.,800010300020,E2 - Margen de Rentabilidad Operat./Gastos de Estructura (%),-35.78,P,2026,1,2026-01,indicad
00147,BIBANK S.A.,800010300040,E4 - Depósitos por Empleado (en millones de pesos),801.12,N,2026,1,2026-01,indicad
00147,BIBANK S.A.,800010300050,E5 - Financiaciones por Empleado (en millones de pesos),416.45,N,2026,1,2026-01,indicad
00147,BIBANK S.A.,800010400010,R1 - Rendimiento Anual del Patrimonio ( ROE) (%),-14.15,P,2026,1,2026-01,indicad
00147,BIBANK S.A.,800010400020,R2 - Rendimiento Ordinario del Patrimonio (%),-19.41,P,2026,1,2026-01,indicad
00147,BIBANK S.A.,800010400080,R8 - Tasa Implicita Préstamos Totales (%),49.55,P,2026,1,2026-01,indicad
00147,BIBANK S.A.,800010400090,R9 - Tasa Implicita Depósitos Totales (%),26.55,P,2026,1,2026-01,indicad
00147,BIBANK S.A.,800010400170,R17 - Gastos en Personal / Gastos de Administración (%),53.85,P,2026,1,2026-01,indicad
00147,BIBANK S.A.,800010401010,RG1 - Retorno sobre Activos ( ROA) (%),-2.34,P,2026,1,2026-01,indicad
00147,BIBANK S.A.,800010401020,RG2_II - Margen Financiero en Términos de Activo (%),8.37,P,2026,1,2026-01,indicad
00147,BIBANK S.A.,800010401030,RG3 - Cargos por Incobrabilidad / Activo  (%),-0.63,P,2026,1,2026-01,indicad
00147,BIBANK S.A.,800010401040,RG4_II - Resultados por Servicios / Activo (%),-0.35,P,2026,1,2026-01,indicad
00147,BIBANK S.A.,800010401050,RG5 - Gastos de Administración / Activo  (%),-8.95,P,2026,1,2026-01,indicad
00147,BIBANK S.A.,800010401150,RG15 - Retorno sobre Activos (ROA) antes Imp. de Gcias (%),-3.43,P,2026,1,2026-01,indicad
00147,BIBANK S.A.,800010500010,"L1-Liquidez Tit c/cot, POS. CALL, LELIQ, LEFIs (netas) (%)",93.12,P,2026,1,2026-01,indicad
00147,BIBANK S.A.,800010500080,L8_II - Liquidez con títulos con cotiz (%),93.12,P,2026,1,2026-01,indicad
00147,BIBANK S.A.,800010500090,"L9 -Liq LELIQ, PASES y LEFIs (netos pases activos BCRA) (%)",18.53,P,2026,1,2026-01,indicad
00165,"JPMORGAN CHASE BANK, NATIONAL ASSOCIATION (SUCURSAL BUENOS A",800010100010,C1 - Apalancamiento (en veces),0.47,N,2026,1,2026-01,indicad
00165,"JPMORGAN CHASE BANK, NATIONAL ASSOCIATION (SUCURSAL BUENOS A",800010100020,C2 - Pérdida Potencial de Cartera en Situación 2 a 5 (%),0.0,P,2026,1,2026-01,indicad
00165,"JPMORGAN CHASE BANK, NATIONAL ASSOCIATION (SUCURSAL BUENOS A",800010100030,C3 - Pérdida Potencial de Cartera en Situación 3 a 5 (%),0.0,P,2026,1,2026-01,indicad
00165,"JPMORGAN CHASE BANK, NATIONAL ASSOCIATION (SUCURSAL BUENOS A",800010200090,A9 - Total Cartera Irregular / Total Financiaciones (%),0.0,P,2026,1,2026-01,indicad
00165,"JPMORGAN CHASE BANK, NATIONAL ASSOCIATION (SUCURSAL BUENOS A",800010200110,A11 - Cartera Irregular Sector Privado (%),0.0,P,2026,1,2026-01,indicad
00165,"JPMORGAN CHASE BANK, NATIONAL ASSOCIATION (SUCURSAL BUENOS A",800010200120,A12 - Participación Cartera Comercial Sector Privado (%),100.0,P,2026,1,2026-01,indicad
00165,"JPMORGAN CHASE BANK, NATIONAL ASSOCIATION (SUCURSAL BUENOS A",800010200130,A13 - Participación Cartera Consumo Sector Privado (%),0.0,P,2026,1,2026-01,indicad
00165,"JPMORGAN CHASE BANK, NATIONAL ASSOCIATION (SUCURSAL BUENOS A",800010200140,A14 - Previsiones sobre Cartera Irregular Total (%),0.0,P,2026,1,2026-01,indicad
00165,"JPMORGAN CHASE BANK, NATIONAL ASSOCIATION (SUCURSAL BUENOS A",800010200160,A16 - Cartera Irregular Consumo Sector Privado (%),0.0,P,2026,1,2026-01,indicad
00165,"JPMORGAN CHASE BANK, NATIONAL ASSOCIATION (SUCURSAL BUENOS A",800010200170,A17 - Cartera Irregular Comercial Sector Privado (%),0.0,P,2026,1,2026-01,indicad
00165,"JPMORGAN CHASE BANK, NATIONAL ASSOCIATION (SUCURSAL BUENOS A",800010200210,A21 - Posición de Previsiones Mín Sector Priv No Fciero (%),-99.81,P,2026,1,2026-01,indicad
00165,"JPMORGAN CHASE BANK, NATIONAL ASSOCIATION (SUCURSAL BUENOS A",800010201030,AG3 - Importancia de Cartera Vencida del Sector Privado (%),0.0,P,2026,1,2026-01,indicad
00165,"JPMORGAN CHASE BANK, NATIONAL ASSOCIATION (SUCURSAL BUENOS A",800010201290,AG29 - Efectivo y Depósito en Bancos / Activo (%),14.36,P,2026,1,2026-01,indicad
00165,"JPMORGAN CHASE BANK, NATIONAL ASSOCIATION (SUCURSAL BUENOS A",800010300010,E1 - Absorción de Gastos de Ad. con Volúmen de Negocio (%),21.24,P,2026,1,2026-01,indicad
00165,"JPMORGAN CHASE BANK, NATIONAL ASSOCIATION (SUCURSAL BUENOS A",800010300020,E2 - Margen de Rentabilidad Operat./Gastos de Estructura (%),244.84,P,2026,1,2026-01,indicad
00165,"JPMORGAN CHASE BANK, NATIONAL ASSOCIATION (SUCURSAL BUENOS A",800010300040,E4 - Depósitos por Empleado (en millones de pesos),1802.27,N,2026,1,2026-01,indicad
00165,"JPMORGAN CHASE BANK, NATIONAL ASSOCIATION (SUCURSAL BUENOS A",800010300050,E5 - Financiaciones por Empleado (en millones de pesos),258.11,N,2026,1,2026-01,indicad
00165,"JPMORGAN CHASE BANK, NATIONAL ASSOCIATION (SUCURSAL BUENOS A",800010400010,R1 - Rendimiento Anual del Patrimonio ( ROE) (%),14.07,P,2026,1,2026-01,indicad
00165,"JPMORGAN CHASE BANK, NATIONAL ASSOCIATION (SUCURSAL BUENOS A",800010400020,R2 - Rendimiento Ordinario del Patrimonio (%),39.93,P,2026,1,2026-01,indicad
00165,"JPMORGAN CHASE BANK, NATIONAL ASSOCIATION (SUCURSAL BUENOS A",800010400080,R8 - Tasa Implicita Préstamos Totales (%),43.44,P,2026,1,2026-01,indicad
00165,"JPMORGAN CHASE BANK, NATIONAL ASSOCIATION (SUCURSAL BUENOS A",800010400090,R9 - Tasa Implicita Depósitos Totales (%),9.56,P,2026,1,2026-01,indicad
00165,"JPMORGAN CHASE BANK, NATIONAL ASSOCIATION (SUCURSAL BUENOS A",800010400170,R17 - Gastos en Personal / Gastos de Administración (%),80.35,P,2026,1,2026-01,indicad
00165,"JPMORGAN CHASE BANK, NATIONAL ASSOCIATION (SUCURSAL BUENOS A",800010401010,RG1 - Retorno sobre Activos ( ROA) (%),7.44,P,2026,1,2026-01,indicad
00165,"JPMORGAN CHASE BANK, NATIONAL ASSOCIATION (SUCURSAL BUENOS A",800010401020,RG2_II - Margen Financiero en Términos de Activo (%),25.35,P,2026,1,2026-01,indicad
00165,"JPMORGAN CHASE BANK, NATIONAL ASSOCIATION (SUCURSAL BUENOS A",800010401030,RG3 - Cargos por Incobrabilidad / Activo  (%),0.0,P,2026,1,2026-01,indicad
00165,"JPMORGAN CHASE BANK, NATIONAL ASSOCIATION (SUCURSAL BUENOS A",800010401040,RG4_II - Resultados por Servicios / Activo (%),5.62,P,2026,1,2026-01,indicad
00165,"JPMORGAN CHASE BANK, NATIONAL ASSOCIATION (SUCURSAL BUENOS A",800010401050,RG5 - Gastos de Administración / Activo  (%),-8.62,P,2026,1,2026-01,indicad
00165,"JPMORGAN CHASE BANK, NATIONAL ASSOCIATION (SUCURSAL BUENOS A",800010401150,RG15 - Retorno sobre Activos (ROA) antes Imp. de Gcias (%),8.56,P,2026,1,2026-01,indicad
00165,"JPMORGAN CHASE BANK, NATIONAL ASSOCIATION (SUCURSAL BUENOS A",800010500010,"L1-Liquidez Tit c/cot, POS. CALL, LELIQ, LEFIs (netas) (%)",177.03,P,2026,1,2026-01,indicad
00165,"JPMORGAN CHASE BANK, NATIONAL ASSOCIATION (SUCURSAL BUENOS A",800010500080,L8_II - Liquidez con títulos con cotiz (%),177.03,P,2026,1,2026-01,indicad
00165,"JPMORGAN CHASE BANK, NATIONAL ASSOCIATION (SUCURSAL BUENOS A",800010500090,"L9 -Liq LELIQ, PASES y LEFIs (netos pases activos BCRA) (%)",83.14,P,2026,1,2026-01,indicad
00191,BANCO CREDICOOP COOPERATIVO LIMITADO,800010100010,C1 - Apalancamiento (en veces),1.96,N,2026,1,2026-01,indicad
00191,BANCO CREDICOOP COOPERATIVO LIMITADO,800010100020,C2 - Pérdida Potencial de Cartera en Situación 2 a 5 (%),0.16,P,2026,1,2026-01,indicad
00191,BANCO CREDICOOP COOPERATIVO LIMITADO,800010100030,C3 - Pérdida Potencial de Cartera en Situación 3 a 5 (%),-0.71,P,2026,1,2026-01,indicad
00191,BANCO CREDICOOP COOPERATIVO LIMITADO,800010200090,A9 - Total Cartera Irregular / Total Financiaciones (%),2.75,P,2026,1,2026-01,indicad
00191,BANCO CREDICOOP COOPERATIVO LIMITADO,800010200110,A11 - Cartera Irregular Sector Privado (%),2.78,P,2026,1,2026-01,indicad
00191,BANCO CREDICOOP COOPERATIVO LIMITADO,800010200120,A12 - Participación Cartera Comercial Sector Privado (%),79.83,P,2026,1,2026-01,indicad
00191,BANCO CREDICOOP COOPERATIVO LIMITADO,800010200130,A13 - Participación Cartera Consumo Sector Privado (%),20.17,P,2026,1,2026-01,indicad
00191,BANCO CREDICOOP COOPERATIVO LIMITADO,800010200140,A14 - Previsiones sobre Cartera Irregular Total (%),132.77,P,2026,1,2026-01,indicad
00191,BANCO CREDICOOP COOPERATIVO LIMITADO,800010200160,A16 - Cartera Irregular Consumo Sector Privado (%),7.9,P,2026,1,2026-01,indicad
00191,BANCO CREDICOOP COOPERATIVO LIMITADO,800010200170,A17 - Cartera Irregular Comercial Sector Privado (%),1.48,P,2026,1,2026-01,indicad
00191,BANCO CREDICOOP COOPERATIVO LIMITADO,800010200210,A21 - Posición de Previsiones Mín Sector Priv No Fciero (%),76.64,P,2026,1,2026-01,indicad
00191,BANCO CREDICOOP COOPERATIVO LIMITADO,800010201030,AG3 - Importancia de Cartera Vencida del Sector Privado (%),1.94,P,2026,1,2026-01,indicad
00191,BANCO CREDICOOP COOPERATIVO LIMITADO,800010201290,AG29 - Efectivo y Depósito en Bancos / Activo (%),14.28,P,2026,1,2026-01,indicad
00191,BANCO CREDICOOP COOPERATIVO LIMITADO,800010300010,E1 - Absorción de Gastos de Ad. con Volúmen de Negocio (%),10.07,P,2026,1,2026-01,indicad
00191,BANCO CREDICOOP COOPERATIVO LIMITADO,800010300020,E2 - Margen de Rentabilidad Operat./Gastos de Estructura (%),56.63,P,2026,1,2026-01,indicad
00191,BANCO CREDICOOP COOPERATIVO LIMITADO,800010300040,E4 - Depósitos por Empleado (en millones de pesos),1285.02,N,2026,1,2026-01,indicad
00191,BANCO CREDICOOP COOPERATIVO LIMITADO,800010300050,E5 - Financiaciones por Empleado (en millones de pesos),505.94,N,2026,1,2026-01,indicad
00191,BANCO CREDICOOP COOPERATIVO LIMITADO,800010400010,R1 - Rendimiento Anual del Patrimonio ( ROE) (%),-8.45,P,2026,1,2026-01,indicad
00191,BANCO CREDICOOP COOPERATIVO LIMITADO,800010400020,R2 - Rendimiento Ordinario del Patrimonio (%),13.91,P,2026,1,2026-01,indicad
00191,BANCO CREDICOOP COOPERATIVO LIMITADO,800010400080,R8 - Tasa Implicita Préstamos Totales (%),33.77,P,2026,1,2026-01,indicad
00191,BANCO CREDICOOP COOPERATIVO LIMITADO,800010400090,R9 - Tasa Implicita Depósitos Totales (%),19.27,P,2026,1,2026-01,indicad
00191,BANCO CREDICOOP COOPERATIVO LIMITADO,800010400170,R17 - Gastos en Personal / Gastos de Administración (%),50.27,P,2026,1,2026-01,indicad
00191,BANCO CREDICOOP COOPERATIVO LIMITADO,800010401010,RG1 - Retorno sobre Activos ( ROA) (%),-2.88,P,2026,1,2026-01,indicad
00191,BANCO CREDICOOP COOPERATIVO LIMITADO,800010401020,RG2_II - Margen Financiero en Términos de Activo (%),11.49,P,2026,1,2026-01,indicad
00191,BANCO CREDICOOP COOPERATIVO LIMITADO,800010401030,RG3 - Cargos por Incobrabilidad / Activo  (%),-0.74,P,2026,1,2026-01,indicad
00191,BANCO CREDICOOP COOPERATIVO LIMITADO,800010401040,RG4_II - Resultados por Servicios / Activo (%),3.22,P,2026,1,2026-01,indicad
00191,BANCO CREDICOOP COOPERATIVO LIMITADO,800010401050,RG5 - Gastos de Administración / Activo  (%),-8.38,P,2026,1,2026-01,indicad
00191,BANCO CREDICOOP COOPERATIVO LIMITADO,800010401150,RG15 - Retorno sobre Activos (ROA) antes Imp. de Gcias (%),-2.88,P,2026,1,2026-01,indicad
00191,BANCO CREDICOOP COOPERATIVO LIMITADO,800010500010,"L1-Liquidez Tit c/cot, POS. CALL, LELIQ, LEFIs (netas) (%)",22.88,P,2026,1,2026-01,indicad
00191,BANCO CREDICOOP COOPERATIVO LIMITADO,800010500080,L8_II - Liquidez con títulos con cotiz (%),22.88,P,2026,1,2026-01,indicad
00191,BANCO CREDICOOP COOPERATIVO LIMITADO,800010500090,"L9 -Liq LELIQ, PASES y LEFIs (netos pases activos BCRA) (%)",23.3,P,2026,1,2026-01,indicad
00198,BANCO DE VALORES S.A.,800010100010,C1 - Apalancamiento (en veces),4.47,N,2026,1,2026-01,indicad
00198,BANCO DE VALORES S.A.,800010100020,C2 - Pérdida Potencial de Cartera en Situación 2 a 5 (%),-0.86,P,2026,1,2026-01,indicad
00198,BANCO DE VALORES S.A.,800010100030,C3 - Pérdida Potencial de Cartera en Situación 3 a 5 (%),-0.86,P,2026,1,2026-01,indicad
00198,BANCO DE VALORES S.A.,800010200090,A9 - Total Cartera Irregular / Total Financiaciones (%),0.57,P,2026,1,2026-01,indicad
00198,BANCO DE VALORES S.A.,800010200110,A11 - Cartera Irregular Sector Privado (%),1.07,P,2026,1,2026-01,indicad
00198,BANCO DE VALORES S.A.,800010200120,A12 - Participación Cartera Comercial Sector Privado (%),99.81,P,2026,1,2026-01,indicad
00198,BANCO DE VALORES S.A.,800010200130,A13 - Participación Cartera Consumo Sector Privado (%),0.19,P,2026,1,2026-01,indicad
00198,BANCO DE VALORES S.A.,800010200140,A14 - Previsiones sobre Cartera Irregular Total (%),144.25,P,2026,1,2026-01,indicad
00198,BANCO DE VALORES S.A.,800010200160,A16 - Cartera Irregular Consumo Sector Privado (%),0.0,P,2026,1,2026-01,indicad
00198,BANCO DE VALORES S.A.,800010200170,A17 - Cartera Irregular Comercial Sector Privado (%),1.08,P,2026,1,2026-01,indicad
00198,BANCO DE VALORES S.A.,800010200210,A21 - Posición de Previsiones Mín Sector Priv No Fciero (%),-10.47,P,2026,1,2026-01,indicad
00198,BANCO DE VALORES S.A.,800010201030,AG3 - Importancia de Cartera Vencida del Sector Privado (%),1.07,P,2026,1,2026-01,indicad
00198,BANCO DE VALORES S.A.,800010201290,AG29 - Efectivo y Depósito en Bancos / Activo (%),30.88,P,2026,1,2026-01,indicad
00198,BANCO DE VALORES S.A.,800010300010,E1 - Absorción de Gastos de Ad. con Volúmen de Negocio (%),2.77,P,2026,1,2026-01,indicad
00198,BANCO DE VALORES S.A.,800010300020,E2 - Margen de Rentabilidad Operat./Gastos de Estructura (%),182.17,P,2026,1,2026-01,indicad
00198,BANCO DE VALORES S.A.,800010300040,E4 - Depósitos por Empleado (en millones de pesos),5182.77,N,2026,1,2026-01,indicad
00198,BANCO DE VALORES S.A.,800010300050,E5 - Financiaciones por Empleado (en millones de pesos),3009.9,N,2026,1,2026-01,indicad
00198,BANCO DE VALORES S.A.,800010400010,R1 - Rendimiento Anual del Patrimonio ( ROE) (%),19.08,P,2026,1,2026-01,indicad
00198,BANCO DE VALORES S.A.,800010400020,R2 - Rendimiento Ordinario del Patrimonio (%),40.46,P,2026,1,2026-01,indicad
00198,BANCO DE VALORES S.A.,800010400080,R8 - Tasa Implicita Préstamos Totales (%),28.24,P,2026,1,2026-01,indicad
00198,BANCO DE VALORES S.A.,800010400090,R9 - Tasa Implicita Depósitos Totales (%),11.17,P,2026,1,2026-01,indicad
00198,BANCO DE VALORES S.A.,800010400170,R17 - Gastos en Personal / Gastos de Administración (%),75.3,P,2026,1,2026-01,indicad
00198,BANCO DE VALORES S.A.,800010401010,RG1 - Retorno sobre Activos ( ROA) (%),2.88,P,2026,1,2026-01,indicad
00198,BANCO DE VALORES S.A.,800010401020,RG2_II - Margen Financiero en Términos de Activo (%),9.69,P,2026,1,2026-01,indicad
00198,BANCO DE VALORES S.A.,800010401030,RG3 - Cargos por Incobrabilidad / Activo  (%),-0.53,P,2026,1,2026-01,indicad
00198,BANCO DE VALORES S.A.,800010401040,RG4_II - Resultados por Servicios / Activo (%),1.31,P,2026,1,2026-01,indicad
00198,BANCO DE VALORES S.A.,800010401050,RG5 - Gastos de Administración / Activo  (%),-3.35,P,2026,1,2026-01,indicad
00198,BANCO DE VALORES S.A.,800010401150,RG15 - Retorno sobre Activos (ROA) antes Imp. de Gcias (%),3.96,P,2026,1,2026-01,indicad
00198,BANCO DE VALORES S.A.,800010500010,"L1-Liquidez Tit c/cot, POS. CALL, LELIQ, LEFIs (netas) (%)",43.13,P,2026,1,2026-01,indicad
00198,BANCO DE VALORES S.A.,800010500080,L8_II - Liquidez con títulos con cotiz (%),43.04,P,2026,1,2026-01,indicad
00198,BANCO DE VALORES S.A.,800010500090,"L9 -Liq LELIQ, PASES y LEFIs (netos pases activos BCRA) (%)",42.73,P,2026,1,2026-01,indicad
00247,BANCO ROELA S.A.,800010100010,C1 - Apalancamiento (en veces),1.12,N,2026,1,2026-01,indicad
00247,BANCO ROELA S.A.,800010100020,C2 - Pérdida Potencial de Cartera en Situación 2 a 5 (%),0.32,P,2026,1,2026-01,indicad
00247,BANCO ROELA S.A.,800010100030,C3 - Pérdida Potencial de Cartera en Situación 3 a 5 (%),0.07,P,2026,1,2026-01,indicad
00247,BANCO ROELA S.A.,800010200090,A9 - Total Cartera Irregular / Total Financiaciones (%),1.67,P,2026,1,2026-01,indicad
00247,BANCO ROELA S.A.,800010200110,A11 - Cartera Irregular Sector Privado (%),2.76,P,2026,1,2026-01,indicad
00247,BANCO ROELA S.A.,800010200120,A12 - Participación Cartera Comercial Sector Privado (%),99.37,P,2026,1,2026-01,indicad
00247,BANCO ROELA S.A.,800010200130,A13 - Participación Cartera Consumo Sector Privado (%),0.63,P,2026,1,2026-01,indicad
00247,BANCO ROELA S.A.,800010200140,A14 - Previsiones sobre Cartera Irregular Total (%),92.68,P,2026,1,2026-01,indicad
00247,BANCO ROELA S.A.,800010200160,A16 - Cartera Irregular Consumo Sector Privado (%),1.37,P,2026,1,2026-01,indicad
00247,BANCO ROELA S.A.,800010200170,A17 - Cartera Irregular Comercial Sector Privado (%),2.77,P,2026,1,2026-01,indicad
00247,BANCO ROELA S.A.,800010200210,A21 - Posición de Previsiones Mín Sector Priv No Fciero (%),53.01,P,2026,1,2026-01,indicad
00247,BANCO ROELA S.A.,800010201030,AG3 - Importancia de Cartera Vencida del Sector Privado (%),2.76,P,2026,1,2026-01,indicad
00247,BANCO ROELA S.A.,800010201290,AG29 - Efectivo y Depósito en Bancos / Activo (%),3.1,P,2026,1,2026-01,indicad
00247,BANCO ROELA S.A.,800010300010,E1 - Absorción de Gastos de Ad. con Volúmen de Negocio (%),26.5,P,2026,1,2026-01,indicad
00247,BANCO ROELA S.A.,800010300020,E2 - Margen de Rentabilidad Operat./Gastos de Estructura (%),202.84,P,2026,1,2026-01,indicad
00247,BANCO ROELA S.A.,800010300040,E4 - Depósitos por Empleado (en millones de pesos),384.58,N,2026,1,2026-01,indicad
00247,BANCO ROELA S.A.,800010300050,E5 - Financiaciones por Empleado (en millones de pesos),65.12,N,2026,1,2026-01,indicad
00247,BANCO ROELA S.A.,800010400010,R1 - Rendimiento Anual del Patrimonio ( ROE) (%),16.95,P,2026,1,2026-01,indicad
00247,BANCO ROELA S.A.,800010400020,R2 - Rendimiento Ordinario del Patrimonio (%),53.09,P,2026,1,2026-01,indicad
00247,BANCO ROELA S.A.,800010400080,R8 - Tasa Implicita Préstamos Totales (%),54.2,P,2026,1,2026-01,indicad
00247,BANCO ROELA S.A.,800010400090,R9 - Tasa Implicita Depósitos Totales (%),2.63,P,2026,1,2026-01,indicad
00247,BANCO ROELA S.A.,800010400170,R17 - Gastos en Personal / Gastos de Administración (%),49.07,P,2026,1,2026-01,indicad
00247,BANCO ROELA S.A.,800010401010,RG1 - Retorno sobre Activos ( ROA) (%),8.07,P,2026,1,2026-01,indicad
00247,BANCO ROELA S.A.,800010401020,RG2_II - Margen Financiero en Términos de Activo (%),28.41,P,2026,1,2026-01,indicad
00247,BANCO ROELA S.A.,800010401030,RG3 - Cargos por Incobrabilidad / Activo  (%),-0.68,P,2026,1,2026-01,indicad
00247,BANCO ROELA S.A.,800010401040,RG4_II - Resultados por Servicios / Activo (%),13.01,P,2026,1,2026-01,indicad
00247,BANCO ROELA S.A.,800010401050,RG5 - Gastos de Administración / Activo  (%),-12.47,P,2026,1,2026-01,indicad
00247,BANCO ROELA S.A.,800010401150,RG15 - Retorno sobre Activos (ROA) antes Imp. de Gcias (%),13.66,P,2026,1,2026-01,indicad
00247,BANCO ROELA S.A.,800010500010,"L1-Liquidez Tit c/cot, POS. CALL, LELIQ, LEFIs (netas) (%)",9.7,P,2026,1,2026-01,indicad
00247,BANCO ROELA S.A.,800010500080,L8_II - Liquidez con títulos con cotiz (%),8.28,P,2026,1,2026-01,indicad
00247,BANCO ROELA S.A.,800010500090,"L9 -Liq LELIQ, PASES y LEFIs (netos pases activos BCRA) (%)",10.47,P,2026,1,2026-01,indicad
00254,BANCO MARIVA S.A.,800010100010,C1 - Apalancamiento (en veces),3.64,N,2026,1,2026-01,indicad
00254,BANCO MARIVA S.A.,800010100020,C2 - Pérdida Potencial de Cartera en Situación 2 a 5 (%),-0.34,P,2026,1,2026-01,indicad
00254,BANCO MARIVA S.A.,800010100030,C3 - Pérdida Potencial de Cartera en Situación 3 a 5 (%),-0.34,P,2026,1,2026-01,indicad
00254,BANCO MARIVA S.A.,800010200090,A9 - Total Cartera Irregular / Total Financiaciones (%),0.23,P,2026,1,2026-01,indicad
00254,BANCO MARIVA S.A.,800010200110,A11 - Cartera Irregular Sector Privado (%),0.24,P,2026,1,2026-01,indicad
00254,BANCO MARIVA S.A.,800010200120,A12 - Participación Cartera Comercial Sector Privado (%),99.88,P,2026,1,2026-01,indicad
00254,BANCO MARIVA S.A.,800010200130,A13 - Participación Cartera Consumo Sector Privado (%),0.12,P,2026,1,2026-01,indicad
00254,BANCO MARIVA S.A.,800010200140,A14 - Previsiones sobre Cartera Irregular Total (%),190.47,P,2026,1,2026-01,indicad
00254,BANCO MARIVA S.A.,800010200160,A16 - Cartera Irregular Consumo Sector Privado (%),5.98,P,2026,1,2026-01,indicad
00254,BANCO MARIVA S.A.,800010200170,A17 - Cartera Irregular Comercial Sector Privado (%),0.23,P,2026,1,2026-01,indicad
00254,BANCO MARIVA S.A.,800010200210,A21 - Posición de Previsiones Mín Sector Priv No Fciero (%),-58.17,P,2026,1,2026-01,indicad
00254,BANCO MARIVA S.A.,800010201030,AG3 - Importancia de Cartera Vencida del Sector Privado (%),0.22,P,2026,1,2026-01,indicad
00254,BANCO MARIVA S.A.,800010201290,AG29 - Efectivo y Depósito en Bancos / Activo (%),21.48,P,2026,1,2026-01,indicad
00254,BANCO MARIVA S.A.,800010300010,E1 - Absorción de Gastos de Ad. con Volúmen de Negocio (%),7.99,P,2026,1,2026-01,indicad
00254,BANCO MARIVA S.A.,800010300020,E2 - Margen de Rentabilidad Operat./Gastos de Estructura (%),-30.33,P,2026,1,2026-01,indicad
00254,BANCO MARIVA S.A.,800010300040,E4 - Depósitos por Empleado (en millones de pesos),1644.64,N,2026,1,2026-01,indicad
00254,BANCO MARIVA S.A.,800010300050,E5 - Financiaciones por Empleado (en millones de pesos),1043.58,N,2026,1,2026-01,indicad
00254,BANCO MARIVA S.A.,800010400010,R1 - Rendimiento Anual del Patrimonio ( ROE) (%),-1.47,P,2026,1,2026-01,indicad
00254,BANCO MARIVA S.A.,800010400020,R2 - Rendimiento Ordinario del Patrimonio (%),-8.16,P,2026,1,2026-01,indicad
00254,BANCO MARIVA S.A.,800010400080,R8 - Tasa Implicita Préstamos Totales (%),36.37,P,2026,1,2026-01,indicad
00254,BANCO MARIVA S.A.,800010400090,R9 - Tasa Implicita Depósitos Totales (%),22.27,P,2026,1,2026-01,indicad
00254,BANCO MARIVA S.A.,800010400170,R17 - Gastos en Personal / Gastos de Administración (%),62.02,P,2026,1,2026-01,indicad
00254,BANCO MARIVA S.A.,800010401010,RG1 - Retorno sobre Activos ( ROA) (%),-0.31,P,2026,1,2026-01,indicad
00254,BANCO MARIVA S.A.,800010401020,RG2_II - Margen Financiero en Términos de Activo (%),5.0,P,2026,1,2026-01,indicad
00254,BANCO MARIVA S.A.,800010401030,RG3 - Cargos por Incobrabilidad / Activo  (%),-0.1,P,2026,1,2026-01,indicad
00254,BANCO MARIVA S.A.,800010401040,RG4_II - Resultados por Servicios / Activo (%),0.25,P,2026,1,2026-01,indicad
00254,BANCO MARIVA S.A.,800010401050,RG5 - Gastos de Administración / Activo  (%),-5.67,P,2026,1,2026-01,indicad
00254,BANCO MARIVA S.A.,800010401150,RG15 - Retorno sobre Activos (ROA) antes Imp. de Gcias (%),-1.31,P,2026,1,2026-01,indicad
00254,BANCO MARIVA S.A.,800010500010,"L1-Liquidez Tit c/cot, POS. CALL, LELIQ, LEFIs (netas) (%)",58.69,P,2026,1,2026-01,indicad
00254,BANCO MARIVA S.A.,800010500080,L8_II - Liquidez con títulos con cotiz (%),56.16,P,2026,1,2026-01,indicad
00254,BANCO MARIVA S.A.,800010500090,"L9 -Liq LELIQ, PASES y LEFIs (netos pases activos BCRA) (%)",46.85,P,2026,1,2026-01,indicad
00266,BNP PARIBAS,800010100010,C1 - Apalancamiento (en veces),0.82,N,2026,1,2026-01,indicad
00266,BNP PARIBAS,800010100020,C2 - Pérdida Potencial de Cartera en Situación 2 a 5 (%),-0.01,P,2026,1,2026-01,indicad
00266,BNP PARIBAS,800010100030,C3 - Pérdida Potencial de Cartera en Situación 3 a 5 (%),-0.01,P,2026,1,2026-01,indicad
00266,BNP PARIBAS,800010200090,A9 - Total Cartera Irregular / Total Financiaciones (%),0.0,P,2026,1,2026-01,indicad
00266,BNP PARIBAS,800010200110,A11 - Cartera Irregular Sector Privado (%),0.0,P,2026,1,2026-01,indicad
00266,BNP PARIBAS,800010200120,A12 - Participación Cartera Comercial Sector Privado (%),99.99,P,2026,1,2026-01,indicad
00266,BNP PARIBAS,800010200130,A13 - Participación Cartera Consumo Sector Privado (%),0.01,P,2026,1,2026-01,indicad
00266,BNP PARIBAS,800010200140,A14 - Previsiones sobre Cartera Irregular Total (%),0.0,P,2026,1,2026-01,indicad
00266,BNP PARIBAS,800010200160,A16 - Cartera Irregular Consumo Sector Privado (%),0.0,P,2026,1,2026-01,indicad
00266,BNP PARIBAS,800010200170,A17 - Cartera Irregular Comercial Sector Privado (%),0.0,P,2026,1,2026-01,indicad
00266,BNP PARIBAS,800010200210,A21 - Posición de Previsiones Mín Sector Priv No Fciero (%),-86.94,P,2026,1,2026-01,indicad
00266,BNP PARIBAS,800010201030,AG3 - Importancia de Cartera Vencida del Sector Privado (%),0.0,P,2026,1,2026-01,indicad
00266,BNP PARIBAS,800010201290,AG29 - Efectivo y Depósito en Bancos / Activo (%),5.17,P,2026,1,2026-01,indicad
00266,BNP PARIBAS,800010300010,E1 - Absorción de Gastos de Ad. con Volúmen de Negocio (%),61.2,P,2026,1,2026-01,indicad
00266,BNP PARIBAS,800010300020,E2 - Margen de Rentabilidad Operat./Gastos de Estructura (%),66.96,P,2026,1,2026-01,indicad
00266,BNP PARIBAS,800010300040,E4 - Depósitos por Empleado (en millones de pesos),581.85,N,2026,1,2026-01,indicad
00266,BNP PARIBAS,800010300050,E5 - Financiaciones por Empleado (en millones de pesos),276.67,N,2026,1,2026-01,indicad
00266,BNP PARIBAS,800010400010,R1 - Rendimiento Anual del Patrimonio ( ROE) (%),5.13,P,2026,1,2026-01,indicad
00266,BNP PARIBAS,800010400020,R2 - Rendimiento Ordinario del Patrimonio (%),26.88,P,2026,1,2026-01,indicad
00266,BNP PARIBAS,800010400080,R8 - Tasa Implicita Préstamos Totales (%),44.22,P,2026,1,2026-01,indicad
00266,BNP PARIBAS,800010400090,R9 - Tasa Implicita Depósitos Totales (%),13.48,P,2026,1,2026-01,indicad
00266,BNP PARIBAS,800010400170,R17 - Gastos en Personal / Gastos de Administración (%),75.79,P,2026,1,2026-01,indicad
00266,BNP PARIBAS,800010401010,RG1 - Retorno sobre Activos ( ROA) (%),2.38,P,2026,1,2026-01,indicad
00266,BNP PARIBAS,800010401020,RG2_II - Margen Financiero en Términos de Activo (%),28.77,P,2026,1,2026-01,indicad
00266,BNP PARIBAS,800010401030,RG3 - Cargos por Incobrabilidad / Activo  (%),-0.01,P,2026,1,2026-01,indicad
00266,BNP PARIBAS,800010401040,RG4_II - Resultados por Servicios / Activo (%),3.95,P,2026,1,2026-01,indicad
00266,BNP PARIBAS,800010401050,RG5 - Gastos de Administración / Activo  (%),-18.65,P,2026,1,2026-01,indicad
00266,BNP PARIBAS,800010401150,RG15 - Retorno sobre Activos (ROA) antes Imp. de Gcias (%),2.85,P,2026,1,2026-01,indicad
00266,BNP PARIBAS,800010500010,"L1-Liquidez Tit c/cot, POS. CALL, LELIQ, LEFIs (netas) (%)",156.5,P,2026,1,2026-01,indicad
00266,BNP PARIBAS,800010500080,L8_II - Liquidez con títulos con cotiz (%),155.58,P,2026,1,2026-01,indicad
00266,BNP PARIBAS,800010500090,"L9 -Liq LELIQ, PASES y LEFIs (netos pases activos BCRA) (%)",27.91,P,2026,1,2026-01,indicad
00268,BANCO PROVINCIA DE TIERRA DEL FUEGO,800010100010,C1 - Apalancamiento (en veces),1.08,N,2026,1,2026-01,indicad
00268,BANCO PROVINCIA DE TIERRA DEL FUEGO,800010100020,C2 - Pérdida Potencial de Cartera en Situación 2 a 5 (%),6.46,P,2026,1,2026-01,indicad
00268,BANCO PROVINCIA DE TIERRA DEL FUEGO,800010100030,C3 - Pérdida Potencial de Cartera en Situación 3 a 5 (%),1.48,P,2026,1,2026-01,indicad
00268,BANCO PROVINCIA DE TIERRA DEL FUEGO,800010200090,A9 - Total Cartera Irregular / Total Financiaciones (%),8.53,P,2026,1,2026-01,indicad
00268,BANCO PROVINCIA DE TIERRA DEL FUEGO,800010200110,A11 - Cartera Irregular Sector Privado (%),8.53,P,2026,1,2026-01,indicad
00268,BANCO PROVINCIA DE TIERRA DEL FUEGO,800010200120,A12 - Participación Cartera Comercial Sector Privado (%),12.17,P,2026,1,2026-01,indicad
00268,BANCO PROVINCIA DE TIERRA DEL FUEGO,800010200130,A13 - Participación Cartera Consumo Sector Privado (%),87.83,P,2026,1,2026-01,indicad
00268,BANCO PROVINCIA DE TIERRA DEL FUEGO,800010200140,A14 - Previsiones sobre Cartera Irregular Total (%),82.12,P,2026,1,2026-01,indicad
00268,BANCO PROVINCIA DE TIERRA DEL FUEGO,800010200160,A16 - Cartera Irregular Consumo Sector Privado (%),8.02,P,2026,1,2026-01,indicad
00268,BANCO PROVINCIA DE TIERRA DEL FUEGO,800010200170,A17 - Cartera Irregular Comercial Sector Privado (%),12.19,P,2026,1,2026-01,indicad
00268,BANCO PROVINCIA DE TIERRA DEL FUEGO,800010200210,A21 - Posición de Previsiones Mín Sector Priv No Fciero (%),31.4,P,2026,1,2026-01,indicad
00268,BANCO PROVINCIA DE TIERRA DEL FUEGO,800010201030,AG3 - Importancia de Cartera Vencida del Sector Privado (%),5.82,P,2026,1,2026-01,indicad
00268,BANCO PROVINCIA DE TIERRA DEL FUEGO,800010201290,AG29 - Efectivo y Depósito en Bancos / Activo (%),5.7,P,2026,1,2026-01,indicad
00268,BANCO PROVINCIA DE TIERRA DEL FUEGO,800010300010,E1 - Absorción de Gastos de Ad. con Volúmen de Negocio (%),18.0,P,2026,1,2026-01,indicad
00268,BANCO PROVINCIA DE TIERRA DEL FUEGO,800010300020,E2 - Margen de Rentabilidad Operat./Gastos de Estructura (%),59.31,P,2026,1,2026-01,indicad
00268,BANCO PROVINCIA DE TIERRA DEL FUEGO,800010300040,E4 - Depósitos por Empleado (en millones de pesos),475.7,N,2026,1,2026-01,indicad
00268,BANCO PROVINCIA DE TIERRA DEL FUEGO,800010300050,E5 - Financiaciones por Empleado (en millones de pesos),516.92,N,2026,1,2026-01,indicad
00268,BANCO PROVINCIA DE TIERRA DEL FUEGO,800010400010,R1 - Rendimiento Anual del Patrimonio ( ROE) (%),0.17,P,2026,1,2026-01,indicad
00268,BANCO PROVINCIA DE TIERRA DEL FUEGO,800010400020,R2 - Rendimiento Ordinario del Patrimonio (%),17.47,P,2026,1,2026-01,indicad
00268,BANCO PROVINCIA DE TIERRA DEL FUEGO,800010400080,R8 - Tasa Implicita Préstamos Totales (%),46.57,P,2026,1,2026-01,indicad
00268,BANCO PROVINCIA DE TIERRA DEL FUEGO,800010400090,R9 - Tasa Implicita Depósitos Totales (%),9.75,P,2026,1,2026-01,indicad
00268,BANCO PROVINCIA DE TIERRA DEL FUEGO,800010400170,R17 - Gastos en Personal / Gastos de Administración (%),66.01,P,2026,1,2026-01,indicad
00268,BANCO PROVINCIA DE TIERRA DEL FUEGO,800010401010,RG1 - Retorno sobre Activos ( ROA) (%),0.07,P,2026,1,2026-01,indicad
00268,BANCO PROVINCIA DE TIERRA DEL FUEGO,800010401020,RG2_II - Margen Financiero en Términos de Activo (%),20.73,P,2026,1,2026-01,indicad
00268,BANCO PROVINCIA DE TIERRA DEL FUEGO,800010401030,RG3 - Cargos por Incobrabilidad / Activo  (%),-3.32,P,2026,1,2026-01,indicad
00268,BANCO PROVINCIA DE TIERRA DEL FUEGO,800010401040,RG4_II - Resultados por Servicios / Activo (%),2.45,P,2026,1,2026-01,indicad
00268,BANCO PROVINCIA DE TIERRA DEL FUEGO,800010401050,RG5 - Gastos de Administración / Activo  (%),-12.45,P,2026,1,2026-01,indicad
00268,BANCO PROVINCIA DE TIERRA DEL FUEGO,800010401150,RG15 - Retorno sobre Activos (ROA) antes Imp. de Gcias (%),0.16,P,2026,1,2026-01,indicad
00268,BANCO PROVINCIA DE TIERRA DEL FUEGO,800010500010,"L1-Liquidez Tit c/cot, POS. CALL, LELIQ, LEFIs (netas) (%)",14.87,P,2026,1,2026-01,indicad
00268,BANCO PROVINCIA DE TIERRA DEL FUEGO,800010500080,L8_II - Liquidez con títulos con cotiz (%),14.87,P,2026,1,2026-01,indicad
00268,BANCO PROVINCIA DE TIERRA DEL FUEGO,800010500090,"L9 -Liq LELIQ, PASES y LEFIs (netos pases activos BCRA) (%)",14.87,P,2026,1,2026-01,indicad
00269,BANCO DE LA REPUBLICA ORIENTAL DEL URUGUAY,800010100010,C1 - Apalancamiento (en veces),0.65,N,2026,1,2026-01,indicad
00269,BANCO DE LA REPUBLICA ORIENTAL DEL URUGUAY,800010100020,C2 - Pérdida Potencial de Cartera en Situación 2 a 5 (%),-0.02,P,2026,1,2026-01,indicad
00269,BANCO DE LA REPUBLICA ORIENTAL DEL URUGUAY,800010100030,C3 - Pérdida Potencial de Cartera en Situación 3 a 5 (%),-0.02,P,2026,1,2026-01,indicad
00269,BANCO DE LA REPUBLICA ORIENTAL DEL URUGUAY,800010200090,A9 - Total Cartera Irregular / Total Financiaciones (%),0.41,P,2026,1,2026-01,indicad
00269,BANCO DE LA REPUBLICA ORIENTAL DEL URUGUAY,800010200110,A11 - Cartera Irregular Sector Privado (%),1.95,P,2026,1,2026-01,indicad
00269,BANCO DE LA REPUBLICA ORIENTAL DEL URUGUAY,800010200120,A12 - Participación Cartera Comercial Sector Privado (%),35.99,P,2026,1,2026-01,indicad
00269,BANCO DE LA REPUBLICA ORIENTAL DEL URUGUAY,800010200130,A13 - Participación Cartera Consumo Sector Privado (%),64.01,P,2026,1,2026-01,indicad
00269,BANCO DE LA REPUBLICA ORIENTAL DEL URUGUAY,800010200140,A14 - Previsiones sobre Cartera Irregular Total (%),159.67,P,2026,1,2026-01,indicad
00269,BANCO DE LA REPUBLICA ORIENTAL DEL URUGUAY,800010200160,A16 - Cartera Irregular Consumo Sector Privado (%),3.05,P,2026,1,2026-01,indicad
00269,BANCO DE LA REPUBLICA ORIENTAL DEL URUGUAY,800010200170,A17 - Cartera Irregular Comercial Sector Privado (%),0.0,P,2026,1,2026-01,indicad
00269,BANCO DE LA REPUBLICA ORIENTAL DEL URUGUAY,800010200210,A21 - Posición de Previsiones Mín Sector Priv No Fciero (%),96.78,P,2026,1,2026-01,indicad
00269,BANCO DE LA REPUBLICA ORIENTAL DEL URUGUAY,800010201030,AG3 - Importancia de Cartera Vencida del Sector Privado (%),0.0,P,2026,1,2026-01,indicad
00269,BANCO DE LA REPUBLICA ORIENTAL DEL URUGUAY,800010201290,AG29 - Efectivo y Depósito en Bancos / Activo (%),29.93,P,2026,1,2026-01,indicad
00269,BANCO DE LA REPUBLICA ORIENTAL DEL URUGUAY,800010300010,E1 - Absorción de Gastos de Ad. con Volúmen de Negocio (%),103.6,P,2026,1,2026-01,indicad
00269,BANCO DE LA REPUBLICA ORIENTAL DEL URUGUAY,800010300020,E2 - Margen de Rentabilidad Operat./Gastos de Estructura (%),-71.41,P,2026,1,2026-01,indicad
00269,BANCO DE LA REPUBLICA ORIENTAL DEL URUGUAY,800010300040,E4 - Depósitos por Empleado (en millones de pesos),177.82,N,2026,1,2026-01,indicad
00269,BANCO DE LA REPUBLICA ORIENTAL DEL URUGUAY,800010300050,E5 - Financiaciones por Empleado (en millones de pesos),22.43,N,2026,1,2026-01,indicad
00269,BANCO DE LA REPUBLICA ORIENTAL DEL URUGUAY,800010400010,R1 - Rendimiento Anual del Patrimonio ( ROE) (%),-65.03,P,2026,1,2026-01,indicad
00269,BANCO DE LA REPUBLICA ORIENTAL DEL URUGUAY,800010400020,R2 - Rendimiento Ordinario del Patrimonio (%),-45.47,P,2026,1,2026-01,indicad
00269,BANCO DE LA REPUBLICA ORIENTAL DEL URUGUAY,800010400080,R8 - Tasa Implicita Préstamos Totales (%),25.43,P,2026,1,2026-01,indicad
00269,BANCO DE LA REPUBLICA ORIENTAL DEL URUGUAY,800010400090,R9 - Tasa Implicita Depósitos Totales (%),0.17,P,2026,1,2026-01,indicad
00269,BANCO DE LA REPUBLICA ORIENTAL DEL URUGUAY,800010400170,R17 - Gastos en Personal / Gastos de Administración (%),48.63,P,2026,1,2026-01,indicad
00269,BANCO DE LA REPUBLICA ORIENTAL DEL URUGUAY,800010401010,RG1 - Retorno sobre Activos ( ROA) (%),-39.24,P,2026,1,2026-01,indicad
00269,BANCO DE LA REPUBLICA ORIENTAL DEL URUGUAY,800010401020,RG2_II - Margen Financiero en Términos de Activo (%),13.36,P,2026,1,2026-01,indicad
00269,BANCO DE LA REPUBLICA ORIENTAL DEL URUGUAY,800010401030,RG3 - Cargos por Incobrabilidad / Activo  (%),-0.04,P,2026,1,2026-01,indicad
00269,BANCO DE LA REPUBLICA ORIENTAL DEL URUGUAY,800010401040,RG4_II - Resultados por Servicios / Activo (%),-1.92,P,2026,1,2026-01,indicad
00269,BANCO DE LA REPUBLICA ORIENTAL DEL URUGUAY,800010401050,RG5 - Gastos de Administración / Activo  (%),-38.42,P,2026,1,2026-01,indicad
00269,BANCO DE LA REPUBLICA ORIENTAL DEL URUGUAY,800010401150,RG15 - Retorno sobre Activos (ROA) antes Imp. de Gcias (%),-39.36,P,2026,1,2026-01,indicad
00269,BANCO DE LA REPUBLICA ORIENTAL DEL URUGUAY,800010500010,"L1-Liquidez Tit c/cot, POS. CALL, LELIQ, LEFIs (netas) (%)",102.59,P,2026,1,2026-01,indicad
00269,BANCO DE LA REPUBLICA ORIENTAL DEL URUGUAY,800010500080,L8_II - Liquidez con títulos con cotiz (%),92.36,P,2026,1,2026-01,indicad
00269,BANCO DE LA REPUBLICA ORIENTAL DEL URUGUAY,800010500090,"L9 -Liq LELIQ, PASES y LEFIs (netos pases activos BCRA) (%)",92.28,P,2026,1,2026-01,indicad
00277,BANCO SAENZ S.A.,800010100010,C1 - Apalancamiento (en veces),2.35,N,2026,1,2026-01,indicad
00277,BANCO SAENZ S.A.,800010100020,C2 - Pérdida Potencial de Cartera en Situación 2 a 5 (%),28.01,P,2026,1,2026-01,indicad
00277,BANCO SAENZ S.A.,800010100030,C3 - Pérdida Potencial de Cartera en Situación 3 a 5 (%),12.47,P,2026,1,2026-01,indicad
00277,BANCO SAENZ S.A.,800010200090,A9 - Total Cartera Irregular / Total Financiaciones (%),28.43,P,2026,1,2026-01,indicad
00277,BANCO SAENZ S.A.,800010200110,A11 - Cartera Irregular Sector Privado (%),36.51,P,2026,1,2026-01,indicad
00277,BANCO SAENZ S.A.,800010200120,A12 - Participación Cartera Comercial Sector Privado (%),7.84,P,2026,1,2026-01,indicad
00277,BANCO SAENZ S.A.,800010200130,A13 - Participación Cartera Consumo Sector Privado (%),92.16,P,2026,1,2026-01,indicad
00277,BANCO SAENZ S.A.,800010200140,A14 - Previsiones sobre Cartera Irregular Total (%),78.51,P,2026,1,2026-01,indicad
00277,BANCO SAENZ S.A.,800010200160,A16 - Cartera Irregular Consumo Sector Privado (%),39.62,P,2026,1,2026-01,indicad
00277,BANCO SAENZ S.A.,800010200170,A17 - Cartera Irregular Comercial Sector Privado (%),0.0,P,2026,1,2026-01,indicad
00277,BANCO SAENZ S.A.,800010200210,A21 - Posición de Previsiones Mín Sector Priv No Fciero (%),25.38,P,2026,1,2026-01,indicad
00277,BANCO SAENZ S.A.,800010201030,AG3 - Importancia de Cartera Vencida del Sector Privado (%),25.86,P,2026,1,2026-01,indicad
00277,BANCO SAENZ S.A.,800010201290,AG29 - Efectivo y Depósito en Bancos / Activo (%),9.25,P,2026,1,2026-01,indicad
00277,BANCO SAENZ S.A.,800010300010,E1 - Absorción de Gastos de Ad. con Volúmen de Negocio (%),15.31,P,2026,1,2026-01,indicad
00277,BANCO SAENZ S.A.,800010300020,E2 - Margen de Rentabilidad Operat./Gastos de Estructura (%),10.12,P,2026,1,2026-01,indicad
00277,BANCO SAENZ S.A.,800010300040,E4 - Depósitos por Empleado (en millones de pesos),926.86,N,2026,1,2026-01,indicad
00277,BANCO SAENZ S.A.,800010300050,E5 - Financiaciones por Empleado (en millones de pesos),718.47,N,2026,1,2026-01,indicad
00277,BANCO SAENZ S.A.,800010400010,R1 - Rendimiento Anual del Patrimonio ( ROE) (%),-7.84,P,2026,1,2026-01,indicad
00277,BANCO SAENZ S.A.,800010400020,R2 - Rendimiento Ordinario del Patrimonio (%),5.51,P,2026,1,2026-01,indicad
00277,BANCO SAENZ S.A.,800010400080,R8 - Tasa Implicita Préstamos Totales (%),66.86,P,2026,1,2026-01,indicad
00277,BANCO SAENZ S.A.,800010400090,R9 - Tasa Implicita Depósitos Totales (%),27.45,P,2026,1,2026-01,indicad
00277,BANCO SAENZ S.A.,800010400170,R17 - Gastos en Personal / Gastos de Administración (%),37.63,P,2026,1,2026-01,indicad
00277,BANCO SAENZ S.A.,800010401010,RG1 - Retorno sobre Activos ( ROA) (%),-2.5,P,2026,1,2026-01,indicad
00277,BANCO SAENZ S.A.,800010401020,RG2_II - Margen Financiero en Términos de Activo (%),35.03,P,2026,1,2026-01,indicad
00277,BANCO SAENZ S.A.,800010401030,RG3 - Cargos por Incobrabilidad / Activo  (%),-12.35,P,2026,1,2026-01,indicad
00277,BANCO SAENZ S.A.,800010401040,RG4_II - Resultados por Servicios / Activo (%),-0.36,P,2026,1,2026-01,indicad
00277,BANCO SAENZ S.A.,800010401050,RG5 - Gastos de Administración / Activo  (%),-17.38,P,2026,1,2026-01,indicad
00277,BANCO SAENZ S.A.,800010401150,RG15 - Retorno sobre Activos (ROA) antes Imp. de Gcias (%),-4.2,P,2026,1,2026-01,indicad
00277,BANCO SAENZ S.A.,800010500010,"L1-Liquidez Tit c/cot, POS. CALL, LELIQ, LEFIs (netas) (%)",13.87,P,2026,1,2026-01,indicad
00277,BANCO SAENZ S.A.,800010500080,L8_II - Liquidez con títulos con cotiz (%),13.9,P,2026,1,2026-01,indicad
00277,BANCO SAENZ S.A.,800010500090,"L9 -Liq LELIQ, PASES y LEFIs (netos pases activos BCRA) (%)",15.29,P,2026,1,2026-01,indicad
00281,BANCO MERIDIAN S.A.,800010100010,C1 - Apalancamiento (en veces),2.52,N,2026,1,2026-01,indicad
00281,BANCO MERIDIAN S.A.,800010100020,C2 - Pérdida Potencial de Cartera en Situación 2 a 5 (%),2.67,P,2026,1,2026-01,indicad
00281,BANCO MERIDIAN S.A.,800010100030,C3 - Pérdida Potencial de Cartera en Situación 3 a 5 (%),-0.13,P,2026,1,2026-01,indicad
00281,BANCO MERIDIAN S.A.,800010200090,A9 - Total Cartera Irregular / Total Financiaciones (%),0.9,P,2026,1,2026-01,indicad
00281,BANCO MERIDIAN S.A.,800010200110,A11 - Cartera Irregular Sector Privado (%),0.93,P,2026,1,2026-01,indicad
00281,BANCO MERIDIAN S.A.,800010200120,A12 - Participación Cartera Comercial Sector Privado (%),85.96,P,2026,1,2026-01,indicad
00281,BANCO MERIDIAN S.A.,800010200130,A13 - Participación Cartera Consumo Sector Privado (%),14.04,P,2026,1,2026-01,indicad
00281,BANCO MERIDIAN S.A.,800010200140,A14 - Previsiones sobre Cartera Irregular Total (%),111.18,P,2026,1,2026-01,indicad
00281,BANCO MERIDIAN S.A.,800010200160,A16 - Cartera Irregular Consumo Sector Privado (%),0.32,P,2026,1,2026-01,indicad
00281,BANCO MERIDIAN S.A.,800010200170,A17 - Cartera Irregular Comercial Sector Privado (%),1.03,P,2026,1,2026-01,indicad
00281,BANCO MERIDIAN S.A.,800010200210,A21 - Posición de Previsiones Mín Sector Priv No Fciero (%),-22.43,P,2026,1,2026-01,indicad
00281,BANCO MERIDIAN S.A.,800010201030,AG3 - Importancia de Cartera Vencida del Sector Privado (%),0.31,P,2026,1,2026-01,indicad
00281,BANCO MERIDIAN S.A.,800010201290,AG29 - Efectivo y Depósito en Bancos / Activo (%),9.17,P,2026,1,2026-01,indicad
00281,BANCO MERIDIAN S.A.,800010300010,E1 - Absorción de Gastos de Ad. con Volúmen de Negocio (%),32.41,P,2026,1,2026-01,indicad
00281,BANCO MERIDIAN S.A.,800010300020,E2 - Margen de Rentabilidad Operat./Gastos de Estructura (%),8.59,P,2026,1,2026-01,indicad
00281,BANCO MERIDIAN S.A.,800010300040,E4 - Depósitos por Empleado (en millones de pesos),359.75,N,2026,1,2026-01,indicad
00281,BANCO MERIDIAN S.A.,800010300050,E5 - Financiaciones por Empleado (en millones de pesos),127.0,N,2026,1,2026-01,indicad
00281,BANCO MERIDIAN S.A.,800010400010,R1 - Rendimiento Anual del Patrimonio ( ROE) (%),-3.3,P,2026,1,2026-01,indicad
00281,BANCO MERIDIAN S.A.,800010400020,R2 - Rendimiento Ordinario del Patrimonio (%),7.11,P,2026,1,2026-01,indicad
00281,BANCO MERIDIAN S.A.,800010400080,R8 - Tasa Implicita Préstamos Totales (%),51.62,P,2026,1,2026-01,indicad
00281,BANCO MERIDIAN S.A.,800010400090,R9 - Tasa Implicita Depósitos Totales (%),16.6,P,2026,1,2026-01,indicad
00281,BANCO MERIDIAN S.A.,800010400170,R17 - Gastos en Personal / Gastos de Administración (%),56.73,P,2026,1,2026-01,indicad
00281,BANCO MERIDIAN S.A.,800010401010,RG1 - Retorno sobre Activos ( ROA) (%),-0.95,P,2026,1,2026-01,indicad
00281,BANCO MERIDIAN S.A.,800010401020,RG2_II - Margen Financiero en Términos de Activo (%),21.76,P,2026,1,2026-01,indicad
00281,BANCO MERIDIAN S.A.,800010401030,RG3 - Cargos por Incobrabilidad / Activo  (%),-0.31,P,2026,1,2026-01,indicad
00281,BANCO MERIDIAN S.A.,800010401040,RG4_II - Resultados por Servicios / Activo (%),6.46,P,2026,1,2026-01,indicad
00281,BANCO MERIDIAN S.A.,800010401050,RG5 - Gastos de Administración / Activo  (%),-23.82,P,2026,1,2026-01,indicad
00281,BANCO MERIDIAN S.A.,800010401150,RG15 - Retorno sobre Activos (ROA) antes Imp. de Gcias (%),-1.57,P,2026,1,2026-01,indicad
00281,BANCO MERIDIAN S.A.,800010500010,"L1-Liquidez Tit c/cot, POS. CALL, LELIQ, LEFIs (netas) (%)",42.56,P,2026,1,2026-01,indicad
00281,BANCO MERIDIAN S.A.,800010500080,L8_II - Liquidez con títulos con cotiz (%),40.57,P,2026,1,2026-01,indicad
00281,BANCO MERIDIAN S.A.,800010500090,"L9 -Liq LELIQ, PASES y LEFIs (netos pases activos BCRA) (%)",23.14,P,2026,1,2026-01,indicad
00285,BANCO MACRO S.A.,800010100010,C1 - Apalancamiento (en veces),3.16,N,2026,1,2026-01,indicad
00285,BANCO MACRO S.A.,800010100020,C2 - Pérdida Potencial de Cartera en Situación 2 a 5 (%),5.14,P,2026,1,2026-01,indicad
00285,BANCO MACRO S.A.,800010100030,C3 - Pérdida Potencial de Cartera en Situación 3 a 5 (%),-0.42,P,2026,1,2026-01,indicad
00285,BANCO MACRO S.A.,800010200090,A9 - Total Cartera Irregular / Total Financiaciones (%),4.43,P,2026,1,2026-01,indicad
00285,BANCO MACRO S.A.,800010200110,A11 - Cartera Irregular Sector Privado (%),4.58,P,2026,1,2026-01,indicad
00285,BANCO MACRO S.A.,800010200120,A12 - Participación Cartera Comercial Sector Privado (%),47.86,P,2026,1,2026-01,indicad
00285,BANCO MACRO S.A.,800010200130,A13 - Participación Cartera Consumo Sector Privado (%),52.17,P,2026,1,2026-01,indicad
00285,BANCO MACRO S.A.,800010200140,A14 - Previsiones sobre Cartera Irregular Total (%),104.37,P,2026,1,2026-01,indicad
00285,BANCO MACRO S.A.,800010200160,A16 - Cartera Irregular Consumo Sector Privado (%),6.58,P,2026,1,2026-01,indicad
00285,BANCO MACRO S.A.,800010200170,A17 - Cartera Irregular Comercial Sector Privado (%),2.38,P,2026,1,2026-01,indicad
00285,BANCO MACRO S.A.,800010200210,A21 - Posición de Previsiones Mín Sector Priv No Fciero (%),60.02,P,2026,1,2026-01,indicad
00285,BANCO MACRO S.A.,800010201030,AG3 - Importancia de Cartera Vencida del Sector Privado (%),2.33,P,2026,1,2026-01,indicad
00285,BANCO MACRO S.A.,800010201290,AG29 - Efectivo y Depósito en Bancos / Activo (%),19.22,P,2026,1,2026-01,indicad
00285,BANCO MACRO S.A.,800010300010,E1 - Absorción de Gastos de Ad. con Volúmen de Negocio (%),6.52,P,2026,1,2026-01,indicad
00285,BANCO MACRO S.A.,800010300020,E2 - Margen de Rentabilidad Operat./Gastos de Estructura (%),92.11,P,2026,1,2026-01,indicad
00285,BANCO MACRO S.A.,800010300040,E4 - Depósitos por Empleado (en millones de pesos),1615.01,N,2026,1,2026-01,indicad
00285,BANCO MACRO S.A.,800010300050,E5 - Financiaciones por Empleado (en millones de pesos),1274.0,N,2026,1,2026-01,indicad
00285,BANCO MACRO S.A.,800010400010,R1 - Rendimiento Anual del Patrimonio ( ROE) (%),5.2,P,2026,1,2026-01,indicad
00285,BANCO MACRO S.A.,800010400020,R2 - Rendimiento Ordinario del Patrimonio (%),26.35,P,2026,1,2026-01,indicad
00285,BANCO MACRO S.A.,800010400080,R8 - Tasa Implicita Préstamos Totales (%),37.58,P,2026,1,2026-01,indicad
00285,BANCO MACRO S.A.,800010400090,R9 - Tasa Implicita Depósitos Totales (%),15.17,P,2026,1,2026-01,indicad
00285,BANCO MACRO S.A.,800010400170,R17 - Gastos en Personal / Gastos de Administración (%),61.08,P,2026,1,2026-01,indicad
00285,BANCO MACRO S.A.,800010401010,RG1 - Retorno sobre Activos ( ROA) (%),1.32,P,2026,1,2026-01,indicad
00285,BANCO MACRO S.A.,800010401020,RG2_II - Margen Financiero en Términos de Activo (%),16.7,P,2026,1,2026-01,indicad
00285,BANCO MACRO S.A.,800010401030,RG3 - Cargos por Incobrabilidad / Activo  (%),-2.77,P,2026,1,2026-01,indicad
00285,BANCO MACRO S.A.,800010401040,RG4_II - Resultados por Servicios / Activo (%),2.61,P,2026,1,2026-01,indicad
00285,BANCO MACRO S.A.,800010401050,RG5 - Gastos de Administración / Activo  (%),-7.29,P,2026,1,2026-01,indicad
00285,BANCO MACRO S.A.,800010401150,RG15 - Retorno sobre Activos (ROA) antes Imp. de Gcias (%),2.15,P,2026,1,2026-01,indicad
00285,BANCO MACRO S.A.,800010500010,"L1-Liquidez Tit c/cot, POS. CALL, LELIQ, LEFIs (netas) (%)",37.64,P,2026,1,2026-01,indicad
00285,BANCO MACRO S.A.,800010500080,L8_II - Liquidez con títulos con cotiz (%),37.06,P,2026,1,2026-01,indicad
00285,BANCO MACRO S.A.,800010500090,"L9 -Liq LELIQ, PASES y LEFIs (netos pases activos BCRA) (%)",32.35,P,2026,1,2026-01,indicad
00299,BANCO COMAFI SOCIEDAD ANONIMA,800010100010,C1 - Apalancamiento (en veces),7.09,N,2026,1,2026-01,indicad
00299,BANCO COMAFI SOCIEDAD ANONIMA,800010100020,C2 - Pérdida Potencial de Cartera en Situación 2 a 5 (%),3.11,P,2026,1,2026-01,indicad
00299,BANCO COMAFI SOCIEDAD ANONIMA,800010100030,C3 - Pérdida Potencial de Cartera en Situación 3 a 5 (%),-2.0,P,2026,1,2026-01,indicad
00299,BANCO COMAFI SOCIEDAD ANONIMA,800010200090,A9 - Total Cartera Irregular / Total Financiaciones (%),2.77,P,2026,1,2026-01,indicad
00299,BANCO COMAFI SOCIEDAD ANONIMA,800010200110,A11 - Cartera Irregular Sector Privado (%),3.3,P,2026,1,2026-01,indicad
00299,BANCO COMAFI SOCIEDAD ANONIMA,800010200120,A12 - Participación Cartera Comercial Sector Privado (%),86.51,P,2026,1,2026-01,indicad
00299,BANCO COMAFI SOCIEDAD ANONIMA,800010200130,A13 - Participación Cartera Consumo Sector Privado (%),13.49,P,2026,1,2026-01,indicad
00299,BANCO COMAFI SOCIEDAD ANONIMA,800010200140,A14 - Previsiones sobre Cartera Irregular Total (%),114.89,P,2026,1,2026-01,indicad
00299,BANCO COMAFI SOCIEDAD ANONIMA,800010200160,A16 - Cartera Irregular Consumo Sector Privado (%),12.6,P,2026,1,2026-01,indicad
00299,BANCO COMAFI SOCIEDAD ANONIMA,800010200170,A17 - Cartera Irregular Comercial Sector Privado (%),1.85,P,2026,1,2026-01,indicad
00299,BANCO COMAFI SOCIEDAD ANONIMA,800010200210,A21 - Posición de Previsiones Mín Sector Priv No Fciero (%),70.82,P,2026,1,2026-01,indicad
00299,BANCO COMAFI SOCIEDAD ANONIMA,800010201030,AG3 - Importancia de Cartera Vencida del Sector Privado (%),2.15,P,2026,1,2026-01,indicad
00299,BANCO COMAFI SOCIEDAD ANONIMA,800010201290,AG29 - Efectivo y Depósito en Bancos / Activo (%),21.84,P,2026,1,2026-01,indicad
00299,BANCO COMAFI SOCIEDAD ANONIMA,800010300010,E1 - Absorción de Gastos de Ad. con Volúmen de Negocio (%),7.39,P,2026,1,2026-01,indicad
00299,BANCO COMAFI SOCIEDAD ANONIMA,800010300020,E2 - Margen de Rentabilidad Operat./Gastos de Estructura (%),16.17,P,2026,1,2026-01,indicad
00299,BANCO COMAFI SOCIEDAD ANONIMA,800010300040,E4 - Depósitos por Empleado (en millones de pesos),1738.7,N,2026,1,2026-01,indicad
00299,BANCO COMAFI SOCIEDAD ANONIMA,800010300050,E5 - Financiaciones por Empleado (en millones de pesos),993.46,N,2026,1,2026-01,indicad
00299,BANCO COMAFI SOCIEDAD ANONIMA,800010400010,R1 - Rendimiento Anual del Patrimonio ( ROE) (%),4.04,P,2026,1,2026-01,indicad
00299,BANCO COMAFI SOCIEDAD ANONIMA,800010400020,R2 - Rendimiento Ordinario del Patrimonio (%),11.5,P,2026,1,2026-01,indicad
00299,BANCO COMAFI SOCIEDAD ANONIMA,800010400080,R8 - Tasa Implicita Préstamos Totales (%),30.73,P,2026,1,2026-01,indicad
00299,BANCO COMAFI SOCIEDAD ANONIMA,800010400090,R9 - Tasa Implicita Depósitos Totales (%),14.48,P,2026,1,2026-01,indicad
00299,BANCO COMAFI SOCIEDAD ANONIMA,800010400170,R17 - Gastos en Personal / Gastos de Administración (%),53.59,P,2026,1,2026-01,indicad
00299,BANCO COMAFI SOCIEDAD ANONIMA,800010401010,RG1 - Retorno sobre Activos ( ROA) (%),0.53,P,2026,1,2026-01,indicad
00299,BANCO COMAFI SOCIEDAD ANONIMA,800010401020,RG2_II - Margen Financiero en Términos de Activo (%),10.99,P,2026,1,2026-01,indicad
00299,BANCO COMAFI SOCIEDAD ANONIMA,800010401030,RG3 - Cargos por Incobrabilidad / Activo  (%),-1.67,P,2026,1,2026-01,indicad
00299,BANCO COMAFI SOCIEDAD ANONIMA,800010401040,RG4_II - Resultados por Servicios / Activo (%),3.03,P,2026,1,2026-01,indicad
00299,BANCO COMAFI SOCIEDAD ANONIMA,800010401050,RG5 - Gastos de Administración / Activo  (%),-9.29,P,2026,1,2026-01,indicad
00299,BANCO COMAFI SOCIEDAD ANONIMA,800010401150,RG15 - Retorno sobre Activos (ROA) antes Imp. de Gcias (%),-0.67,P,2026,1,2026-01,indicad
00299,BANCO COMAFI SOCIEDAD ANONIMA,800010500010,"L1-Liquidez Tit c/cot, POS. CALL, LELIQ, LEFIs (netas) (%)",40.68,P,2026,1,2026-01,indicad
00299,BANCO COMAFI SOCIEDAD ANONIMA,800010500080,L8_II - Liquidez con títulos con cotiz (%),39.46,P,2026,1,2026-01,indicad
00299,BANCO COMAFI SOCIEDAD ANONIMA,800010500090,"L9 -Liq LELIQ, PASES y LEFIs (netos pases activos BCRA) (%)",28.05,P,2026,1,2026-01,indicad
00300,BANCO DE INVERSION Y COMERCIO EXTERIOR S.A.,800010100010,C1 - Apalancamiento (en veces),1.57,N,2026,1,2026-01,indicad
00300,BANCO DE INVERSION Y COMERCIO EXTERIOR S.A.,800010100020,C2 - Pérdida Potencial de Cartera en Situación 2 a 5 (%),0.0,P,2026,1,2026-01,indicad
00300,BANCO DE INVERSION Y COMERCIO EXTERIOR S.A.,800010100030,C3 - Pérdida Potencial de Cartera en Situación 3 a 5 (%),-0.17,P,2026,1,2026-01,indicad
00300,BANCO DE INVERSION Y COMERCIO EXTERIOR S.A.,800010200090,A9 - Total Cartera Irregular / Total Financiaciones (%),1.52,P,2026,1,2026-01,indicad
00300,BANCO DE INVERSION Y COMERCIO EXTERIOR S.A.,800010200110,A11 - Cartera Irregular Sector Privado (%),2.51,P,2026,1,2026-01,indicad
00300,BANCO DE INVERSION Y COMERCIO EXTERIOR S.A.,800010200120,A12 - Participación Cartera Comercial Sector Privado (%),103.83,P,2026,1,2026-01,indicad
00300,BANCO DE INVERSION Y COMERCIO EXTERIOR S.A.,800010200130,A13 - Participación Cartera Consumo Sector Privado (%),0.0,P,2026,1,2026-01,indicad
00300,BANCO DE INVERSION Y COMERCIO EXTERIOR S.A.,800010200140,A14 - Previsiones sobre Cartera Irregular Total (%),110.84,P,2026,1,2026-01,indicad
00300,BANCO DE INVERSION Y COMERCIO EXTERIOR S.A.,800010200160,A16 - Cartera Irregular Consumo Sector Privado (%),0.0,P,2026,1,2026-01,indicad
00300,BANCO DE INVERSION Y COMERCIO EXTERIOR S.A.,800010200170,A17 - Cartera Irregular Comercial Sector Privado (%),2.42,P,2026,1,2026-01,indicad
00300,BANCO DE INVERSION Y COMERCIO EXTERIOR S.A.,800010200210,A21 - Posición de Previsiones Mín Sector Priv No Fciero (%),58.43,P,2026,1,2026-01,indicad
00300,BANCO DE INVERSION Y COMERCIO EXTERIOR S.A.,800010201030,AG3 - Importancia de Cartera Vencida del Sector Privado (%),0.25,P,2026,1,2026-01,indicad
00300,BANCO DE INVERSION Y COMERCIO EXTERIOR S.A.,800010201290,AG29 - Efectivo y Depósito en Bancos / Activo (%),4.23,P,2026,1,2026-01,indicad
00300,BANCO DE INVERSION Y COMERCIO EXTERIOR S.A.,800010300010,E1 - Absorción de Gastos de Ad. con Volúmen de Negocio (%),3.53,P,2026,1,2026-01,indicad
00300,BANCO DE INVERSION Y COMERCIO EXTERIOR S.A.,800010300020,E2 - Margen de Rentabilidad Operat./Gastos de Estructura (%),315.68,P,2026,1,2026-01,indicad
00300,BANCO DE INVERSION Y COMERCIO EXTERIOR S.A.,800010300040,E4 - Depósitos por Empleado (en millones de pesos),2467.79,N,2026,1,2026-01,indicad
00300,BANCO DE INVERSION Y COMERCIO EXTERIOR S.A.,800010300050,E5 - Financiaciones por Empleado (en millones de pesos),1801.29,N,2026,1,2026-01,indicad
00300,BANCO DE INVERSION Y COMERCIO EXTERIOR S.A.,800010400010,R1 - Rendimiento Anual del Patrimonio ( ROE) (%),1.54,P,2026,1,2026-01,indicad
00300,BANCO DE INVERSION Y COMERCIO EXTERIOR S.A.,800010400020,R2 - Rendimiento Ordinario del Patrimonio (%),23.65,P,2026,1,2026-01,indicad
00300,BANCO DE INVERSION Y COMERCIO EXTERIOR S.A.,800010400080,R8 - Tasa Implicita Préstamos Totales (%),27.94,P,2026,1,2026-01,indicad
00300,BANCO DE INVERSION Y COMERCIO EXTERIOR S.A.,800010400090,R9 - Tasa Implicita Depósitos Totales (%),25.36,P,2026,1,2026-01,indicad
00300,BANCO DE INVERSION Y COMERCIO EXTERIOR S.A.,800010400170,R17 - Gastos en Personal / Gastos de Administración (%),70.88,P,2026,1,2026-01,indicad
00300,BANCO DE INVERSION Y COMERCIO EXTERIOR S.A.,800010401010,RG1 - Retorno sobre Activos ( ROA) (%),0.59,P,2026,1,2026-01,indicad
00300,BANCO DE INVERSION Y COMERCIO EXTERIOR S.A.,800010401020,RG2_II - Margen Financiero en Términos de Activo (%),13.22,P,2026,1,2026-01,indicad
00300,BANCO DE INVERSION Y COMERCIO EXTERIOR S.A.,800010401030,RG3 - Cargos por Incobrabilidad / Activo  (%),-0.83,P,2026,1,2026-01,indicad
00300,BANCO DE INVERSION Y COMERCIO EXTERIOR S.A.,800010401040,RG4_II - Resultados por Servicios / Activo (%),0.24,P,2026,1,2026-01,indicad
00300,BANCO DE INVERSION Y COMERCIO EXTERIOR S.A.,800010401050,RG5 - Gastos de Administración / Activo  (%),-2.87,P,2026,1,2026-01,indicad
00300,BANCO DE INVERSION Y COMERCIO EXTERIOR S.A.,800010401150,RG15 - Retorno sobre Activos (ROA) antes Imp. de Gcias (%),0.5,P,2026,1,2026-01,indicad
00300,BANCO DE INVERSION Y COMERCIO EXTERIOR S.A.,800010500010,"L1-Liquidez Tit c/cot, POS. CALL, LELIQ, LEFIs (netas) (%)",13.04,P,2026,1,2026-01,indicad
00300,BANCO DE INVERSION Y COMERCIO EXTERIOR S.A.,800010500080,L8_II - Liquidez con títulos con cotiz (%),8.91,P,2026,1,2026-01,indicad
00300,BANCO DE INVERSION Y COMERCIO EXTERIOR S.A.,800010500090,"L9 -Liq LELIQ, PASES y LEFIs (netos pases activos BCRA) (%)",10.93,P,2026,1,2026-01,indicad
00301,BANCO PIANO S.A.,800010100010,C1 - Apalancamiento (en veces),3.38,N,2026,1,2026-01,indicad
00301,BANCO PIANO S.A.,800010100020,C2 - Pérdida Potencial de Cartera en Situación 2 a 5 (%),14.42,P,2026,1,2026-01,indicad
00301,BANCO PIANO S.A.,800010100030,C3 - Pérdida Potencial de Cartera en Situación 3 a 5 (%),7.08,P,2026,1,2026-01,indicad
00301,BANCO PIANO S.A.,800010200090,A9 - Total Cartera Irregular / Total Financiaciones (%),4.88,P,2026,1,2026-01,indicad
00301,BANCO PIANO S.A.,800010200110,A11 - Cartera Irregular Sector Privado (%),4.96,P,2026,1,2026-01,indicad
00301,BANCO PIANO S.A.,800010200120,A12 - Participación Cartera Comercial Sector Privado (%),38.97,P,2026,1,2026-01,indicad
00301,BANCO PIANO S.A.,800010200130,A13 - Participación Cartera Consumo Sector Privado (%),61.03,P,2026,1,2026-01,indicad
00301,BANCO PIANO S.A.,800010200140,A14 - Previsiones sobre Cartera Irregular Total (%),34.99,P,2026,1,2026-01,indicad
00301,BANCO PIANO S.A.,800010200160,A16 - Cartera Irregular Consumo Sector Privado (%),8.13,P,2026,1,2026-01,indicad
00301,BANCO PIANO S.A.,800010200170,A17 - Cartera Irregular Comercial Sector Privado (%),0.0,P,2026,1,2026-01,indicad
00301,BANCO PIANO S.A.,800010200210,A21 - Posición de Previsiones Mín Sector Priv No Fciero (%),-55.3,P,2026,1,2026-01,indicad
00301,BANCO PIANO S.A.,800010201030,AG3 - Importancia de Cartera Vencida del Sector Privado (%),1.74,P,2026,1,2026-01,indicad
00301,BANCO PIANO S.A.,800010201290,AG29 - Efectivo y Depósito en Bancos / Activo (%),17.89,P,2026,1,2026-01,indicad
00301,BANCO PIANO S.A.,800010300010,E1 - Absorción de Gastos de Ad. con Volúmen de Negocio (%),21.61,P,2026,1,2026-01,indicad
00301,BANCO PIANO S.A.,800010300020,E2 - Margen de Rentabilidad Operat./Gastos de Estructura (%),40.41,P,2026,1,2026-01,indicad
00301,BANCO PIANO S.A.,800010300040,E4 - Depósitos por Empleado (en millones de pesos),471.26,N,2026,1,2026-01,indicad
00301,BANCO PIANO S.A.,800010300050,E5 - Financiaciones por Empleado (en millones de pesos),218.12,N,2026,1,2026-01,indicad
00301,BANCO PIANO S.A.,800010400010,R1 - Rendimiento Anual del Patrimonio ( ROE) (%),8.59,P,2026,1,2026-01,indicad
00301,BANCO PIANO S.A.,800010400020,R2 - Rendimiento Ordinario del Patrimonio (%),41.59,P,2026,1,2026-01,indicad
00301,BANCO PIANO S.A.,800010400080,R8 - Tasa Implicita Préstamos Totales (%),90.35,P,2026,1,2026-01,indicad
00301,BANCO PIANO S.A.,800010400090,R9 - Tasa Implicita Depósitos Totales (%),7.11,P,2026,1,2026-01,indicad
00301,BANCO PIANO S.A.,800010400170,R17 - Gastos en Personal / Gastos de Administración (%),50.77,P,2026,1,2026-01,indicad
00301,BANCO PIANO S.A.,800010401010,RG1 - Retorno sobre Activos ( ROA) (%),1.66,P,2026,1,2026-01,indicad
00301,BANCO PIANO S.A.,800010401020,RG2_II - Margen Financiero en Términos de Activo (%),29.23,P,2026,1,2026-01,indicad
00301,BANCO PIANO S.A.,800010401030,RG3 - Cargos por Incobrabilidad / Activo  (%),-0.88,P,2026,1,2026-01,indicad
00301,BANCO PIANO S.A.,800010401040,RG4_II - Resultados por Servicios / Activo (%),2.27,P,2026,1,2026-01,indicad
00301,BANCO PIANO S.A.,800010401050,RG5 - Gastos de Administración / Activo  (%),-19.85,P,2026,1,2026-01,indicad
00301,BANCO PIANO S.A.,800010401150,RG15 - Retorno sobre Activos (ROA) antes Imp. de Gcias (%),3.09,P,2026,1,2026-01,indicad
00301,BANCO PIANO S.A.,800010500010,"L1-Liquidez Tit c/cot, POS. CALL, LELIQ, LEFIs (netas) (%)",27.89,P,2026,1,2026-01,indicad
00301,BANCO PIANO S.A.,800010500080,L8_II - Liquidez con títulos con cotiz (%),27.89,P,2026,1,2026-01,indicad
00301,BANCO PIANO S.A.,800010500090,"L9 -Liq LELIQ, PASES y LEFIs (netos pases activos BCRA) (%)",29.96,P,2026,1,2026-01,indicad
00305,BANCO JULIO SOCIEDAD ANONIMA,800010100010,C1 - Apalancamiento (en veces),2.41,N,2026,1,2026-01,indicad
00305,BANCO JULIO SOCIEDAD ANONIMA,800010100020,C2 - Pérdida Potencial de Cartera en Situación 2 a 5 (%),20.88,P,2026,1,2026-01,indicad
00305,BANCO JULIO SOCIEDAD ANONIMA,800010100030,C3 - Pérdida Potencial de Cartera en Situación 3 a 5 (%),2.43,P,2026,1,2026-01,indicad
00305,BANCO JULIO SOCIEDAD ANONIMA,800010200090,A9 - Total Cartera Irregular / Total Financiaciones (%),4.59,P,2026,1,2026-01,indicad
00305,BANCO JULIO SOCIEDAD ANONIMA,800010200110,A11 - Cartera Irregular Sector Privado (%),4.87,P,2026,1,2026-01,indicad
00305,BANCO JULIO SOCIEDAD ANONIMA,800010200120,A12 - Participación Cartera Comercial Sector Privado (%),99.85,P,2026,1,2026-01,indicad
00305,BANCO JULIO SOCIEDAD ANONIMA,800010200130,A13 - Participación Cartera Consumo Sector Privado (%),0.15,P,2026,1,2026-01,indicad
00305,BANCO JULIO SOCIEDAD ANONIMA,800010200140,A14 - Previsiones sobre Cartera Irregular Total (%),68.85,P,2026,1,2026-01,indicad
00305,BANCO JULIO SOCIEDAD ANONIMA,800010200160,A16 - Cartera Irregular Consumo Sector Privado (%),0.0,P,2026,1,2026-01,indicad
00305,BANCO JULIO SOCIEDAD ANONIMA,800010200170,A17 - Cartera Irregular Comercial Sector Privado (%),4.87,P,2026,1,2026-01,indicad
00305,BANCO JULIO SOCIEDAD ANONIMA,800010200210,A21 - Posición de Previsiones Mín Sector Priv No Fciero (%),-11.49,P,2026,1,2026-01,indicad
00305,BANCO JULIO SOCIEDAD ANONIMA,800010201030,AG3 - Importancia de Cartera Vencida del Sector Privado (%),4.65,P,2026,1,2026-01,indicad
00305,BANCO JULIO SOCIEDAD ANONIMA,800010201290,AG29 - Efectivo y Depósito en Bancos / Activo (%),11.52,P,2026,1,2026-01,indicad
00305,BANCO JULIO SOCIEDAD ANONIMA,800010300010,E1 - Absorción de Gastos de Ad. con Volúmen de Negocio (%),15.88,P,2026,1,2026-01,indicad
00305,BANCO JULIO SOCIEDAD ANONIMA,800010300020,E2 - Margen de Rentabilidad Operat./Gastos de Estructura (%),18.6,P,2026,1,2026-01,indicad
00305,BANCO JULIO SOCIEDAD ANONIMA,800010300040,E4 - Depósitos por Empleado (en millones de pesos),460.23,N,2026,1,2026-01,indicad
00305,BANCO JULIO SOCIEDAD ANONIMA,800010300050,E5 - Financiaciones por Empleado (en millones de pesos),298.36,N,2026,1,2026-01,indicad
00305,BANCO JULIO SOCIEDAD ANONIMA,800010400010,R1 - Rendimiento Anual del Patrimonio ( ROE) (%),-7.78,P,2026,1,2026-01,indicad
00305,BANCO JULIO SOCIEDAD ANONIMA,800010400020,R2 - Rendimiento Ordinario del Patrimonio (%),11.83,P,2026,1,2026-01,indicad
00305,BANCO JULIO SOCIEDAD ANONIMA,800010400080,R8 - Tasa Implicita Préstamos Totales (%),54.13,P,2026,1,2026-01,indicad
00305,BANCO JULIO SOCIEDAD ANONIMA,800010400090,R9 - Tasa Implicita Depósitos Totales (%),11.84,P,2026,1,2026-01,indicad
00305,BANCO JULIO SOCIEDAD ANONIMA,800010400170,R17 - Gastos en Personal / Gastos de Administración (%),55.81,P,2026,1,2026-01,indicad
00305,BANCO JULIO SOCIEDAD ANONIMA,800010401010,RG1 - Retorno sobre Activos ( ROA) (%),-2.38,P,2026,1,2026-01,indicad
00305,BANCO JULIO SOCIEDAD ANONIMA,800010401020,RG2_II - Margen Financiero en Términos de Activo (%),24.41,P,2026,1,2026-01,indicad
00305,BANCO JULIO SOCIEDAD ANONIMA,800010401030,RG3 - Cargos por Incobrabilidad / Activo  (%),-1.63,P,2026,1,2026-01,indicad
00305,BANCO JULIO SOCIEDAD ANONIMA,800010401040,RG4_II - Resultados por Servicios / Activo (%),3.89,P,2026,1,2026-01,indicad
00305,BANCO JULIO SOCIEDAD ANONIMA,800010401050,RG5 - Gastos de Administración / Activo  (%),-19.44,P,2026,1,2026-01,indicad
00305,BANCO JULIO SOCIEDAD ANONIMA,800010401150,RG15 - Retorno sobre Activos (ROA) antes Imp. de Gcias (%),-2.5,P,2026,1,2026-01,indicad
00305,BANCO JULIO SOCIEDAD ANONIMA,800010500010,"L1-Liquidez Tit c/cot, POS. CALL, LELIQ, LEFIs (netas) (%)",41.99,P,2026,1,2026-01,indicad
00305,BANCO JULIO SOCIEDAD ANONIMA,800010500080,L8_II - Liquidez con títulos con cotiz (%),38.1,P,2026,1,2026-01,indicad
00305,BANCO JULIO SOCIEDAD ANONIMA,800010500090,"L9 -Liq LELIQ, PASES y LEFIs (netos pases activos BCRA) (%)",27.61,P,2026,1,2026-01,indicad
00309,BANCO RIOJA SOCIEDAD ANONIMA UNIPERSONAL,800010100010,C1 - Apalancamiento (en veces),2.5,N,2026,1,2026-01,indicad
00309,BANCO RIOJA SOCIEDAD ANONIMA UNIPERSONAL,800010100020,C2 - Pérdida Potencial de Cartera en Situación 2 a 5 (%),47.39,P,2026,1,2026-01,indicad
00309,BANCO RIOJA SOCIEDAD ANONIMA UNIPERSONAL,800010100030,C3 - Pérdida Potencial de Cartera en Situación 3 a 5 (%),24.89,P,2026,1,2026-01,indicad
00309,BANCO RIOJA SOCIEDAD ANONIMA UNIPERSONAL,800010200090,A9 - Total Cartera Irregular / Total Financiaciones (%),20.53,P,2026,1,2026-01,indicad
00309,BANCO RIOJA SOCIEDAD ANONIMA UNIPERSONAL,800010200110,A11 - Cartera Irregular Sector Privado (%),20.53,P,2026,1,2026-01,indicad
00309,BANCO RIOJA SOCIEDAD ANONIMA UNIPERSONAL,800010200120,A12 - Participación Cartera Comercial Sector Privado (%),30.69,P,2026,1,2026-01,indicad
00309,BANCO RIOJA SOCIEDAD ANONIMA UNIPERSONAL,800010200130,A13 - Participación Cartera Consumo Sector Privado (%),69.31,P,2026,1,2026-01,indicad
00309,BANCO RIOJA SOCIEDAD ANONIMA UNIPERSONAL,800010200140,A14 - Previsiones sobre Cartera Irregular Total (%),33.84,P,2026,1,2026-01,indicad
00309,BANCO RIOJA SOCIEDAD ANONIMA UNIPERSONAL,800010200160,A16 - Cartera Irregular Consumo Sector Privado (%),12.39,P,2026,1,2026-01,indicad
00309,BANCO RIOJA SOCIEDAD ANONIMA UNIPERSONAL,800010200170,A17 - Cartera Irregular Comercial Sector Privado (%),38.91,P,2026,1,2026-01,indicad
00309,BANCO RIOJA SOCIEDAD ANONIMA UNIPERSONAL,800010200210,A21 - Posición de Previsiones Mín Sector Priv No Fciero (%),-36.81,P,2026,1,2026-01,indicad
00309,BANCO RIOJA SOCIEDAD ANONIMA UNIPERSONAL,800010201030,AG3 - Importancia de Cartera Vencida del Sector Privado (%),5.42,P,2026,1,2026-01,indicad
00309,BANCO RIOJA SOCIEDAD ANONIMA UNIPERSONAL,800010201290,AG29 - Efectivo y Depósito en Bancos / Activo (%),5.79,P,2026,1,2026-01,indicad
00309,BANCO RIOJA SOCIEDAD ANONIMA UNIPERSONAL,800010300010,E1 - Absorción de Gastos de Ad. con Volúmen de Negocio (%),20.49,P,2026,1,2026-01,indicad
00309,BANCO RIOJA SOCIEDAD ANONIMA UNIPERSONAL,800010300020,E2 - Margen de Rentabilidad Operat./Gastos de Estructura (%),-8.86,P,2026,1,2026-01,indicad
00309,BANCO RIOJA SOCIEDAD ANONIMA UNIPERSONAL,800010300040,E4 - Depósitos por Empleado (en millones de pesos),577.68,N,2026,1,2026-01,indicad
00309,BANCO RIOJA SOCIEDAD ANONIMA UNIPERSONAL,800010300050,E5 - Financiaciones por Empleado (en millones de pesos),368.18,N,2026,1,2026-01,indicad
00309,BANCO RIOJA SOCIEDAD ANONIMA UNIPERSONAL,800010400010,R1 - Rendimiento Anual del Patrimonio ( ROE) (%),-12.71,P,2026,1,2026-01,indicad
00309,BANCO RIOJA SOCIEDAD ANONIMA UNIPERSONAL,800010400020,R2 - Rendimiento Ordinario del Patrimonio (%),-6.64,P,2026,1,2026-01,indicad
00309,BANCO RIOJA SOCIEDAD ANONIMA UNIPERSONAL,800010400080,R8 - Tasa Implicita Préstamos Totales (%),54.42,P,2026,1,2026-01,indicad
00309,BANCO RIOJA SOCIEDAD ANONIMA UNIPERSONAL,800010400090,R9 - Tasa Implicita Depósitos Totales (%),9.0,P,2026,1,2026-01,indicad
00309,BANCO RIOJA SOCIEDAD ANONIMA UNIPERSONAL,800010400170,R17 - Gastos en Personal / Gastos de Administración (%),36.61,P,2026,1,2026-01,indicad
00309,BANCO RIOJA SOCIEDAD ANONIMA UNIPERSONAL,800010401010,RG1 - Retorno sobre Activos ( ROA) (%),-3.96,P,2026,1,2026-01,indicad
00309,BANCO RIOJA SOCIEDAD ANONIMA UNIPERSONAL,800010401020,RG2_II - Margen Financiero en Términos de Activo (%),23.67,P,2026,1,2026-01,indicad
00309,BANCO RIOJA SOCIEDAD ANONIMA UNIPERSONAL,800010401030,RG3 - Cargos por Incobrabilidad / Activo  (%),-3.24,P,2026,1,2026-01,indicad
00309,BANCO RIOJA SOCIEDAD ANONIMA UNIPERSONAL,800010401040,RG4_II - Resultados por Servicios / Activo (%),1.23,P,2026,1,2026-01,indicad
00309,BANCO RIOJA SOCIEDAD ANONIMA UNIPERSONAL,800010401050,RG5 - Gastos de Administración / Activo  (%),-23.35,P,2026,1,2026-01,indicad
00309,BANCO RIOJA SOCIEDAD ANONIMA UNIPERSONAL,800010401150,RG15 - Retorno sobre Activos (ROA) antes Imp. de Gcias (%),-3.98,P,2026,1,2026-01,indicad
00309,BANCO RIOJA SOCIEDAD ANONIMA UNIPERSONAL,800010500010,"L1-Liquidez Tit c/cot, POS. CALL, LELIQ, LEFIs (netas) (%)",8.6,P,2026,1,2026-01,indicad
00309,BANCO RIOJA SOCIEDAD ANONIMA UNIPERSONAL,800010500080,L8_II - Liquidez con títulos con cotiz (%),8.6,P,2026,1,2026-01,indicad
00309,BANCO RIOJA SOCIEDAD ANONIMA UNIPERSONAL,800010500090,"L9 -Liq LELIQ, PASES y LEFIs (netos pases activos BCRA) (%)",8.6,P,2026,1,2026-01,indicad
00310,BANCO DEL SOL S.A.,800010100010,C1 - Apalancamiento (en veces),4.51,N,2026,1,2026-01,indicad
00310,BANCO DEL SOL S.A.,800010100020,C2 - Pérdida Potencial de Cartera en Situación 2 a 5 (%),73.11,P,2026,1,2026-01,indicad
00310,BANCO DEL SOL S.A.,800010100030,C3 - Pérdida Potencial de Cartera en Situación 3 a 5 (%),37.85,P,2026,1,2026-01,indicad
00310,BANCO DEL SOL S.A.,800010200090,A9 - Total Cartera Irregular / Total Financiaciones (%),8.7,P,2026,1,2026-01,indicad
00310,BANCO DEL SOL S.A.,800010200110,A11 - Cartera Irregular Sector Privado (%),8.71,P,2026,1,2026-01,indicad
00310,BANCO DEL SOL S.A.,800010200120,A12 - Participación Cartera Comercial Sector Privado (%),27.35,P,2026,1,2026-01,indicad
00310,BANCO DEL SOL S.A.,800010200130,A13 - Participación Cartera Consumo Sector Privado (%),72.65,P,2026,1,2026-01,indicad
00310,BANCO DEL SOL S.A.,800010200140,A14 - Previsiones sobre Cartera Irregular Total (%),29.62,P,2026,1,2026-01,indicad
00310,BANCO DEL SOL S.A.,800010200160,A16 - Cartera Irregular Consumo Sector Privado (%),8.45,P,2026,1,2026-01,indicad
00310,BANCO DEL SOL S.A.,800010200170,A17 - Cartera Irregular Comercial Sector Privado (%),9.38,P,2026,1,2026-01,indicad
00310,BANCO DEL SOL S.A.,800010200210,A21 - Posición de Previsiones Mín Sector Priv No Fciero (%),-42.12,P,2026,1,2026-01,indicad
00310,BANCO DEL SOL S.A.,800010201030,AG3 - Importancia de Cartera Vencida del Sector Privado (%),3.76,P,2026,1,2026-01,indicad
00310,BANCO DEL SOL S.A.,800010201290,AG29 - Efectivo y Depósito en Bancos / Activo (%),14.64,P,2026,1,2026-01,indicad
00310,BANCO DEL SOL S.A.,800010300010,E1 - Absorción de Gastos de Ad. con Volúmen de Negocio (%),7.41,P,2026,1,2026-01,indicad
00310,BANCO DEL SOL S.A.,800010300020,E2 - Margen de Rentabilidad Operat./Gastos de Estructura (%),11.51,P,2026,1,2026-01,indicad
00310,BANCO DEL SOL S.A.,800010300040,E4 - Depósitos por Empleado (en millones de pesos),1994.52,N,2026,1,2026-01,indicad
00310,BANCO DEL SOL S.A.,800010300050,E5 - Financiaciones por Empleado (en millones de pesos),1277.14,N,2026,1,2026-01,indicad
00310,BANCO DEL SOL S.A.,800010400010,R1 - Rendimiento Anual del Patrimonio ( ROE) (%),16.95,P,2026,1,2026-01,indicad
00310,BANCO DEL SOL S.A.,800010400020,R2 - Rendimiento Ordinario del Patrimonio (%),7.36,P,2026,1,2026-01,indicad
00310,BANCO DEL SOL S.A.,800010400080,R8 - Tasa Implicita Préstamos Totales (%),55.78,P,2026,1,2026-01,indicad
00310,BANCO DEL SOL S.A.,800010400090,R9 - Tasa Implicita Depósitos Totales (%),17.24,P,2026,1,2026-01,indicad
00310,BANCO DEL SOL S.A.,800010400170,R17 - Gastos en Personal / Gastos de Administración (%),42.84,P,2026,1,2026-01,indicad
00310,BANCO DEL SOL S.A.,800010401010,RG1 - Retorno sobre Activos ( ROA) (%),3.29,P,2026,1,2026-01,indicad
00310,BANCO DEL SOL S.A.,800010401020,RG2_II - Margen Financiero en Términos de Activo (%),20.47,P,2026,1,2026-01,indicad
00310,BANCO DEL SOL S.A.,800010401030,RG3 - Cargos por Incobrabilidad / Activo  (%),-1.71,P,2026,1,2026-01,indicad
00310,BANCO DEL SOL S.A.,800010401040,RG4_II - Resultados por Servicios / Activo (%),-2.32,P,2026,1,2026-01,indicad
00310,BANCO DEL SOL S.A.,800010401050,RG5 - Gastos de Administración / Activo  (%),-12.42,P,2026,1,2026-01,indicad
00310,BANCO DEL SOL S.A.,800010401150,RG15 - Retorno sobre Activos (ROA) antes Imp. de Gcias (%),-0.62,P,2026,1,2026-01,indicad
00310,BANCO DEL SOL S.A.,800010500010,"L1-Liquidez Tit c/cot, POS. CALL, LELIQ, LEFIs (netas) (%)",30.31,P,2026,1,2026-01,indicad
00310,BANCO DEL SOL S.A.,800010500080,L8_II - Liquidez con títulos con cotiz (%),29.39,P,2026,1,2026-01,indicad
00310,BANCO DEL SOL S.A.,800010500090,"L9 -Liq LELIQ, PASES y LEFIs (netos pases activos BCRA) (%)",25.39,P,2026,1,2026-01,indicad
00311,NUEVO BANCO DEL CHACO S. A.,800010100010,C1 - Apalancamiento (en veces),2.74,N,2026,1,2026-01,indicad
00311,NUEVO BANCO DEL CHACO S. A.,800010100020,C2 - Pérdida Potencial de Cartera en Situación 2 a 5 (%),20.41,P,2026,1,2026-01,indicad
00311,NUEVO BANCO DEL CHACO S. A.,800010100030,C3 - Pérdida Potencial de Cartera en Situación 3 a 5 (%),9.84,P,2026,1,2026-01,indicad
00311,NUEVO BANCO DEL CHACO S. A.,800010200090,A9 - Total Cartera Irregular / Total Financiaciones (%),9.81,P,2026,1,2026-01,indicad
00311,NUEVO BANCO DEL CHACO S. A.,800010200110,A11 - Cartera Irregular Sector Privado (%),9.85,P,2026,1,2026-01,indicad
00311,NUEVO BANCO DEL CHACO S. A.,800010200120,A12 - Participación Cartera Comercial Sector Privado (%),36.47,P,2026,1,2026-01,indicad
00311,NUEVO BANCO DEL CHACO S. A.,800010200130,A13 - Participación Cartera Consumo Sector Privado (%),63.84,P,2026,1,2026-01,indicad
00311,NUEVO BANCO DEL CHACO S. A.,800010200140,A14 - Previsiones sobre Cartera Irregular Total (%),61.31,P,2026,1,2026-01,indicad
00311,NUEVO BANCO DEL CHACO S. A.,800010200160,A16 - Cartera Irregular Consumo Sector Privado (%),6.47,P,2026,1,2026-01,indicad
00311,NUEVO BANCO DEL CHACO S. A.,800010200170,A17 - Cartera Irregular Comercial Sector Privado (%),15.68,P,2026,1,2026-01,indicad
00311,NUEVO BANCO DEL CHACO S. A.,800010200210,A21 - Posición de Previsiones Mín Sector Priv No Fciero (%),22.13,P,2026,1,2026-01,indicad
00311,NUEVO BANCO DEL CHACO S. A.,800010201030,AG3 - Importancia de Cartera Vencida del Sector Privado (%),2.72,P,2026,1,2026-01,indicad
00311,NUEVO BANCO DEL CHACO S. A.,800010201290,AG29 - Efectivo y Depósito en Bancos / Activo (%),7.4,P,2026,1,2026-01,indicad
00311,NUEVO BANCO DEL CHACO S. A.,800010300010,E1 - Absorción de Gastos de Ad. con Volúmen de Negocio (%),14.77,P,2026,1,2026-01,indicad
00311,NUEVO BANCO DEL CHACO S. A.,800010300020,E2 - Margen de Rentabilidad Operat./Gastos de Estructura (%),50.09,P,2026,1,2026-01,indicad
00311,NUEVO BANCO DEL CHACO S. A.,800010300040,E4 - Depósitos por Empleado (en millones de pesos),1060.1,N,2026,1,2026-01,indicad
00311,NUEVO BANCO DEL CHACO S. A.,800010300050,E5 - Financiaciones por Empleado (en millones de pesos),796.07,N,2026,1,2026-01,indicad
00311,NUEVO BANCO DEL CHACO S. A.,800010400010,R1 - Rendimiento Anual del Patrimonio ( ROE) (%),12.28,P,2026,1,2026-01,indicad
00311,NUEVO BANCO DEL CHACO S. A.,800010400020,R2 - Rendimiento Ordinario del Patrimonio (%),31.94,P,2026,1,2026-01,indicad
00311,NUEVO BANCO DEL CHACO S. A.,800010400080,R8 - Tasa Implicita Préstamos Totales (%),55.61,P,2026,1,2026-01,indicad
00311,NUEVO BANCO DEL CHACO S. A.,800010400090,R9 - Tasa Implicita Depósitos Totales (%),17.86,P,2026,1,2026-01,indicad
00311,NUEVO BANCO DEL CHACO S. A.,800010400170,R17 - Gastos en Personal / Gastos de Administración (%),51.84,P,2026,1,2026-01,indicad
00311,NUEVO BANCO DEL CHACO S. A.,800010401010,RG1 - Retorno sobre Activos ( ROA) (%),3.1,P,2026,1,2026-01,indicad
00311,NUEVO BANCO DEL CHACO S. A.,800010401020,RG2_II - Margen Financiero en Términos de Activo (%),23.78,P,2026,1,2026-01,indicad
00311,NUEVO BANCO DEL CHACO S. A.,800010401030,RG3 - Cargos por Incobrabilidad / Activo  (%),-2.85,P,2026,1,2026-01,indicad
00311,NUEVO BANCO DEL CHACO S. A.,800010401040,RG4_II - Resultados por Servicios / Activo (%),3.29,P,2026,1,2026-01,indicad
00311,NUEVO BANCO DEL CHACO S. A.,800010401050,RG5 - Gastos de Administración / Activo  (%),-16.08,P,2026,1,2026-01,indicad
00311,NUEVO BANCO DEL CHACO S. A.,800010401150,RG15 - Retorno sobre Activos (ROA) antes Imp. de Gcias (%),3.65,P,2026,1,2026-01,indicad
00311,NUEVO BANCO DEL CHACO S. A.,800010500010,"L1-Liquidez Tit c/cot, POS. CALL, LELIQ, LEFIs (netas) (%)",12.02,P,2026,1,2026-01,indicad
00311,NUEVO BANCO DEL CHACO S. A.,800010500080,L8_II - Liquidez con títulos con cotiz (%),11.28,P,2026,1,2026-01,indicad
00311,NUEVO BANCO DEL CHACO S. A.,800010500090,"L9 -Liq LELIQ, PASES y LEFIs (netos pases activos BCRA) (%)",25.88,P,2026,1,2026-01,indicad
00312,BANCO VOII S.A.,800010100010,C1 - Apalancamiento (en veces),13.08,N,2026,1,2026-01,indicad
00312,BANCO VOII S.A.,800010100020,C2 - Pérdida Potencial de Cartera en Situación 2 a 5 (%),38.27,P,2026,1,2026-01,indicad
00312,BANCO VOII S.A.,800010100030,C3 - Pérdida Potencial de Cartera en Situación 3 a 5 (%),19.27,P,2026,1,2026-01,indicad
00312,BANCO VOII S.A.,800010200090,A9 - Total Cartera Irregular / Total Financiaciones (%),5.15,P,2026,1,2026-01,indicad
00312,BANCO VOII S.A.,800010200110,A11 - Cartera Irregular Sector Privado (%),5.29,P,2026,1,2026-01,indicad
00312,BANCO VOII S.A.,800010200120,A12 - Participación Cartera Comercial Sector Privado (%),0.98,P,2026,1,2026-01,indicad
00312,BANCO VOII S.A.,800010200130,A13 - Participación Cartera Consumo Sector Privado (%),99.02,P,2026,1,2026-01,indicad
00312,BANCO VOII S.A.,800010200140,A14 - Previsiones sobre Cartera Irregular Total (%),22.82,P,2026,1,2026-01,indicad
00312,BANCO VOII S.A.,800010200160,A16 - Cartera Irregular Consumo Sector Privado (%),5.34,P,2026,1,2026-01,indicad
00312,BANCO VOII S.A.,800010200170,A17 - Cartera Irregular Comercial Sector Privado (%),0.67,P,2026,1,2026-01,indicad
00312,BANCO VOII S.A.,800010200210,A21 - Posición de Previsiones Mín Sector Priv No Fciero (%),-59.27,P,2026,1,2026-01,indicad
00312,BANCO VOII S.A.,800010201030,AG3 - Importancia de Cartera Vencida del Sector Privado (%),0.58,P,2026,1,2026-01,indicad
00312,BANCO VOII S.A.,800010201290,AG29 - Efectivo y Depósito en Bancos / Activo (%),7.11,P,2026,1,2026-01,indicad
00312,BANCO VOII S.A.,800010300010,E1 - Absorción de Gastos de Ad. con Volúmen de Negocio (%),10.01,P,2026,1,2026-01,indicad
00312,BANCO VOII S.A.,800010300020,E2 - Margen de Rentabilidad Operat./Gastos de Estructura (%),-43.96,P,2026,1,2026-01,indicad
00312,BANCO VOII S.A.,800010300040,E4 - Depósitos por Empleado (en millones de pesos),2471.08,N,2026,1,2026-01,indicad
00312,BANCO VOII S.A.,800010300050,E5 - Financiaciones por Empleado (en millones de pesos),750.85,N,2026,1,2026-01,indicad
00312,BANCO VOII S.A.,800010400010,R1 - Rendimiento Anual del Patrimonio ( ROE) (%),-54.37,P,2026,1,2026-01,indicad
00312,BANCO VOII S.A.,800010400020,R2 - Rendimiento Ordinario del Patrimonio (%),-58.16,P,2026,1,2026-01,indicad
00312,BANCO VOII S.A.,800010400080,R8 - Tasa Implicita Préstamos Totales (%),71.94,P,2026,1,2026-01,indicad
00312,BANCO VOII S.A.,800010400090,R9 - Tasa Implicita Depósitos Totales (%),28.5,P,2026,1,2026-01,indicad
00312,BANCO VOII S.A.,800010400170,R17 - Gastos en Personal / Gastos de Administración (%),43.74,P,2026,1,2026-01,indicad
00312,BANCO VOII S.A.,800010401010,RG1 - Retorno sobre Activos ( ROA) (%),-5.64,P,2026,1,2026-01,indicad
00312,BANCO VOII S.A.,800010401020,RG2_II - Margen Financiero en Términos de Activo (%),17.62,P,2026,1,2026-01,indicad
00312,BANCO VOII S.A.,800010401030,RG3 - Cargos por Incobrabilidad / Activo  (%),-0.57,P,2026,1,2026-01,indicad
00312,BANCO VOII S.A.,800010401040,RG4_II - Resultados por Servicios / Activo (%),-6.84,P,2026,1,2026-01,indicad
00312,BANCO VOII S.A.,800010401050,RG5 - Gastos de Administración / Activo  (%),-13.71,P,2026,1,2026-01,indicad
00312,BANCO VOII S.A.,800010401150,RG15 - Retorno sobre Activos (ROA) antes Imp. de Gcias (%),-5.36,P,2026,1,2026-01,indicad
00312,BANCO VOII S.A.,800010500010,"L1-Liquidez Tit c/cot, POS. CALL, LELIQ, LEFIs (netas) (%)",30.01,P,2026,1,2026-01,indicad
00312,BANCO VOII S.A.,800010500080,L8_II - Liquidez con títulos con cotiz (%),29.12,P,2026,1,2026-01,indicad
00312,BANCO VOII S.A.,800010500090,"L9 -Liq LELIQ, PASES y LEFIs (netos pases activos BCRA) (%)",14.53,P,2026,1,2026-01,indicad
00315,BANCO DE FORMOSA S.A.,800010100010,C1 - Apalancamiento (en veces),2.24,N,2026,1,2026-01,indicad
00315,BANCO DE FORMOSA S.A.,800010100020,C2 - Pérdida Potencial de Cartera en Situación 2 a 5 (%),5.7,P,2026,1,2026-01,indicad
00315,BANCO DE FORMOSA S.A.,800010100030,C3 - Pérdida Potencial de Cartera en Situación 3 a 5 (%),1.31,P,2026,1,2026-01,indicad
00315,BANCO DE FORMOSA S.A.,800010200090,A9 - Total Cartera Irregular / Total Financiaciones (%),4.2,P,2026,1,2026-01,indicad
00315,BANCO DE FORMOSA S.A.,800010200110,A11 - Cartera Irregular Sector Privado (%),4.57,P,2026,1,2026-01,indicad
00315,BANCO DE FORMOSA S.A.,800010200120,A12 - Participación Cartera Comercial Sector Privado (%),26.05,P,2026,1,2026-01,indicad
00315,BANCO DE FORMOSA S.A.,800010200130,A13 - Participación Cartera Consumo Sector Privado (%),73.95,P,2026,1,2026-01,indicad
00315,BANCO DE FORMOSA S.A.,800010200140,A14 - Previsiones sobre Cartera Irregular Total (%),79.04,P,2026,1,2026-01,indicad
00315,BANCO DE FORMOSA S.A.,800010200160,A16 - Cartera Irregular Consumo Sector Privado (%),3.69,P,2026,1,2026-01,indicad
00315,BANCO DE FORMOSA S.A.,800010200170,A17 - Cartera Irregular Comercial Sector Privado (%),7.06,P,2026,1,2026-01,indicad
00315,BANCO DE FORMOSA S.A.,800010200210,A21 - Posición de Previsiones Mín Sector Priv No Fciero (%),21.15,P,2026,1,2026-01,indicad
00315,BANCO DE FORMOSA S.A.,800010201030,AG3 - Importancia de Cartera Vencida del Sector Privado (%),2.45,P,2026,1,2026-01,indicad
00315,BANCO DE FORMOSA S.A.,800010201290,AG29 - Efectivo y Depósito en Bancos / Activo (%),4.07,P,2026,1,2026-01,indicad
00315,BANCO DE FORMOSA S.A.,800010300010,E1 - Absorción de Gastos de Ad. con Volúmen de Negocio (%),22.76,P,2026,1,2026-01,indicad
00315,BANCO DE FORMOSA S.A.,800010300020,E2 - Margen de Rentabilidad Operat./Gastos de Estructura (%),50.31,P,2026,1,2026-01,indicad
00315,BANCO DE FORMOSA S.A.,800010300040,E4 - Depósitos por Empleado (en millones de pesos),654.58,N,2026,1,2026-01,indicad
00315,BANCO DE FORMOSA S.A.,800010300050,E5 - Financiaciones por Empleado (en millones de pesos),457.99,N,2026,1,2026-01,indicad
00315,BANCO DE FORMOSA S.A.,800010400010,R1 - Rendimiento Anual del Patrimonio ( ROE) (%),7.69,P,2026,1,2026-01,indicad
00315,BANCO DE FORMOSA S.A.,800010400020,R2 - Rendimiento Ordinario del Patrimonio (%),36.75,P,2026,1,2026-01,indicad
00315,BANCO DE FORMOSA S.A.,800010400080,R8 - Tasa Implicita Préstamos Totales (%),53.45,P,2026,1,2026-01,indicad
00315,BANCO DE FORMOSA S.A.,800010400090,R9 - Tasa Implicita Depósitos Totales (%),3.81,P,2026,1,2026-01,indicad
00315,BANCO DE FORMOSA S.A.,800010400170,R17 - Gastos en Personal / Gastos de Administración (%),38.53,P,2026,1,2026-01,indicad
00315,BANCO DE FORMOSA S.A.,800010401010,RG1 - Retorno sobre Activos ( ROA) (%),1.94,P,2026,1,2026-01,indicad
00315,BANCO DE FORMOSA S.A.,800010401020,RG2_II - Margen Financiero en Términos de Activo (%),27.61,P,2026,1,2026-01,indicad
00315,BANCO DE FORMOSA S.A.,800010401030,RG3 - Cargos por Incobrabilidad / Activo  (%),-1.33,P,2026,1,2026-01,indicad
00315,BANCO DE FORMOSA S.A.,800010401040,RG4_II - Resultados por Servicios / Activo (%),2.22,P,2026,1,2026-01,indicad
00315,BANCO DE FORMOSA S.A.,800010401050,RG5 - Gastos de Administración / Activo  (%),-18.4,P,2026,1,2026-01,indicad
00315,BANCO DE FORMOSA S.A.,800010401150,RG15 - Retorno sobre Activos (ROA) antes Imp. de Gcias (%),3.25,P,2026,1,2026-01,indicad
00315,BANCO DE FORMOSA S.A.,800010500010,"L1-Liquidez Tit c/cot, POS. CALL, LELIQ, LEFIs (netas) (%)",59.69,P,2026,1,2026-01,indicad
00315,BANCO DE FORMOSA S.A.,800010500080,L8_II - Liquidez con títulos con cotiz (%),54.14,P,2026,1,2026-01,indicad
00315,BANCO DE FORMOSA S.A.,800010500090,"L9 -Liq LELIQ, PASES y LEFIs (netos pases activos BCRA) (%)",10.02,P,2026,1,2026-01,indicad
00319,BANCO CMF S.A.,800010100010,C1 - Apalancamiento (en veces),2.95,N,2026,1,2026-01,indicad
00319,BANCO CMF S.A.,800010100020,C2 - Pérdida Potencial de Cartera en Situación 2 a 5 (%),1.27,P,2026,1,2026-01,indicad
00319,BANCO CMF S.A.,800010100030,C3 - Pérdida Potencial de Cartera en Situación 3 a 5 (%),-3.5,P,2026,1,2026-01,indicad
00319,BANCO CMF S.A.,800010200090,A9 - Total Cartera Irregular / Total Financiaciones (%),1.45,P,2026,1,2026-01,indicad
00319,BANCO CMF S.A.,800010200110,A11 - Cartera Irregular Sector Privado (%),1.55,P,2026,1,2026-01,indicad
00319,BANCO CMF S.A.,800010200120,A12 - Participación Cartera Comercial Sector Privado (%),99.99,P,2026,1,2026-01,indicad
00319,BANCO CMF S.A.,800010200130,A13 - Participación Cartera Consumo Sector Privado (%),0.01,P,2026,1,2026-01,indicad
00319,BANCO CMF S.A.,800010200140,A14 - Previsiones sobre Cartera Irregular Total (%),200.08,P,2026,1,2026-01,indicad
00319,BANCO CMF S.A.,800010200160,A16 - Cartera Irregular Consumo Sector Privado (%),0.0,P,2026,1,2026-01,indicad
00319,BANCO CMF S.A.,800010200170,A17 - Cartera Irregular Comercial Sector Privado (%),1.55,P,2026,1,2026-01,indicad
00319,BANCO CMF S.A.,800010200210,A21 - Posición de Previsiones Mín Sector Priv No Fciero (%),121.34,P,2026,1,2026-01,indicad
00319,BANCO CMF S.A.,800010201030,AG3 - Importancia de Cartera Vencida del Sector Privado (%),0.17,P,2026,1,2026-01,indicad
00319,BANCO CMF S.A.,800010201290,AG29 - Efectivo y Depósito en Bancos / Activo (%),12.98,P,2026,1,2026-01,indicad
00319,BANCO CMF S.A.,800010300010,E1 - Absorción de Gastos de Ad. con Volúmen de Negocio (%),6.49,P,2026,1,2026-01,indicad
00319,BANCO CMF S.A.,800010300020,E2 - Margen de Rentabilidad Operat./Gastos de Estructura (%),89.59,P,2026,1,2026-01,indicad
00319,BANCO CMF S.A.,800010300040,E4 - Depósitos por Empleado (en millones de pesos),2936.92,N,2026,1,2026-01,indicad
00319,BANCO CMF S.A.,800010300050,E5 - Financiaciones por Empleado (en millones de pesos),2058.37,N,2026,1,2026-01,indicad
00319,BANCO CMF S.A.,800010400010,R1 - Rendimiento Anual del Patrimonio ( ROE) (%),15.99,P,2026,1,2026-01,indicad
00319,BANCO CMF S.A.,800010400020,R2 - Rendimiento Ordinario del Patrimonio (%),24.31,P,2026,1,2026-01,indicad
00319,BANCO CMF S.A.,800010400080,R8 - Tasa Implicita Préstamos Totales (%),38.97,P,2026,1,2026-01,indicad
00319,BANCO CMF S.A.,800010400090,R9 - Tasa Implicita Depósitos Totales (%),16.15,P,2026,1,2026-01,indicad
00319,BANCO CMF S.A.,800010400170,R17 - Gastos en Personal / Gastos de Administración (%),51.32,P,2026,1,2026-01,indicad
00319,BANCO CMF S.A.,800010401010,RG1 - Retorno sobre Activos ( ROA) (%),4.05,P,2026,1,2026-01,indicad
00319,BANCO CMF S.A.,800010401020,RG2_II - Margen Financiero en Términos de Activo (%),15.04,P,2026,1,2026-01,indicad
00319,BANCO CMF S.A.,800010401030,RG3 - Cargos por Incobrabilidad / Activo  (%),-0.93,P,2026,1,2026-01,indicad
00319,BANCO CMF S.A.,800010401040,RG4_II - Resultados por Servicios / Activo (%),0.53,P,2026,1,2026-01,indicad
00319,BANCO CMF S.A.,800010401050,RG5 - Gastos de Administración / Activo  (%),-6.88,P,2026,1,2026-01,indicad
00319,BANCO CMF S.A.,800010401150,RG15 - Retorno sobre Activos (ROA) antes Imp. de Gcias (%),4.4,P,2026,1,2026-01,indicad
00319,BANCO CMF S.A.,800010500010,"L1-Liquidez Tit c/cot, POS. CALL, LELIQ, LEFIs (netas) (%)",41.29,P,2026,1,2026-01,indicad
00319,BANCO CMF S.A.,800010500080,L8_II - Liquidez con títulos con cotiz (%),40.1,P,2026,1,2026-01,indicad
00319,BANCO CMF S.A.,800010500090,"L9 -Liq LELIQ, PASES y LEFIs (netos pases activos BCRA) (%)",21.74,P,2026,1,2026-01,indicad
00321,BANCO DE SANTIAGO DEL ESTERO S.A.,800010100010,C1 - Apalancamiento (en veces),1.16,N,2026,1,2026-01,indicad
00321,BANCO DE SANTIAGO DEL ESTERO S.A.,800010100020,C2 - Pérdida Potencial de Cartera en Situación 2 a 5 (%),3.85,P,2026,1,2026-01,indicad
00321,BANCO DE SANTIAGO DEL ESTERO S.A.,800010100030,C3 - Pérdida Potencial de Cartera en Situación 3 a 5 (%),2.16,P,2026,1,2026-01,indicad
00321,BANCO DE SANTIAGO DEL ESTERO S.A.,800010200090,A9 - Total Cartera Irregular / Total Financiaciones (%),8.14,P,2026,1,2026-01,indicad
00321,BANCO DE SANTIAGO DEL ESTERO S.A.,800010200110,A11 - Cartera Irregular Sector Privado (%),12.42,P,2026,1,2026-01,indicad
00321,BANCO DE SANTIAGO DEL ESTERO S.A.,800010200120,A12 - Participación Cartera Comercial Sector Privado (%),46.52,P,2026,1,2026-01,indicad
00321,BANCO DE SANTIAGO DEL ESTERO S.A.,800010200130,A13 - Participación Cartera Consumo Sector Privado (%),53.48,P,2026,1,2026-01,indicad
00321,BANCO DE SANTIAGO DEL ESTERO S.A.,800010200140,A14 - Previsiones sobre Cartera Irregular Total (%),62.67,P,2026,1,2026-01,indicad
00321,BANCO DE SANTIAGO DEL ESTERO S.A.,800010200160,A16 - Cartera Irregular Consumo Sector Privado (%),11.57,P,2026,1,2026-01,indicad
00321,BANCO DE SANTIAGO DEL ESTERO S.A.,800010200170,A17 - Cartera Irregular Comercial Sector Privado (%),13.39,P,2026,1,2026-01,indicad
00321,BANCO DE SANTIAGO DEL ESTERO S.A.,800010200210,A21 - Posición de Previsiones Mín Sector Priv No Fciero (%),1.1,P,2026,1,2026-01,indicad
00321,BANCO DE SANTIAGO DEL ESTERO S.A.,800010201030,AG3 - Importancia de Cartera Vencida del Sector Privado (%),6.25,P,2026,1,2026-01,indicad
00321,BANCO DE SANTIAGO DEL ESTERO S.A.,800010201290,AG29 - Efectivo y Depósito en Bancos / Activo (%),7.27,P,2026,1,2026-01,indicad
00321,BANCO DE SANTIAGO DEL ESTERO S.A.,800010300010,E1 - Absorción de Gastos de Ad. con Volúmen de Negocio (%),10.55,P,2026,1,2026-01,indicad
00321,BANCO DE SANTIAGO DEL ESTERO S.A.,800010300020,E2 - Margen de Rentabilidad Operat./Gastos de Estructura (%),259.0,P,2026,1,2026-01,indicad
00321,BANCO DE SANTIAGO DEL ESTERO S.A.,800010300040,E4 - Depósitos por Empleado (en millones de pesos),1112.7,N,2026,1,2026-01,indicad
00321,BANCO DE SANTIAGO DEL ESTERO S.A.,800010300050,E5 - Financiaciones por Empleado (en millones de pesos),806.4,N,2026,1,2026-01,indicad
00321,BANCO DE SANTIAGO DEL ESTERO S.A.,800010400010,R1 - Rendimiento Anual del Patrimonio ( ROE) (%),15.62,P,2026,1,2026-01,indicad
00321,BANCO DE SANTIAGO DEL ESTERO S.A.,800010400020,R2 - Rendimiento Ordinario del Patrimonio (%),46.76,P,2026,1,2026-01,indicad
00321,BANCO DE SANTIAGO DEL ESTERO S.A.,800010400080,R8 - Tasa Implicita Préstamos Totales (%),68.08,P,2026,1,2026-01,indicad
00321,BANCO DE SANTIAGO DEL ESTERO S.A.,800010400090,R9 - Tasa Implicita Depósitos Totales (%),16.52,P,2026,1,2026-01,indicad
00321,BANCO DE SANTIAGO DEL ESTERO S.A.,800010400170,R17 - Gastos en Personal / Gastos de Administración (%),25.64,P,2026,1,2026-01,indicad
00321,BANCO DE SANTIAGO DEL ESTERO S.A.,800010401010,RG1 - Retorno sobre Activos ( ROA) (%),6.19,P,2026,1,2026-01,indicad
00321,BANCO DE SANTIAGO DEL ESTERO S.A.,800010401020,RG2_II - Margen Financiero en Términos de Activo (%),25.93,P,2026,1,2026-01,indicad
00321,BANCO DE SANTIAGO DEL ESTERO S.A.,800010401030,RG3 - Cargos por Incobrabilidad / Activo  (%),-1.38,P,2026,1,2026-01,indicad
00321,BANCO DE SANTIAGO DEL ESTERO S.A.,800010401040,RG4_II - Resultados por Servicios / Activo (%),1.64,P,2026,1,2026-01,indicad
00321,BANCO DE SANTIAGO DEL ESTERO S.A.,800010401050,RG5 - Gastos de Administración / Activo  (%),-7.15,P,2026,1,2026-01,indicad
00321,BANCO DE SANTIAGO DEL ESTERO S.A.,800010401150,RG15 - Retorno sobre Activos (ROA) antes Imp. de Gcias (%),9.58,P,2026,1,2026-01,indicad
00321,BANCO DE SANTIAGO DEL ESTERO S.A.,800010500010,"L1-Liquidez Tit c/cot, POS. CALL, LELIQ, LEFIs (netas) (%)",41.02,P,2026,1,2026-01,indicad
00321,BANCO DE SANTIAGO DEL ESTERO S.A.,800010500080,L8_II - Liquidez con títulos con cotiz (%),16.52,P,2026,1,2026-01,indicad
00321,BANCO DE SANTIAGO DEL ESTERO S.A.,800010500090,"L9 -Liq LELIQ, PASES y LEFIs (netos pases activos BCRA) (%)",16.52,P,2026,1,2026-01,indicad
00322,BANCO INDUSTRIAL S.A.,800010100010,C1 - Apalancamiento (en veces),6.57,N,2026,1,2026-01,indicad
00322,BANCO INDUSTRIAL S.A.,800010100020,C2 - Pérdida Potencial de Cartera en Situación 2 a 5 (%),-1.2,P,2026,1,2026-01,indicad
00322,BANCO INDUSTRIAL S.A.,800010100030,C3 - Pérdida Potencial de Cartera en Situación 3 a 5 (%),-3.03,P,2026,1,2026-01,indicad
00322,BANCO INDUSTRIAL S.A.,800010200090,A9 - Total Cartera Irregular / Total Financiaciones (%),1.33,P,2026,1,2026-01,indicad
00322,BANCO INDUSTRIAL S.A.,800010200110,A11 - Cartera Irregular Sector Privado (%),1.8,P,2026,1,2026-01,indicad
00322,BANCO INDUSTRIAL S.A.,800010200120,A12 - Participación Cartera Comercial Sector Privado (%),89.01,P,2026,1,2026-01,indicad
00322,BANCO INDUSTRIAL S.A.,800010200130,A13 - Participación Cartera Consumo Sector Privado (%),10.99,P,2026,1,2026-01,indicad
00322,BANCO INDUSTRIAL S.A.,800010200140,A14 - Previsiones sobre Cartera Irregular Total (%),171.92,P,2026,1,2026-01,indicad
00322,BANCO INDUSTRIAL S.A.,800010200160,A16 - Cartera Irregular Consumo Sector Privado (%),3.81,P,2026,1,2026-01,indicad
00322,BANCO INDUSTRIAL S.A.,800010200170,A17 - Cartera Irregular Comercial Sector Privado (%),1.56,P,2026,1,2026-01,indicad
00322,BANCO INDUSTRIAL S.A.,800010200210,A21 - Posición de Previsiones Mín Sector Priv No Fciero (%),52.23,P,2026,1,2026-01,indicad
00322,BANCO INDUSTRIAL S.A.,800010201030,AG3 - Importancia de Cartera Vencida del Sector Privado (%),0.32,P,2026,1,2026-01,indicad
00322,BANCO INDUSTRIAL S.A.,800010201290,AG29 - Efectivo y Depósito en Bancos / Activo (%),29.25,P,2026,1,2026-01,indicad
00322,BANCO INDUSTRIAL S.A.,800010300010,E1 - Absorción de Gastos de Ad. con Volúmen de Negocio (%),5.99,P,2026,1,2026-01,indicad
00322,BANCO INDUSTRIAL S.A.,800010300020,E2 - Margen de Rentabilidad Operat./Gastos de Estructura (%),56.02,P,2026,1,2026-01,indicad
00322,BANCO INDUSTRIAL S.A.,800010300040,E4 - Depósitos por Empleado (en millones de pesos),3970.64,N,2026,1,2026-01,indicad
00322,BANCO INDUSTRIAL S.A.,800010300050,E5 - Financiaciones por Empleado (en millones de pesos),1543.71,N,2026,1,2026-01,indicad
00322,BANCO INDUSTRIAL S.A.,800010400010,R1 - Rendimiento Anual del Patrimonio ( ROE) (%),15.81,P,2026,1,2026-01,indicad
00322,BANCO INDUSTRIAL S.A.,800010400020,R2 - Rendimiento Ordinario del Patrimonio (%),27.31,P,2026,1,2026-01,indicad
00322,BANCO INDUSTRIAL S.A.,800010400080,R8 - Tasa Implicita Préstamos Totales (%),33.2,P,2026,1,2026-01,indicad
00322,BANCO INDUSTRIAL S.A.,800010400090,R9 - Tasa Implicita Depósitos Totales (%),16.14,P,2026,1,2026-01,indicad
00322,BANCO INDUSTRIAL S.A.,800010400170,R17 - Gastos en Personal / Gastos de Administración (%),37.16,P,2026,1,2026-01,indicad
00322,BANCO INDUSTRIAL S.A.,800010401010,RG1 - Retorno sobre Activos ( ROA) (%),2.03,P,2026,1,2026-01,indicad
00322,BANCO INDUSTRIAL S.A.,800010401020,RG2_II - Margen Financiero en Términos de Activo (%),9.02,P,2026,1,2026-01,indicad
00322,BANCO INDUSTRIAL S.A.,800010401030,RG3 - Cargos por Incobrabilidad / Activo  (%),-0.17,P,2026,1,2026-01,indicad
00322,BANCO INDUSTRIAL S.A.,800010401040,RG4_II - Resultados por Servicios / Activo (%),2.28,P,2026,1,2026-01,indicad
00322,BANCO INDUSTRIAL S.A.,800010401050,RG5 - Gastos de Administración / Activo  (%),-6.26,P,2026,1,2026-01,indicad
00322,BANCO INDUSTRIAL S.A.,800010401150,RG15 - Retorno sobre Activos (ROA) antes Imp. de Gcias (%),1.53,P,2026,1,2026-01,indicad
00322,BANCO INDUSTRIAL S.A.,800010500010,"L1-Liquidez Tit c/cot, POS. CALL, LELIQ, LEFIs (netas) (%)",50.39,P,2026,1,2026-01,indicad
00322,BANCO INDUSTRIAL S.A.,800010500080,L8_II - Liquidez con títulos con cotiz (%),50.39,P,2026,1,2026-01,indicad
00322,BANCO INDUSTRIAL S.A.,800010500090,"L9 -Liq LELIQ, PASES y LEFIs (netos pases activos BCRA) (%)",37.13,P,2026,1,2026-01,indicad
00330,NUEVO BANCO DE SANTA FE SOCIEDAD ANONIMA,800010100010,C1 - Apalancamiento (en veces),6.62,N,2026,1,2026-01,indicad
00330,NUEVO BANCO DE SANTA FE SOCIEDAD ANONIMA,800010100020,C2 - Pérdida Potencial de Cartera en Situación 2 a 5 (%),13.39,P,2026,1,2026-01,indicad
00330,NUEVO BANCO DE SANTA FE SOCIEDAD ANONIMA,800010100030,C3 - Pérdida Potencial de Cartera en Situación 3 a 5 (%),2.84,P,2026,1,2026-01,indicad
00330,NUEVO BANCO DE SANTA FE SOCIEDAD ANONIMA,800010200090,A9 - Total Cartera Irregular / Total Financiaciones (%),3.4,P,2026,1,2026-01,indicad
00330,NUEVO BANCO DE SANTA FE SOCIEDAD ANONIMA,800010200110,A11 - Cartera Irregular Sector Privado (%),3.53,P,2026,1,2026-01,indicad
00330,NUEVO BANCO DE SANTA FE SOCIEDAD ANONIMA,800010200120,A12 - Participación Cartera Comercial Sector Privado (%),54.53,P,2026,1,2026-01,indicad
00330,NUEVO BANCO DE SANTA FE SOCIEDAD ANONIMA,800010200130,A13 - Participación Cartera Consumo Sector Privado (%),45.47,P,2026,1,2026-01,indicad
00330,NUEVO BANCO DE SANTA FE SOCIEDAD ANONIMA,800010200140,A14 - Previsiones sobre Cartera Irregular Total (%),81.92,P,2026,1,2026-01,indicad
00330,NUEVO BANCO DE SANTA FE SOCIEDAD ANONIMA,800010200160,A16 - Cartera Irregular Consumo Sector Privado (%),5.14,P,2026,1,2026-01,indicad
00330,NUEVO BANCO DE SANTA FE SOCIEDAD ANONIMA,800010200170,A17 - Cartera Irregular Comercial Sector Privado (%),2.18,P,2026,1,2026-01,indicad
00330,NUEVO BANCO DE SANTA FE SOCIEDAD ANONIMA,800010200210,A21 - Posición de Previsiones Mín Sector Priv No Fciero (%),8.94,P,2026,1,2026-01,indicad
00330,NUEVO BANCO DE SANTA FE SOCIEDAD ANONIMA,800010201030,AG3 - Importancia de Cartera Vencida del Sector Privado (%),2.5,P,2026,1,2026-01,indicad
00330,NUEVO BANCO DE SANTA FE SOCIEDAD ANONIMA,800010201290,AG29 - Efectivo y Depósito en Bancos / Activo (%),8.03,P,2026,1,2026-01,indicad
00330,NUEVO BANCO DE SANTA FE SOCIEDAD ANONIMA,800010300010,E1 - Absorción de Gastos de Ad. con Volúmen de Negocio (%),6.86,P,2026,1,2026-01,indicad
00330,NUEVO BANCO DE SANTA FE SOCIEDAD ANONIMA,800010300020,E2 - Margen de Rentabilidad Operat./Gastos de Estructura (%),8.15,P,2026,1,2026-01,indicad
00330,NUEVO BANCO DE SANTA FE SOCIEDAD ANONIMA,800010300040,E4 - Depósitos por Empleado (en millones de pesos),1968.85,N,2026,1,2026-01,indicad
00330,NUEVO BANCO DE SANTA FE SOCIEDAD ANONIMA,800010300050,E5 - Financiaciones por Empleado (en millones de pesos),1268.63,N,2026,1,2026-01,indicad
00330,NUEVO BANCO DE SANTA FE SOCIEDAD ANONIMA,800010400010,R1 - Rendimiento Anual del Patrimonio ( ROE) (%),2.21,P,2026,1,2026-01,indicad
00330,NUEVO BANCO DE SANTA FE SOCIEDAD ANONIMA,800010400020,R2 - Rendimiento Ordinario del Patrimonio (%),5.38,P,2026,1,2026-01,indicad
00330,NUEVO BANCO DE SANTA FE SOCIEDAD ANONIMA,800010400080,R8 - Tasa Implicita Préstamos Totales (%),40.72,P,2026,1,2026-01,indicad
00330,NUEVO BANCO DE SANTA FE SOCIEDAD ANONIMA,800010400090,R9 - Tasa Implicita Depósitos Totales (%),18.68,P,2026,1,2026-01,indicad
00330,NUEVO BANCO DE SANTA FE SOCIEDAD ANONIMA,800010400170,R17 - Gastos en Personal / Gastos de Administración (%),48.34,P,2026,1,2026-01,indicad
00330,NUEVO BANCO DE SANTA FE SOCIEDAD ANONIMA,800010401010,RG1 - Retorno sobre Activos ( ROA) (%),0.31,P,2026,1,2026-01,indicad
00330,NUEVO BANCO DE SANTA FE SOCIEDAD ANONIMA,800010401020,RG2_II - Margen Financiero en Términos de Activo (%),13.41,P,2026,1,2026-01,indicad
00330,NUEVO BANCO DE SANTA FE SOCIEDAD ANONIMA,800010401030,RG3 - Cargos por Incobrabilidad / Activo  (%),-2.03,P,2026,1,2026-01,indicad
00330,NUEVO BANCO DE SANTA FE SOCIEDAD ANONIMA,800010401040,RG4_II - Resultados por Servicios / Activo (%),1.46,P,2026,1,2026-01,indicad
00330,NUEVO BANCO DE SANTA FE SOCIEDAD ANONIMA,800010401050,RG5 - Gastos de Administración / Activo  (%),-9.14,P,2026,1,2026-01,indicad
00330,NUEVO BANCO DE SANTA FE SOCIEDAD ANONIMA,800010401150,RG15 - Retorno sobre Activos (ROA) antes Imp. de Gcias (%),-0.4,P,2026,1,2026-01,indicad
00330,NUEVO BANCO DE SANTA FE SOCIEDAD ANONIMA,800010500010,"L1-Liquidez Tit c/cot, POS. CALL, LELIQ, LEFIs (netas) (%)",19.46,P,2026,1,2026-01,indicad
00330,NUEVO BANCO DE SANTA FE SOCIEDAD ANONIMA,800010500080,L8_II - Liquidez con títulos con cotiz (%),19.72,P,2026,1,2026-01,indicad
00330,NUEVO BANCO DE SANTA FE SOCIEDAD ANONIMA,800010500090,"L9 -Liq LELIQ, PASES y LEFIs (netos pases activos BCRA) (%)",10.2,P,2026,1,2026-01,indicad
00331,BANCO CETELEM ARGENTINA S.A.,800010100010,C1 - Apalancamiento (en veces),0.08,N,2026,1,2026-01,indicad
00331,BANCO CETELEM ARGENTINA S.A.,800010100020,C2 - Pérdida Potencial de Cartera en Situación 2 a 5 (%),0.0,P,2026,1,2026-01,indicad
00331,BANCO CETELEM ARGENTINA S.A.,800010100030,C3 - Pérdida Potencial de Cartera en Situación 3 a 5 (%),0.0,P,2026,1,2026-01,indicad
00331,BANCO CETELEM ARGENTINA S.A.,800010200090,A9 - Total Cartera Irregular / Total Financiaciones (%),0.0,P,2026,1,2026-01,indicad
00331,BANCO CETELEM ARGENTINA S.A.,800010200110,A11 - Cartera Irregular Sector Privado (%),0.0,P,2026,1,2026-01,indicad
00331,BANCO CETELEM ARGENTINA S.A.,800010200120,A12 - Participación Cartera Comercial Sector Privado (%),0.0,P,2026,1,2026-01,indicad
00331,BANCO CETELEM ARGENTINA S.A.,800010200130,A13 - Participación Cartera Consumo Sector Privado (%),0.0,P,2026,1,2026-01,indicad
00331,BANCO CETELEM ARGENTINA S.A.,800010200140,A14 - Previsiones sobre Cartera Irregular Total (%),0.0,P,2026,1,2026-01,indicad
00331,BANCO CETELEM ARGENTINA S.A.,800010200160,A16 - Cartera Irregular Consumo Sector Privado (%),0.0,P,2026,1,2026-01,indicad
00331,BANCO CETELEM ARGENTINA S.A.,800010200170,A17 - Cartera Irregular Comercial Sector Privado (%),0.0,P,2026,1,2026-01,indicad
00331,BANCO CETELEM ARGENTINA S.A.,800010200210,A21 - Posición de Previsiones Mín Sector Priv No Fciero (%),0.0,P,2026,1,2026-01,indicad
00331,BANCO CETELEM ARGENTINA S.A.,800010201030,AG3 - Importancia de Cartera Vencida del Sector Privado (%),0.0,P,2026,1,2026-01,indicad
00331,BANCO CETELEM ARGENTINA S.A.,800010201290,AG29 - Efectivo y Depósito en Bancos / Activo (%),23.24,P,2026,1,2026-01,indicad
00331,BANCO CETELEM ARGENTINA S.A.,800010300010,E1 - Absorción de Gastos de Ad. con Volúmen de Negocio (%),100.15,P,2026,1,2026-01,indicad
00331,BANCO CETELEM ARGENTINA S.A.,800010300020,E2 - Margen de Rentabilidad Operat./Gastos de Estructura (%),-76.6,P,2026,1,2026-01,indicad
00331,BANCO CETELEM ARGENTINA S.A.,800010300040,E4 - Depósitos por Empleado (en millones de pesos),0.0,N,2026,1,2026-01,indicad
00331,BANCO CETELEM ARGENTINA S.A.,800010300050,E5 - Financiaciones por Empleado (en millones de pesos),977.2,N,2026,1,2026-01,indicad
00331,BANCO CETELEM ARGENTINA S.A.,800010400010,R1 - Rendimiento Anual del Patrimonio ( ROE) (%),-88.7,P,2026,1,2026-01,indicad
00331,BANCO CETELEM ARGENTINA S.A.,800010400020,R2 - Rendimiento Ordinario del Patrimonio (%),-56.32,P,2026,1,2026-01,indicad
00331,BANCO CETELEM ARGENTINA S.A.,800010400080,R8 - Tasa Implicita Préstamos Totales (%),27.05,P,2026,1,2026-01,indicad
00331,BANCO CETELEM ARGENTINA S.A.,800010400090,R9 - Tasa Implicita Depósitos Totales (%),0.0,P,2026,1,2026-01,indicad
00331,BANCO CETELEM ARGENTINA S.A.,800010400170,R17 - Gastos en Personal / Gastos de Administración (%),51.12,P,2026,1,2026-01,indicad
00331,BANCO CETELEM ARGENTINA S.A.,800010401010,RG1 - Retorno sobre Activos ( ROA) (%),-81.85,P,2026,1,2026-01,indicad
00331,BANCO CETELEM ARGENTINA S.A.,800010401020,RG2_II - Margen Financiero en Términos de Activo (%),17.56,P,2026,1,2026-01,indicad
00331,BANCO CETELEM ARGENTINA S.A.,800010401030,RG3 - Cargos por Incobrabilidad / Activo  (%),0.0,P,2026,1,2026-01,indicad
00331,BANCO CETELEM ARGENTINA S.A.,800010401040,RG4_II - Resultados por Servicios / Activo (%),-0.08,P,2026,1,2026-01,indicad
00331,BANCO CETELEM ARGENTINA S.A.,800010401050,RG5 - Gastos de Administración / Activo  (%),-67.84,P,2026,1,2026-01,indicad
00331,BANCO CETELEM ARGENTINA S.A.,800010401150,RG15 - Retorno sobre Activos (ROA) antes Imp. de Gcias (%),-81.85,P,2026,1,2026-01,indicad
00331,BANCO CETELEM ARGENTINA S.A.,800010500010,"L1-Liquidez Tit c/cot, POS. CALL, LELIQ, LEFIs (netas) (%)",0.0,P,2026,1,2026-01,indicad
00331,BANCO CETELEM ARGENTINA S.A.,800010500080,L8_II - Liquidez con títulos con cotiz (%),0.0,P,2026,1,2026-01,indicad
00331,BANCO CETELEM ARGENTINA S.A.,800010500090,"L9 -Liq LELIQ, PASES y LEFIs (netos pases activos BCRA) (%)",0.0,P,2026,1,2026-01,indicad
00332,BANCO DE SERVICIOS FINANCIEROS S.A.,800010100010,C1 - Apalancamiento (en veces),4.41,N,2026,1,2026-01,indicad
00332,BANCO DE SERVICIOS FINANCIEROS S.A.,800010100020,C2 - Pérdida Potencial de Cartera en Situación 2 a 5 (%),242.82,P,2026,1,2026-01,indicad
00332,BANCO DE SERVICIOS FINANCIEROS S.A.,800010100030,C3 - Pérdida Potencial de Cartera en Situación 3 a 5 (%),186.98,P,2026,1,2026-01,indicad
00332,BANCO DE SERVICIOS FINANCIEROS S.A.,800010200090,A9 - Total Cartera Irregular / Total Financiaciones (%),45.39,P,2026,1,2026-01,indicad
00332,BANCO DE SERVICIOS FINANCIEROS S.A.,800010200110,A11 - Cartera Irregular Sector Privado (%),45.39,P,2026,1,2026-01,indicad
00332,BANCO DE SERVICIOS FINANCIEROS S.A.,800010200120,A12 - Participación Cartera Comercial Sector Privado (%),0.0,P,2026,1,2026-01,indicad
00332,BANCO DE SERVICIOS FINANCIEROS S.A.,800010200130,A13 - Participación Cartera Consumo Sector Privado (%),100.0,P,2026,1,2026-01,indicad
00332,BANCO DE SERVICIOS FINANCIEROS S.A.,800010200140,A14 - Previsiones sobre Cartera Irregular Total (%),32.84,P,2026,1,2026-01,indicad
00332,BANCO DE SERVICIOS FINANCIEROS S.A.,800010200160,A16 - Cartera Irregular Consumo Sector Privado (%),45.39,P,2026,1,2026-01,indicad
00332,BANCO DE SERVICIOS FINANCIEROS S.A.,800010200170,A17 - Cartera Irregular Comercial Sector Privado (%),99999.0,P,2026,1,2026-01,indicad
00332,BANCO DE SERVICIOS FINANCIEROS S.A.,800010200210,A21 - Posición de Previsiones Mín Sector Priv No Fciero (%),-35.05,P,2026,1,2026-01,indicad
00332,BANCO DE SERVICIOS FINANCIEROS S.A.,800010201030,AG3 - Importancia de Cartera Vencida del Sector Privado (%),45.38,P,2026,1,2026-01,indicad
00332,BANCO DE SERVICIOS FINANCIEROS S.A.,800010201290,AG29 - Efectivo y Depósito en Bancos / Activo (%),5.63,P,2026,1,2026-01,indicad
00332,BANCO DE SERVICIOS FINANCIEROS S.A.,800010300010,E1 - Absorción de Gastos de Ad. con Volúmen de Negocio (%),17.65,P,2026,1,2026-01,indicad
00332,BANCO DE SERVICIOS FINANCIEROS S.A.,800010300020,E2 - Margen de Rentabilidad Operat./Gastos de Estructura (%),11.7,P,2026,1,2026-01,indicad
00332,BANCO DE SERVICIOS FINANCIEROS S.A.,800010300040,E4 - Depósitos por Empleado (en millones de pesos),0.0,N,2026,1,2026-01,indicad
00332,BANCO DE SERVICIOS FINANCIEROS S.A.,800010300050,E5 - Financiaciones por Empleado (en millones de pesos),1981.94,N,2026,1,2026-01,indicad
00332,BANCO DE SERVICIOS FINANCIEROS S.A.,800010400010,R1 - Rendimiento Anual del Patrimonio ( ROE) (%),12.82,P,2026,1,2026-01,indicad
00332,BANCO DE SERVICIOS FINANCIEROS S.A.,800010400020,R2 - Rendimiento Ordinario del Patrimonio (%),12.62,P,2026,1,2026-01,indicad
00332,BANCO DE SERVICIOS FINANCIEROS S.A.,800010400080,R8 - Tasa Implicita Préstamos Totales (%),60.07,P,2026,1,2026-01,indicad
00332,BANCO DE SERVICIOS FINANCIEROS S.A.,800010400090,R9 - Tasa Implicita Depósitos Totales (%),32.41,P,2026,1,2026-01,indicad
00332,BANCO DE SERVICIOS FINANCIEROS S.A.,800010400170,R17 - Gastos en Personal / Gastos de Administración (%),22.91,P,2026,1,2026-01,indicad
00332,BANCO DE SERVICIOS FINANCIEROS S.A.,800010401010,RG1 - Retorno sobre Activos ( ROA) (%),1.97,P,2026,1,2026-01,indicad
00332,BANCO DE SERVICIOS FINANCIEROS S.A.,800010401020,RG2_II - Margen Financiero en Términos de Activo (%),29.85,P,2026,1,2026-01,indicad
00332,BANCO DE SERVICIOS FINANCIEROS S.A.,800010401030,RG3 - Cargos por Incobrabilidad / Activo  (%),-17.99,P,2026,1,2026-01,indicad
00332,BANCO DE SERVICIOS FINANCIEROS S.A.,800010401040,RG4_II - Resultados por Servicios / Activo (%),12.79,P,2026,1,2026-01,indicad
00332,BANCO DE SERVICIOS FINANCIEROS S.A.,800010401050,RG5 - Gastos de Administración / Activo  (%),-16.61,P,2026,1,2026-01,indicad
00332,BANCO DE SERVICIOS FINANCIEROS S.A.,800010401150,RG15 - Retorno sobre Activos (ROA) antes Imp. de Gcias (%),3.21,P,2026,1,2026-01,indicad
00332,BANCO DE SERVICIOS FINANCIEROS S.A.,800010500010,"L1-Liquidez Tit c/cot, POS. CALL, LELIQ, LEFIs (netas) (%)",22.79,P,2026,1,2026-01,indicad
00332,BANCO DE SERVICIOS FINANCIEROS S.A.,800010500080,L8_II - Liquidez con títulos con cotiz (%),0.0,P,2026,1,2026-01,indicad
00332,BANCO DE SERVICIOS FINANCIEROS S.A.,800010500090,"L9 -Liq LELIQ, PASES y LEFIs (netos pases activos BCRA) (%)",0.0,P,2026,1,2026-01,indicad
00338,BANCO DE SERVICIOS Y TRANSACCIONES SAU,800010100010,C1 - Apalancamiento (en veces),3.29,N,2026,1,2026-01,indicad
00338,BANCO DE SERVICIOS Y TRANSACCIONES SAU,800010100020,C2 - Pérdida Potencial de Cartera en Situación 2 a 5 (%),-0.99,P,2026,1,2026-01,indicad
00338,BANCO DE SERVICIOS Y TRANSACCIONES SAU,800010100030,C3 - Pérdida Potencial de Cartera en Situación 3 a 5 (%),-2.69,P,2026,1,2026-01,indicad
00338,BANCO DE SERVICIOS Y TRANSACCIONES SAU,800010200090,A9 - Total Cartera Irregular / Total Financiaciones (%),1.38,P,2026,1,2026-01,indicad
00338,BANCO DE SERVICIOS Y TRANSACCIONES SAU,800010200110,A11 - Cartera Irregular Sector Privado (%),1.43,P,2026,1,2026-01,indicad
00338,BANCO DE SERVICIOS Y TRANSACCIONES SAU,800010200120,A12 - Participación Cartera Comercial Sector Privado (%),97.62,P,2026,1,2026-01,indicad
00338,BANCO DE SERVICIOS Y TRANSACCIONES SAU,800010200130,A13 - Participación Cartera Consumo Sector Privado (%),2.38,P,2026,1,2026-01,indicad
00338,BANCO DE SERVICIOS Y TRANSACCIONES SAU,800010200140,A14 - Previsiones sobre Cartera Irregular Total (%),171.04,P,2026,1,2026-01,indicad
00338,BANCO DE SERVICIOS Y TRANSACCIONES SAU,800010200160,A16 - Cartera Irregular Consumo Sector Privado (%),2.67,P,2026,1,2026-01,indicad
00338,BANCO DE SERVICIOS Y TRANSACCIONES SAU,800010200170,A17 - Cartera Irregular Comercial Sector Privado (%),1.4,P,2026,1,2026-01,indicad
00338,BANCO DE SERVICIOS Y TRANSACCIONES SAU,800010200210,A21 - Posición de Previsiones Mín Sector Priv No Fciero (%),51.06,P,2026,1,2026-01,indicad
00338,BANCO DE SERVICIOS Y TRANSACCIONES SAU,800010201030,AG3 - Importancia de Cartera Vencida del Sector Privado (%),1.43,P,2026,1,2026-01,indicad
00338,BANCO DE SERVICIOS Y TRANSACCIONES SAU,800010201290,AG29 - Efectivo y Depósito en Bancos / Activo (%),6.77,P,2026,1,2026-01,indicad
00338,BANCO DE SERVICIOS Y TRANSACCIONES SAU,800010300010,E1 - Absorción de Gastos de Ad. con Volúmen de Negocio (%),9.82,P,2026,1,2026-01,indicad
00338,BANCO DE SERVICIOS Y TRANSACCIONES SAU,800010300020,E2 - Margen de Rentabilidad Operat./Gastos de Estructura (%),26.43,P,2026,1,2026-01,indicad
00338,BANCO DE SERVICIOS Y TRANSACCIONES SAU,800010300040,E4 - Depósitos por Empleado (en millones de pesos),2068.85,N,2026,1,2026-01,indicad
00338,BANCO DE SERVICIOS Y TRANSACCIONES SAU,800010300050,E5 - Financiaciones por Empleado (en millones de pesos),1732.97,N,2026,1,2026-01,indicad
00338,BANCO DE SERVICIOS Y TRANSACCIONES SAU,800010400010,R1 - Rendimiento Anual del Patrimonio ( ROE) (%),3.71,P,2026,1,2026-01,indicad
00338,BANCO DE SERVICIOS Y TRANSACCIONES SAU,800010400020,R2 - Rendimiento Ordinario del Patrimonio (%),9.24,P,2026,1,2026-01,indicad
00338,BANCO DE SERVICIOS Y TRANSACCIONES SAU,800010400080,R8 - Tasa Implicita Préstamos Totales (%),35.09,P,2026,1,2026-01,indicad
00338,BANCO DE SERVICIOS Y TRANSACCIONES SAU,800010400090,R9 - Tasa Implicita Depósitos Totales (%),20.19,P,2026,1,2026-01,indicad
00338,BANCO DE SERVICIOS Y TRANSACCIONES SAU,800010400170,R17 - Gastos en Personal / Gastos de Administración (%),24.13,P,2026,1,2026-01,indicad
00338,BANCO DE SERVICIOS Y TRANSACCIONES SAU,800010401010,RG1 - Retorno sobre Activos ( ROA) (%),0.99,P,2026,1,2026-01,indicad
00338,BANCO DE SERVICIOS Y TRANSACCIONES SAU,800010401020,RG2_II - Margen Financiero en Términos de Activo (%),13.77,P,2026,1,2026-01,indicad
00338,BANCO DE SERVICIOS Y TRANSACCIONES SAU,800010401030,RG3 - Cargos por Incobrabilidad / Activo  (%),-1.58,P,2026,1,2026-01,indicad
00338,BANCO DE SERVICIOS Y TRANSACCIONES SAU,800010401040,RG4_II - Resultados por Servicios / Activo (%),1.36,P,2026,1,2026-01,indicad
00338,BANCO DE SERVICIOS Y TRANSACCIONES SAU,800010401050,RG5 - Gastos de Administración / Activo  (%),-9.36,P,2026,1,2026-01,indicad
00338,BANCO DE SERVICIOS Y TRANSACCIONES SAU,800010401150,RG15 - Retorno sobre Activos (ROA) antes Imp. de Gcias (%),-3.18,P,2026,1,2026-01,indicad
00338,BANCO DE SERVICIOS Y TRANSACCIONES SAU,800010500010,"L1-Liquidez Tit c/cot, POS. CALL, LELIQ, LEFIs (netas) (%)",54.87,P,2026,1,2026-01,indicad
00338,BANCO DE SERVICIOS Y TRANSACCIONES SAU,800010500080,L8_II - Liquidez con títulos con cotiz (%),54.87,P,2026,1,2026-01,indicad
00338,BANCO DE SERVICIOS Y TRANSACCIONES SAU,800010500090,"L9 -Liq LELIQ, PASES y LEFIs (netos pases activos BCRA) (%)",69.35,P,2026,1,2026-01,indicad
00339,RCI BANQUE S.A.,800010100010,C1 - Apalancamiento (en veces),4.57,N,2026,1,2026-01,indicad
00339,RCI BANQUE S.A.,800010100020,C2 - Pérdida Potencial de Cartera en Situación 2 a 5 (%),-0.79,P,2026,1,2026-01,indicad
00339,RCI BANQUE S.A.,800010100030,C3 - Pérdida Potencial de Cartera en Situación 3 a 5 (%),-0.79,P,2026,1,2026-01,indicad
00339,RCI BANQUE S.A.,800010200090,A9 - Total Cartera Irregular / Total Financiaciones (%),0.0,P,2026,1,2026-01,indicad
00339,RCI BANQUE S.A.,800010200110,A11 - Cartera Irregular Sector Privado (%),0.0,P,2026,1,2026-01,indicad
00339,RCI BANQUE S.A.,800010200120,A12 - Participación Cartera Comercial Sector Privado (%),100.0,P,2026,1,2026-01,indicad
00339,RCI BANQUE S.A.,800010200130,A13 - Participación Cartera Consumo Sector Privado (%),0.0,P,2026,1,2026-01,indicad
00339,RCI BANQUE S.A.,800010200140,A14 - Previsiones sobre Cartera Irregular Total (%),0.0,P,2026,1,2026-01,indicad
00339,RCI BANQUE S.A.,800010200160,A16 - Cartera Irregular Consumo Sector Privado (%),0.0,P,2026,1,2026-01,indicad
00339,RCI BANQUE S.A.,800010200170,A17 - Cartera Irregular Comercial Sector Privado (%),0.0,P,2026,1,2026-01,indicad
00339,RCI BANQUE S.A.,800010200210,A21 - Posición de Previsiones Mín Sector Priv No Fciero (%),-84.23,P,2026,1,2026-01,indicad
00339,RCI BANQUE S.A.,800010201030,AG3 - Importancia de Cartera Vencida del Sector Privado (%),0.0,P,2026,1,2026-01,indicad
00339,RCI BANQUE S.A.,800010201290,AG29 - Efectivo y Depósito en Bancos / Activo (%),6.06,P,2026,1,2026-01,indicad
00339,RCI BANQUE S.A.,800010300010,E1 - Absorción de Gastos de Ad. con Volúmen de Negocio (%),2.34,P,2026,1,2026-01,indicad
00339,RCI BANQUE S.A.,800010300020,E2 - Margen de Rentabilidad Operat./Gastos de Estructura (%),332.47,P,2026,1,2026-01,indicad
00339,RCI BANQUE S.A.,800010300040,E4 - Depósitos por Empleado (en millones de pesos),100.09,N,2026,1,2026-01,indicad
00339,RCI BANQUE S.A.,800010300050,E5 - Financiaciones por Empleado (en millones de pesos),15910.7,N,2026,1,2026-01,indicad
00339,RCI BANQUE S.A.,800010400010,R1 - Rendimiento Anual del Patrimonio ( ROE) (%),10.75,P,2026,1,2026-01,indicad
00339,RCI BANQUE S.A.,800010400020,R2 - Rendimiento Ordinario del Patrimonio (%),42.35,P,2026,1,2026-01,indicad
00339,RCI BANQUE S.A.,800010400080,R8 - Tasa Implicita Préstamos Totales (%),40.47,P,2026,1,2026-01,indicad
00339,RCI BANQUE S.A.,800010400090,R9 - Tasa Implicita Depósitos Totales (%),5.29,P,2026,1,2026-01,indicad
00339,RCI BANQUE S.A.,800010400170,R17 - Gastos en Personal / Gastos de Administración (%),42.45,P,2026,1,2026-01,indicad
00339,RCI BANQUE S.A.,800010401010,RG1 - Retorno sobre Activos ( ROA) (%),2.64,P,2026,1,2026-01,indicad
00339,RCI BANQUE S.A.,800010401020,RG2_II - Margen Financiero en Términos de Activo (%),17.55,P,2026,1,2026-01,indicad
00339,RCI BANQUE S.A.,800010401030,RG3 - Cargos por Incobrabilidad / Activo  (%),-0.73,P,2026,1,2026-01,indicad
00339,RCI BANQUE S.A.,800010401040,RG4_II - Resultados por Servicios / Activo (%),-0.47,P,2026,1,2026-01,indicad
00339,RCI BANQUE S.A.,800010401050,RG5 - Gastos de Administración / Activo  (%),-3.13,P,2026,1,2026-01,indicad
00339,RCI BANQUE S.A.,800010401150,RG15 - Retorno sobre Activos (ROA) antes Imp. de Gcias (%),2.64,P,2026,1,2026-01,indicad
00339,RCI BANQUE S.A.,800010500010,"L1-Liquidez Tit c/cot, POS. CALL, LELIQ, LEFIs (netas) (%)",20.94,P,2026,1,2026-01,indicad
00339,RCI BANQUE S.A.,800010500080,L8_II - Liquidez con títulos con cotiz (%),1694.47,P,2026,1,2026-01,indicad
00339,RCI BANQUE S.A.,800010500090,"L9 -Liq LELIQ, PASES y LEFIs (netos pases activos BCRA) (%)",1074.17,P,2026,1,2026-01,indicad
00340,BACS BANCO DE CREDITO Y SECURITIZACION S.A.,800010100010,C1 - Apalancamiento (en veces),6.02,N,2026,1,2026-01,indicad
00340,BACS BANCO DE CREDITO Y SECURITIZACION S.A.,800010100020,C2 - Pérdida Potencial de Cartera en Situación 2 a 5 (%),6.27,P,2026,1,2026-01,indicad
00340,BACS BANCO DE CREDITO Y SECURITIZACION S.A.,800010100030,C3 - Pérdida Potencial de Cartera en Situación 3 a 5 (%),5.04,P,2026,1,2026-01,indicad
00340,BACS BANCO DE CREDITO Y SECURITIZACION S.A.,800010200090,A9 - Total Cartera Irregular / Total Financiaciones (%),1.79,P,2026,1,2026-01,indicad
00340,BACS BANCO DE CREDITO Y SECURITIZACION S.A.,800010200110,A11 - Cartera Irregular Sector Privado (%),3.89,P,2026,1,2026-01,indicad
00340,BACS BANCO DE CREDITO Y SECURITIZACION S.A.,800010200120,A12 - Participación Cartera Comercial Sector Privado (%),54.07,P,2026,1,2026-01,indicad
00340,BACS BANCO DE CREDITO Y SECURITIZACION S.A.,800010200130,A13 - Participación Cartera Consumo Sector Privado (%),45.93,P,2026,1,2026-01,indicad
00340,BACS BANCO DE CREDITO Y SECURITIZACION S.A.,800010200140,A14 - Previsiones sobre Cartera Irregular Total (%),42.81,P,2026,1,2026-01,indicad
00340,BACS BANCO DE CREDITO Y SECURITIZACION S.A.,800010200160,A16 - Cartera Irregular Consumo Sector Privado (%),2.66,P,2026,1,2026-01,indicad
00340,BACS BANCO DE CREDITO Y SECURITIZACION S.A.,800010200170,A17 - Cartera Irregular Comercial Sector Privado (%),4.94,P,2026,1,2026-01,indicad
00340,BACS BANCO DE CREDITO Y SECURITIZACION S.A.,800010200210,A21 - Posición de Previsiones Mín Sector Priv No Fciero (%),-40.1,P,2026,1,2026-01,indicad
00340,BACS BANCO DE CREDITO Y SECURITIZACION S.A.,800010201030,AG3 - Importancia de Cartera Vencida del Sector Privado (%),3.89,P,2026,1,2026-01,indicad
00340,BACS BANCO DE CREDITO Y SECURITIZACION S.A.,800010201290,AG29 - Efectivo y Depósito en Bancos / Activo (%),18.44,P,2026,1,2026-01,indicad
00340,BACS BANCO DE CREDITO Y SECURITIZACION S.A.,800010300010,E1 - Absorción de Gastos de Ad. con Volúmen de Negocio (%),4.19,P,2026,1,2026-01,indicad
00340,BACS BANCO DE CREDITO Y SECURITIZACION S.A.,800010300020,E2 - Margen de Rentabilidad Operat./Gastos de Estructura (%),45.62,P,2026,1,2026-01,indicad
00340,BACS BANCO DE CREDITO Y SECURITIZACION S.A.,800010300040,E4 - Depósitos por Empleado (en millones de pesos),2685.78,N,2026,1,2026-01,indicad
00340,BACS BANCO DE CREDITO Y SECURITIZACION S.A.,800010300050,E5 - Financiaciones por Empleado (en millones de pesos),2060.8,N,2026,1,2026-01,indicad
00340,BACS BANCO DE CREDITO Y SECURITIZACION S.A.,800010400010,R1 - Rendimiento Anual del Patrimonio ( ROE) (%),2.49,P,2026,1,2026-01,indicad
00340,BACS BANCO DE CREDITO Y SECURITIZACION S.A.,800010400020,R2 - Rendimiento Ordinario del Patrimonio (%),18.42,P,2026,1,2026-01,indicad
00340,BACS BANCO DE CREDITO Y SECURITIZACION S.A.,800010400080,R8 - Tasa Implicita Préstamos Totales (%),40.67,P,2026,1,2026-01,indicad
00340,BACS BANCO DE CREDITO Y SECURITIZACION S.A.,800010400090,R9 - Tasa Implicita Depósitos Totales (%),22.83,P,2026,1,2026-01,indicad
00340,BACS BANCO DE CREDITO Y SECURITIZACION S.A.,800010400170,R17 - Gastos en Personal / Gastos de Administración (%),64.53,P,2026,1,2026-01,indicad
00340,BACS BANCO DE CREDITO Y SECURITIZACION S.A.,800010401010,RG1 - Retorno sobre Activos ( ROA) (%),0.32,P,2026,1,2026-01,indicad
00340,BACS BANCO DE CREDITO Y SECURITIZACION S.A.,800010401020,RG2_II - Margen Financiero en Términos de Activo (%),8.78,P,2026,1,2026-01,indicad
00340,BACS BANCO DE CREDITO Y SECURITIZACION S.A.,800010401030,RG3 - Cargos por Incobrabilidad / Activo  (%),-0.34,P,2026,1,2026-01,indicad
00340,BACS BANCO DE CREDITO Y SECURITIZACION S.A.,800010401040,RG4_II - Resultados por Servicios / Activo (%),0.94,P,2026,1,2026-01,indicad
00340,BACS BANCO DE CREDITO Y SECURITIZACION S.A.,800010401050,RG5 - Gastos de Administración / Activo  (%),-5.2,P,2026,1,2026-01,indicad
00340,BACS BANCO DE CREDITO Y SECURITIZACION S.A.,800010401150,RG15 - Retorno sobre Activos (ROA) antes Imp. de Gcias (%),0.14,P,2026,1,2026-01,indicad
00340,BACS BANCO DE CREDITO Y SECURITIZACION S.A.,800010500010,"L1-Liquidez Tit c/cot, POS. CALL, LELIQ, LEFIs (netas) (%)",39.66,P,2026,1,2026-01,indicad
00340,BACS BANCO DE CREDITO Y SECURITIZACION S.A.,800010500080,L8_II - Liquidez con títulos con cotiz (%),39.66,P,2026,1,2026-01,indicad
00340,BACS BANCO DE CREDITO Y SECURITIZACION S.A.,800010500090,"L9 -Liq LELIQ, PASES y LEFIs (netos pases activos BCRA) (%)",23.95,P,2026,1,2026-01,indicad
00341,BANCO MASVENTAS S.A.,800010100010,C1 - Apalancamiento (en veces),3.59,N,2026,1,2026-01,indicad
00341,BANCO MASVENTAS S.A.,800010100020,C2 - Pérdida Potencial de Cartera en Situación 2 a 5 (%),8.72,P,2026,1,2026-01,indicad
00341,BANCO MASVENTAS S.A.,800010100030,C3 - Pérdida Potencial de Cartera en Situación 3 a 5 (%),3.95,P,2026,1,2026-01,indicad
00341,BANCO MASVENTAS S.A.,800010200090,A9 - Total Cartera Irregular / Total Financiaciones (%),9.67,P,2026,1,2026-01,indicad
00341,BANCO MASVENTAS S.A.,800010200110,A11 - Cartera Irregular Sector Privado (%),9.67,P,2026,1,2026-01,indicad
00341,BANCO MASVENTAS S.A.,800010200120,A12 - Participación Cartera Comercial Sector Privado (%),47.91,P,2026,1,2026-01,indicad
00341,BANCO MASVENTAS S.A.,800010200130,A13 - Participación Cartera Consumo Sector Privado (%),52.09,P,2026,1,2026-01,indicad
00341,BANCO MASVENTAS S.A.,800010200140,A14 - Previsiones sobre Cartera Irregular Total (%),79.57,P,2026,1,2026-01,indicad
00341,BANCO MASVENTAS S.A.,800010200160,A16 - Cartera Irregular Consumo Sector Privado (%),15.38,P,2026,1,2026-01,indicad
00341,BANCO MASVENTAS S.A.,800010200170,A17 - Cartera Irregular Comercial Sector Privado (%),3.46,P,2026,1,2026-01,indicad
00341,BANCO MASVENTAS S.A.,800010200210,A21 - Posición de Previsiones Mín Sector Priv No Fciero (%),18.01,P,2026,1,2026-01,indicad
00341,BANCO MASVENTAS S.A.,800010201030,AG3 - Importancia de Cartera Vencida del Sector Privado (%),4.48,P,2026,1,2026-01,indicad
00341,BANCO MASVENTAS S.A.,800010201290,AG29 - Efectivo y Depósito en Bancos / Activo (%),5.65,P,2026,1,2026-01,indicad
00341,BANCO MASVENTAS S.A.,800010300010,E1 - Absorción de Gastos de Ad. con Volúmen de Negocio (%),23.93,P,2026,1,2026-01,indicad
00341,BANCO MASVENTAS S.A.,800010300020,E2 - Margen de Rentabilidad Operat./Gastos de Estructura (%),-69.56,P,2026,1,2026-01,indicad
00341,BANCO MASVENTAS S.A.,800010300040,E4 - Depósitos por Empleado (en millones de pesos),239.85,N,2026,1,2026-01,indicad
00341,BANCO MASVENTAS S.A.,800010300050,E5 - Financiaciones por Empleado (en millones de pesos),133.23,N,2026,1,2026-01,indicad
00341,BANCO MASVENTAS S.A.,800010400010,R1 - Rendimiento Anual del Patrimonio ( ROE) (%),-43.78,P,2026,1,2026-01,indicad
00341,BANCO MASVENTAS S.A.,800010400020,R2 - Rendimiento Ordinario del Patrimonio (%),-64.82,P,2026,1,2026-01,indicad
00341,BANCO MASVENTAS S.A.,800010400080,R8 - Tasa Implicita Préstamos Totales (%),60.43,P,2026,1,2026-01,indicad
00341,BANCO MASVENTAS S.A.,800010400090,R9 - Tasa Implicita Depósitos Totales (%),20.96,P,2026,1,2026-01,indicad
00341,BANCO MASVENTAS S.A.,800010400170,R17 - Gastos en Personal / Gastos de Administración (%),64.48,P,2026,1,2026-01,indicad
00341,BANCO MASVENTAS S.A.,800010401010,RG1 - Retorno sobre Activos ( ROA) (%),-11.57,P,2026,1,2026-01,indicad
00341,BANCO MASVENTAS S.A.,800010401020,RG2_II - Margen Financiero en Términos de Activo (%),10.54,P,2026,1,2026-01,indicad
00341,BANCO MASVENTAS S.A.,800010401030,RG3 - Cargos por Incobrabilidad / Activo  (%),-2.59,P,2026,1,2026-01,indicad
00341,BANCO MASVENTAS S.A.,800010401040,RG4_II - Resultados por Servicios / Activo (%),0.97,P,2026,1,2026-01,indicad
00341,BANCO MASVENTAS S.A.,800010401050,RG5 - Gastos de Administración / Activo  (%),-24.63,P,2026,1,2026-01,indicad
00341,BANCO MASVENTAS S.A.,800010401150,RG15 - Retorno sobre Activos (ROA) antes Imp. de Gcias (%),-19.16,P,2026,1,2026-01,indicad
00341,BANCO MASVENTAS S.A.,800010500010,"L1-Liquidez Tit c/cot, POS. CALL, LELIQ, LEFIs (netas) (%)",8.02,P,2026,1,2026-01,indicad
00341,BANCO MASVENTAS S.A.,800010500080,L8_II - Liquidez con títulos con cotiz (%),8.02,P,2026,1,2026-01,indicad
00341,BANCO MASVENTAS S.A.,800010500090,"L9 -Liq LELIQ, PASES y LEFIs (netos pases activos BCRA) (%)",8.02,P,2026,1,2026-01,indicad
00384,UALA BANK S.A.U.,800010100010,C1 - Apalancamiento (en veces),15.61,N,2026,1,2026-01,indicad
00384,UALA BANK S.A.U.,800010100020,C2 - Pérdida Potencial de Cartera en Situación 2 a 5 (%),110.2,P,2026,1,2026-01,indicad
00384,UALA BANK S.A.U.,800010100030,C3 - Pérdida Potencial de Cartera en Situación 3 a 5 (%),36.87,P,2026,1,2026-01,indicad
00384,UALA BANK S.A.U.,800010200090,A9 - Total Cartera Irregular / Total Financiaciones (%),37.16,P,2026,1,2026-01,indicad
00384,UALA BANK S.A.U.,800010200110,A11 - Cartera Irregular Sector Privado (%),39.61,P,2026,1,2026-01,indicad
00384,UALA BANK S.A.U.,800010200120,A12 - Participación Cartera Comercial Sector Privado (%),1.24,P,2026,1,2026-01,indicad
00384,UALA BANK S.A.U.,800010200130,A13 - Participación Cartera Consumo Sector Privado (%),98.76,P,2026,1,2026-01,indicad
00384,UALA BANK S.A.U.,800010200140,A14 - Previsiones sobre Cartera Irregular Total (%),91.63,P,2026,1,2026-01,indicad
00384,UALA BANK S.A.U.,800010200160,A16 - Cartera Irregular Consumo Sector Privado (%),40.11,P,2026,1,2026-01,indicad
00384,UALA BANK S.A.U.,800010200170,A17 - Cartera Irregular Comercial Sector Privado (%),0.0,P,2026,1,2026-01,indicad
00384,UALA BANK S.A.U.,800010200210,A21 - Posición de Previsiones Mín Sector Priv No Fciero (%),91.51,P,2026,1,2026-01,indicad
00384,UALA BANK S.A.U.,800010201030,AG3 - Importancia de Cartera Vencida del Sector Privado (%),3.63,P,2026,1,2026-01,indicad
00384,UALA BANK S.A.U.,800010201290,AG29 - Efectivo y Depósito en Bancos / Activo (%),7.56,P,2026,1,2026-01,indicad
00384,UALA BANK S.A.U.,800010300010,E1 - Absorción de Gastos de Ad. con Volúmen de Negocio (%),3.97,P,2026,1,2026-01,indicad
00384,UALA BANK S.A.U.,800010300020,E2 - Margen de Rentabilidad Operat./Gastos de Estructura (%),-319.49,P,2026,1,2026-01,indicad
00384,UALA BANK S.A.U.,800010300040,E4 - Depósitos por Empleado (en millones de pesos),3838.85,N,2026,1,2026-01,indicad
00384,UALA BANK S.A.U.,800010300050,E5 - Financiaciones por Empleado (en millones de pesos),2493.68,N,2026,1,2026-01,indicad
00384,UALA BANK S.A.U.,800010400010,R1 - Rendimiento Anual del Patrimonio ( ROE) (%),-547.92,P,2026,1,2026-01,indicad
00384,UALA BANK S.A.U.,800010400020,R2 - Rendimiento Ordinario del Patrimonio (%),-546.32,P,2026,1,2026-01,indicad
00384,UALA BANK S.A.U.,800010400080,R8 - Tasa Implicita Préstamos Totales (%),56.78,P,2026,1,2026-01,indicad
00384,UALA BANK S.A.U.,800010400090,R9 - Tasa Implicita Depósitos Totales (%),26.55,P,2026,1,2026-01,indicad
00384,UALA BANK S.A.U.,800010400170,R17 - Gastos en Personal / Gastos de Administración (%),33.03,P,2026,1,2026-01,indicad
00384,UALA BANK S.A.U.,800010401010,RG1 - Retorno sobre Activos ( ROA) (%),-17.11,P,2026,1,2026-01,indicad
00384,UALA BANK S.A.U.,800010401020,RG2_II - Margen Financiero en Términos de Activo (%),15.4,P,2026,1,2026-01,indicad
00384,UALA BANK S.A.U.,800010401030,RG3 - Cargos por Incobrabilidad / Activo  (%),-23.64,P,2026,1,2026-01,indicad
00384,UALA BANK S.A.U.,800010401040,RG4_II - Resultados por Servicios / Activo (%),-1.01,P,2026,1,2026-01,indicad
00384,UALA BANK S.A.U.,800010401050,RG5 - Gastos de Administración / Activo  (%),-5.34,P,2026,1,2026-01,indicad
00384,UALA BANK S.A.U.,800010401150,RG15 - Retorno sobre Activos (ROA) antes Imp. de Gcias (%),-17.11,P,2026,1,2026-01,indicad
00384,UALA BANK S.A.U.,800010500010,"L1-Liquidez Tit c/cot, POS. CALL, LELIQ, LEFIs (netas) (%)",13.92,P,2026,1,2026-01,indicad
00384,UALA BANK S.A.U.,800010500080,L8_II - Liquidez con títulos con cotiz (%),9.2,P,2026,1,2026-01,indicad
00384,UALA BANK S.A.U.,800010500090,"L9 -Liq LELIQ, PASES y LEFIs (netos pases activos BCRA) (%)",8.5,P,2026,1,2026-01,indicad
00386,NUEVO BANCO DE ENTRE RÍOS S.A.,800010100010,C1 - Apalancamiento (en veces),3.47,N,2026,1,2026-01,indicad
00386,NUEVO BANCO DE ENTRE RÍOS S.A.,800010100020,C2 - Pérdida Potencial de Cartera en Situación 2 a 5 (%),4.45,P,2026,1,2026-01,indicad
00386,NUEVO BANCO DE ENTRE RÍOS S.A.,800010100030,C3 - Pérdida Potencial de Cartera en Situación 3 a 5 (%),-0.74,P,2026,1,2026-01,indicad
00386,NUEVO BANCO DE ENTRE RÍOS S.A.,800010200090,A9 - Total Cartera Irregular / Total Financiaciones (%),2.5,P,2026,1,2026-01,indicad
00386,NUEVO BANCO DE ENTRE RÍOS S.A.,800010200110,A11 - Cartera Irregular Sector Privado (%),2.86,P,2026,1,2026-01,indicad
00386,NUEVO BANCO DE ENTRE RÍOS S.A.,800010200120,A12 - Participación Cartera Comercial Sector Privado (%),47.54,P,2026,1,2026-01,indicad
00386,NUEVO BANCO DE ENTRE RÍOS S.A.,800010200130,A13 - Participación Cartera Consumo Sector Privado (%),52.46,P,2026,1,2026-01,indicad
00386,NUEVO BANCO DE ENTRE RÍOS S.A.,800010200140,A14 - Previsiones sobre Cartera Irregular Total (%),112.77,P,2026,1,2026-01,indicad
00386,NUEVO BANCO DE ENTRE RÍOS S.A.,800010200160,A16 - Cartera Irregular Consumo Sector Privado (%),4.19,P,2026,1,2026-01,indicad
00386,NUEVO BANCO DE ENTRE RÍOS S.A.,800010200170,A17 - Cartera Irregular Comercial Sector Privado (%),1.38,P,2026,1,2026-01,indicad
00386,NUEVO BANCO DE ENTRE RÍOS S.A.,800010200210,A21 - Posición de Previsiones Mín Sector Priv No Fciero (%),47.02,P,2026,1,2026-01,indicad
00386,NUEVO BANCO DE ENTRE RÍOS S.A.,800010201030,AG3 - Importancia de Cartera Vencida del Sector Privado (%),2.86,P,2026,1,2026-01,indicad
00386,NUEVO BANCO DE ENTRE RÍOS S.A.,800010201290,AG29 - Efectivo y Depósito en Bancos / Activo (%),9.02,P,2026,1,2026-01,indicad
00386,NUEVO BANCO DE ENTRE RÍOS S.A.,800010300010,E1 - Absorción de Gastos de Ad. con Volúmen de Negocio (%),8.34,P,2026,1,2026-01,indicad
00386,NUEVO BANCO DE ENTRE RÍOS S.A.,800010300020,E2 - Margen de Rentabilidad Operat./Gastos de Estructura (%),60.95,P,2026,1,2026-01,indicad
00386,NUEVO BANCO DE ENTRE RÍOS S.A.,800010300040,E4 - Depósitos por Empleado (en millones de pesos),1731.11,N,2026,1,2026-01,indicad
00386,NUEVO BANCO DE ENTRE RÍOS S.A.,800010300050,E5 - Financiaciones por Empleado (en millones de pesos),1108.93,N,2026,1,2026-01,indicad
00386,NUEVO BANCO DE ENTRE RÍOS S.A.,800010400010,R1 - Rendimiento Anual del Patrimonio ( ROE) (%),9.71,P,2026,1,2026-01,indicad
00386,NUEVO BANCO DE ENTRE RÍOS S.A.,800010400020,R2 - Rendimiento Ordinario del Patrimonio (%),25.08,P,2026,1,2026-01,indicad
00386,NUEVO BANCO DE ENTRE RÍOS S.A.,800010400080,R8 - Tasa Implicita Préstamos Totales (%),43.96,P,2026,1,2026-01,indicad
00386,NUEVO BANCO DE ENTRE RÍOS S.A.,800010400090,R9 - Tasa Implicita Depósitos Totales (%),14.99,P,2026,1,2026-01,indicad
00386,NUEVO BANCO DE ENTRE RÍOS S.A.,800010400170,R17 - Gastos en Personal / Gastos de Administración (%),45.04,P,2026,1,2026-01,indicad
00386,NUEVO BANCO DE ENTRE RÍOS S.A.,800010401010,RG1 - Retorno sobre Activos ( ROA) (%),2.3,P,2026,1,2026-01,indicad
00386,NUEVO BANCO DE ENTRE RÍOS S.A.,800010401020,RG2_II - Margen Financiero en Términos de Activo (%),18.07,P,2026,1,2026-01,indicad
00386,NUEVO BANCO DE ENTRE RÍOS S.A.,800010401030,RG3 - Cargos por Incobrabilidad / Activo  (%),-1.56,P,2026,1,2026-01,indicad
00386,NUEVO BANCO DE ENTRE RÍOS S.A.,800010401040,RG4_II - Resultados por Servicios / Activo (%),2.51,P,2026,1,2026-01,indicad
00386,NUEVO BANCO DE ENTRE RÍOS S.A.,800010401050,RG5 - Gastos de Administración / Activo  (%),-9.75,P,2026,1,2026-01,indicad
00386,NUEVO BANCO DE ENTRE RÍOS S.A.,800010401150,RG15 - Retorno sobre Activos (ROA) antes Imp. de Gcias (%),3.04,P,2026,1,2026-01,indicad
00386,NUEVO BANCO DE ENTRE RÍOS S.A.,800010500010,"L1-Liquidez Tit c/cot, POS. CALL, LELIQ, LEFIs (netas) (%)",23.35,P,2026,1,2026-01,indicad
00386,NUEVO BANCO DE ENTRE RÍOS S.A.,800010500080,L8_II - Liquidez con títulos con cotiz (%),23.05,P,2026,1,2026-01,indicad
00386,NUEVO BANCO DE ENTRE RÍOS S.A.,800010500090,"L9 -Liq LELIQ, PASES y LEFIs (netos pases activos BCRA) (%)",13.41,P,2026,1,2026-01,indicad
00389,BANCO COLUMBIA S.A.,800010100010,C1 - Apalancamiento (en veces),11.45,N,2026,1,2026-01,indicad
00389,BANCO COLUMBIA S.A.,800010100020,C2 - Pérdida Potencial de Cartera en Situación 2 a 5 (%),104.96,P,2026,1,2026-01,indicad
00389,BANCO COLUMBIA S.A.,800010100030,C3 - Pérdida Potencial de Cartera en Situación 3 a 5 (%),46.62,P,2026,1,2026-01,indicad
00389,BANCO COLUMBIA S.A.,800010200090,A9 - Total Cartera Irregular / Total Financiaciones (%),18.49,P,2026,1,2026-01,indicad
00389,BANCO COLUMBIA S.A.,800010200110,A11 - Cartera Irregular Sector Privado (%),18.49,P,2026,1,2026-01,indicad
00389,BANCO COLUMBIA S.A.,800010200120,A12 - Participación Cartera Comercial Sector Privado (%),18.52,P,2026,1,2026-01,indicad
00389,BANCO COLUMBIA S.A.,800010200130,A13 - Participación Cartera Consumo Sector Privado (%),81.48,P,2026,1,2026-01,indicad
00389,BANCO COLUMBIA S.A.,800010200140,A14 - Previsiones sobre Cartera Irregular Total (%),69.21,P,2026,1,2026-01,indicad
00389,BANCO COLUMBIA S.A.,800010200160,A16 - Cartera Irregular Consumo Sector Privado (%),22.64,P,2026,1,2026-01,indicad
00389,BANCO COLUMBIA S.A.,800010200170,A17 - Cartera Irregular Comercial Sector Privado (%),0.24,P,2026,1,2026-01,indicad
00389,BANCO COLUMBIA S.A.,800010200210,A21 - Posición de Previsiones Mín Sector Priv No Fciero (%),44.69,P,2026,1,2026-01,indicad
00389,BANCO COLUMBIA S.A.,800010201030,AG3 - Importancia de Cartera Vencida del Sector Privado (%),10.13,P,2026,1,2026-01,indicad
00389,BANCO COLUMBIA S.A.,800010201290,AG29 - Efectivo y Depósito en Bancos / Activo (%),9.46,P,2026,1,2026-01,indicad
00389,BANCO COLUMBIA S.A.,800010300010,E1 - Absorción de Gastos de Ad. con Volúmen de Negocio (%),19.13,P,2026,1,2026-01,indicad
00389,BANCO COLUMBIA S.A.,800010300020,E2 - Margen de Rentabilidad Operat./Gastos de Estructura (%),-76.92,P,2026,1,2026-01,indicad
00389,BANCO COLUMBIA S.A.,800010300040,E4 - Depósitos por Empleado (en millones de pesos),399.47,N,2026,1,2026-01,indicad
00389,BANCO COLUMBIA S.A.,800010300050,E5 - Financiaciones por Empleado (en millones de pesos),373.37,N,2026,1,2026-01,indicad
00389,BANCO COLUMBIA S.A.,800010400010,R1 - Rendimiento Anual del Patrimonio ( ROE) (%),-86.43,P,2026,1,2026-01,indicad
00389,BANCO COLUMBIA S.A.,800010400020,R2 - Rendimiento Ordinario del Patrimonio (%),-100.39,P,2026,1,2026-01,indicad
00389,BANCO COLUMBIA S.A.,800010400080,R8 - Tasa Implicita Préstamos Totales (%),71.56,P,2026,1,2026-01,indicad
00389,BANCO COLUMBIA S.A.,800010400090,R9 - Tasa Implicita Depósitos Totales (%),24.79,P,2026,1,2026-01,indicad
00389,BANCO COLUMBIA S.A.,800010400170,R17 - Gastos en Personal / Gastos de Administración (%),50.32,P,2026,1,2026-01,indicad
00389,BANCO COLUMBIA S.A.,800010401010,RG1 - Retorno sobre Activos ( ROA) (%),-11.56,P,2026,1,2026-01,indicad
00389,BANCO COLUMBIA S.A.,800010401020,RG2_II - Margen Financiero en Términos de Activo (%),12.38,P,2026,1,2026-01,indicad
00389,BANCO COLUMBIA S.A.,800010401030,RG3 - Cargos por Incobrabilidad / Activo  (%),-6.79,P,2026,1,2026-01,indicad
00389,BANCO COLUMBIA S.A.,800010401040,RG4_II - Resultados por Servicios / Activo (%),1.24,P,2026,1,2026-01,indicad
00389,BANCO COLUMBIA S.A.,800010401050,RG5 - Gastos de Administración / Activo  (%),-17.45,P,2026,1,2026-01,indicad
00389,BANCO COLUMBIA S.A.,800010401150,RG15 - Retorno sobre Activos (ROA) antes Imp. de Gcias (%),-11.3,P,2026,1,2026-01,indicad
00389,BANCO COLUMBIA S.A.,800010500010,"L1-Liquidez Tit c/cot, POS. CALL, LELIQ, LEFIs (netas) (%)",17.27,P,2026,1,2026-01,indicad
00389,BANCO COLUMBIA S.A.,800010500080,L8_II - Liquidez con títulos con cotiz (%),17.27,P,2026,1,2026-01,indicad
00389,BANCO COLUMBIA S.A.,800010500090,"L9 -Liq LELIQ, PASES y LEFIs (netos pases activos BCRA) (%)",17.27,P,2026,1,2026-01,indicad
00426,BANCO BICA S.A.,800010100010,C1 - Apalancamiento (en veces),4.32,N,2026,1,2026-01,indicad
00426,BANCO BICA S.A.,800010100020,C2 - Pérdida Potencial de Cartera en Situación 2 a 5 (%),6.67,P,2026,1,2026-01,indicad
00426,BANCO BICA S.A.,800010100030,C3 - Pérdida Potencial de Cartera en Situación 3 a 5 (%),1.96,P,2026,1,2026-01,indicad
00426,BANCO BICA S.A.,800010200090,A9 - Total Cartera Irregular / Total Financiaciones (%),2.62,P,2026,1,2026-01,indicad
00426,BANCO BICA S.A.,800010200110,A11 - Cartera Irregular Sector Privado (%),2.83,P,2026,1,2026-01,indicad
00426,BANCO BICA S.A.,800010200120,A12 - Participación Cartera Comercial Sector Privado (%),57.1,P,2026,1,2026-01,indicad
00426,BANCO BICA S.A.,800010200130,A13 - Participación Cartera Consumo Sector Privado (%),42.9,P,2026,1,2026-01,indicad
00426,BANCO BICA S.A.,800010200140,A14 - Previsiones sobre Cartera Irregular Total (%),77.8,P,2026,1,2026-01,indicad
00426,BANCO BICA S.A.,800010200160,A16 - Cartera Irregular Consumo Sector Privado (%),5.39,P,2026,1,2026-01,indicad
00426,BANCO BICA S.A.,800010200170,A17 - Cartera Irregular Comercial Sector Privado (%),0.91,P,2026,1,2026-01,indicad
00426,BANCO BICA S.A.,800010200210,A21 - Posición de Previsiones Mín Sector Priv No Fciero (%),-5.05,P,2026,1,2026-01,indicad
00426,BANCO BICA S.A.,800010201030,AG3 - Importancia de Cartera Vencida del Sector Privado (%),0.28,P,2026,1,2026-01,indicad
00426,BANCO BICA S.A.,800010201290,AG29 - Efectivo y Depósito en Bancos / Activo (%),10.38,P,2026,1,2026-01,indicad
00426,BANCO BICA S.A.,800010300010,E1 - Absorción de Gastos de Ad. con Volúmen de Negocio (%),7.13,P,2026,1,2026-01,indicad
00426,BANCO BICA S.A.,800010300020,E2 - Margen de Rentabilidad Operat./Gastos de Estructura (%),52.53,P,2026,1,2026-01,indicad
00426,BANCO BICA S.A.,800010300040,E4 - Depósitos por Empleado (en millones de pesos),1014.91,N,2026,1,2026-01,indicad
00426,BANCO BICA S.A.,800010300050,E5 - Financiaciones por Empleado (en millones de pesos),784.83,N,2026,1,2026-01,indicad
00426,BANCO BICA S.A.,800010400010,R1 - Rendimiento Anual del Patrimonio ( ROE) (%),4.73,P,2026,1,2026-01,indicad
00426,BANCO BICA S.A.,800010400020,R2 - Rendimiento Ordinario del Patrimonio (%),27.4,P,2026,1,2026-01,indicad
00426,BANCO BICA S.A.,800010400080,R8 - Tasa Implicita Préstamos Totales (%),47.78,P,2026,1,2026-01,indicad
00426,BANCO BICA S.A.,800010400090,R9 - Tasa Implicita Depósitos Totales (%),23.78,P,2026,1,2026-01,indicad
00426,BANCO BICA S.A.,800010400170,R17 - Gastos en Personal / Gastos de Administración (%),53.76,P,2026,1,2026-01,indicad
00426,BANCO BICA S.A.,800010401010,RG1 - Retorno sobre Activos ( ROA) (%),0.98,P,2026,1,2026-01,indicad
00426,BANCO BICA S.A.,800010401020,RG2_II - Margen Financiero en Términos de Activo (%),17.84,P,2026,1,2026-01,indicad
00426,BANCO BICA S.A.,800010401030,RG3 - Cargos por Incobrabilidad / Activo  (%),-1.64,P,2026,1,2026-01,indicad
00426,BANCO BICA S.A.,800010401040,RG4_II - Resultados por Servicios / Activo (%),3.52,P,2026,1,2026-01,indicad
00426,BANCO BICA S.A.,800010401050,RG5 - Gastos de Administración / Activo  (%),-10.8,P,2026,1,2026-01,indicad
00426,BANCO BICA S.A.,800010401150,RG15 - Retorno sobre Activos (ROA) antes Imp. de Gcias (%),1.59,P,2026,1,2026-01,indicad
00426,BANCO BICA S.A.,800010500010,"L1-Liquidez Tit c/cot, POS. CALL, LELIQ, LEFIs (netas) (%)",19.66,P,2026,1,2026-01,indicad
00426,BANCO BICA S.A.,800010500080,L8_II - Liquidez con títulos con cotiz (%),13.5,P,2026,1,2026-01,indicad
00426,BANCO BICA S.A.,800010500090,"L9 -Liq LELIQ, PASES y LEFIs (netos pases activos BCRA) (%)",16.0,P,2026,1,2026-01,indicad
00431,BANCO COINAG S.A.,800010100010,C1 - Apalancamiento (en veces),6.6,N,2026,1,2026-01,indicad
00431,BANCO COINAG S.A.,800010100020,C2 - Pérdida Potencial de Cartera en Situación 2 a 5 (%),18.68,P,2026,1,2026-01,indicad
00431,BANCO COINAG S.A.,800010100030,C3 - Pérdida Potencial de Cartera en Situación 3 a 5 (%),3.55,P,2026,1,2026-01,indicad
00431,BANCO COINAG S.A.,800010200090,A9 - Total Cartera Irregular / Total Financiaciones (%),3.51,P,2026,1,2026-01,indicad
00431,BANCO COINAG S.A.,800010200110,A11 - Cartera Irregular Sector Privado (%),3.61,P,2026,1,2026-01,indicad
00431,BANCO COINAG S.A.,800010200120,A12 - Participación Cartera Comercial Sector Privado (%),87.25,P,2026,1,2026-01,indicad
00431,BANCO COINAG S.A.,800010200130,A13 - Participación Cartera Consumo Sector Privado (%),12.75,P,2026,1,2026-01,indicad
00431,BANCO COINAG S.A.,800010200140,A14 - Previsiones sobre Cartera Irregular Total (%),69.65,P,2026,1,2026-01,indicad
00431,BANCO COINAG S.A.,800010200160,A16 - Cartera Irregular Consumo Sector Privado (%),6.28,P,2026,1,2026-01,indicad
00431,BANCO COINAG S.A.,800010200170,A17 - Cartera Irregular Comercial Sector Privado (%),3.22,P,2026,1,2026-01,indicad
00431,BANCO COINAG S.A.,800010200210,A21 - Posición de Previsiones Mín Sector Priv No Fciero (%),-4.46,P,2026,1,2026-01,indicad
00431,BANCO COINAG S.A.,800010201030,AG3 - Importancia de Cartera Vencida del Sector Privado (%),1.95,P,2026,1,2026-01,indicad
00431,BANCO COINAG S.A.,800010201290,AG29 - Efectivo y Depósito en Bancos / Activo (%),27.42,P,2026,1,2026-01,indicad
00431,BANCO COINAG S.A.,800010300010,E1 - Absorción de Gastos de Ad. con Volúmen de Negocio (%),7.78,P,2026,1,2026-01,indicad
00431,BANCO COINAG S.A.,800010300020,E2 - Margen de Rentabilidad Operat./Gastos de Estructura (%),8.87,P,2026,1,2026-01,indicad
00431,BANCO COINAG S.A.,800010300040,E4 - Depósitos por Empleado (en millones de pesos),1667.92,N,2026,1,2026-01,indicad
00431,BANCO COINAG S.A.,800010300050,E5 - Financiaciones por Empleado (en millones de pesos),709.05,N,2026,1,2026-01,indicad
00431,BANCO COINAG S.A.,800010400010,R1 - Rendimiento Anual del Patrimonio ( ROE) (%),-2.17,P,2026,1,2026-01,indicad
00431,BANCO COINAG S.A.,800010400020,R2 - Rendimiento Ordinario del Patrimonio (%),6.38,P,2026,1,2026-01,indicad
00431,BANCO COINAG S.A.,800010400080,R8 - Tasa Implicita Préstamos Totales (%),43.59,P,2026,1,2026-01,indicad
00431,BANCO COINAG S.A.,800010400090,R9 - Tasa Implicita Depósitos Totales (%),13.6,P,2026,1,2026-01,indicad
00431,BANCO COINAG S.A.,800010400170,R17 - Gastos en Personal / Gastos de Administración (%),38.93,P,2026,1,2026-01,indicad
00431,BANCO COINAG S.A.,800010401010,RG1 - Retorno sobre Activos ( ROA) (%),-0.31,P,2026,1,2026-01,indicad
00431,BANCO COINAG S.A.,800010401020,RG2_II - Margen Financiero en Términos de Activo (%),13.28,P,2026,1,2026-01,indicad
00431,BANCO COINAG S.A.,800010401030,RG3 - Cargos por Incobrabilidad / Activo  (%),-0.91,P,2026,1,2026-01,indicad
00431,BANCO COINAG S.A.,800010401040,RG4_II - Resultados por Servicios / Activo (%),1.37,P,2026,1,2026-01,indicad
00431,BANCO COINAG S.A.,800010401050,RG5 - Gastos de Administración / Activo  (%),-10.32,P,2026,1,2026-01,indicad
00431,BANCO COINAG S.A.,800010401150,RG15 - Retorno sobre Activos (ROA) antes Imp. de Gcias (%),-0.76,P,2026,1,2026-01,indicad
00431,BANCO COINAG S.A.,800010500010,"L1-Liquidez Tit c/cot, POS. CALL, LELIQ, LEFIs (netas) (%)",36.62,P,2026,1,2026-01,indicad
00431,BANCO COINAG S.A.,800010500080,L8_II - Liquidez con títulos con cotiz (%),35.34,P,2026,1,2026-01,indicad
00431,BANCO COINAG S.A.,800010500090,"L9 -Liq LELIQ, PASES y LEFIs (netos pases activos BCRA) (%)",35.32,P,2026,1,2026-01,indicad
00432,BANCO DE COMERCIO S.A.,800010100010,C1 - Apalancamiento (en veces),2.9,N,2026,1,2026-01,indicad
00432,BANCO DE COMERCIO S.A.,800010100020,C2 - Pérdida Potencial de Cartera en Situación 2 a 5 (%),6.23,P,2026,1,2026-01,indicad
00432,BANCO DE COMERCIO S.A.,800010100030,C3 - Pérdida Potencial de Cartera en Situación 3 a 5 (%),-0.76,P,2026,1,2026-01,indicad
00432,BANCO DE COMERCIO S.A.,800010200090,A9 - Total Cartera Irregular / Total Financiaciones (%),1.13,P,2026,1,2026-01,indicad
00432,BANCO DE COMERCIO S.A.,800010200110,A11 - Cartera Irregular Sector Privado (%),1.21,P,2026,1,2026-01,indicad
00432,BANCO DE COMERCIO S.A.,800010200120,A12 - Participación Cartera Comercial Sector Privado (%),89.13,P,2026,1,2026-01,indicad
00432,BANCO DE COMERCIO S.A.,800010200130,A13 - Participación Cartera Consumo Sector Privado (%),10.87,P,2026,1,2026-01,indicad
00432,BANCO DE COMERCIO S.A.,800010200140,A14 - Previsiones sobre Cartera Irregular Total (%),129.9,P,2026,1,2026-01,indicad
00432,BANCO DE COMERCIO S.A.,800010200160,A16 - Cartera Irregular Consumo Sector Privado (%),6.4,P,2026,1,2026-01,indicad
00432,BANCO DE COMERCIO S.A.,800010200170,A17 - Cartera Irregular Comercial Sector Privado (%),0.58,P,2026,1,2026-01,indicad
00432,BANCO DE COMERCIO S.A.,800010200210,A21 - Posición de Previsiones Mín Sector Priv No Fciero (%),1.53,P,2026,1,2026-01,indicad
00432,BANCO DE COMERCIO S.A.,800010201030,AG3 - Importancia de Cartera Vencida del Sector Privado (%),0.06,P,2026,1,2026-01,indicad
00432,BANCO DE COMERCIO S.A.,800010201290,AG29 - Efectivo y Depósito en Bancos / Activo (%),7.05,P,2026,1,2026-01,indicad
00432,BANCO DE COMERCIO S.A.,800010300010,E1 - Absorción de Gastos de Ad. con Volúmen de Negocio (%),11.54,P,2026,1,2026-01,indicad
00432,BANCO DE COMERCIO S.A.,800010300020,E2 - Margen de Rentabilidad Operat./Gastos de Estructura (%),87.14,P,2026,1,2026-01,indicad
00432,BANCO DE COMERCIO S.A.,800010300040,E4 - Depósitos por Empleado (en millones de pesos),446.24,N,2026,1,2026-01,indicad
00432,BANCO DE COMERCIO S.A.,800010300050,E5 - Financiaciones por Empleado (en millones de pesos),690.15,N,2026,1,2026-01,indicad
00432,BANCO DE COMERCIO S.A.,800010400010,R1 - Rendimiento Anual del Patrimonio ( ROE) (%),13.73,P,2026,1,2026-01,indicad
00432,BANCO DE COMERCIO S.A.,800010400020,R2 - Rendimiento Ordinario del Patrimonio (%),37.27,P,2026,1,2026-01,indicad
00432,BANCO DE COMERCIO S.A.,800010400080,R8 - Tasa Implicita Préstamos Totales (%),44.7,P,2026,1,2026-01,indicad
00432,BANCO DE COMERCIO S.A.,800010400090,R9 - Tasa Implicita Depósitos Totales (%),12.2,P,2026,1,2026-01,indicad
00432,BANCO DE COMERCIO S.A.,800010400170,R17 - Gastos en Personal / Gastos de Administración (%),50.16,P,2026,1,2026-01,indicad
00432,BANCO DE COMERCIO S.A.,800010401010,RG1 - Retorno sobre Activos ( ROA) (%),3.71,P,2026,1,2026-01,indicad
00432,BANCO DE COMERCIO S.A.,800010401020,RG2_II - Margen Financiero en Términos de Activo (%),21.79,P,2026,1,2026-01,indicad
00432,BANCO DE COMERCIO S.A.,800010401030,RG3 - Cargos por Incobrabilidad / Activo  (%),-0.69,P,2026,1,2026-01,indicad
00432,BANCO DE COMERCIO S.A.,800010401040,RG4_II - Resultados por Servicios / Activo (%),3.05,P,2026,1,2026-01,indicad
00432,BANCO DE COMERCIO S.A.,800010401050,RG5 - Gastos de Administración / Activo  (%),-11.54,P,2026,1,2026-01,indicad
00432,BANCO DE COMERCIO S.A.,800010401150,RG15 - Retorno sobre Activos (ROA) antes Imp. de Gcias (%),3.58,P,2026,1,2026-01,indicad
00432,BANCO DE COMERCIO S.A.,800010500010,"L1-Liquidez Tit c/cot, POS. CALL, LELIQ, LEFIs (netas) (%)",45.29,P,2026,1,2026-01,indicad
00432,BANCO DE COMERCIO S.A.,800010500080,L8_II - Liquidez con títulos con cotiz (%),38.1,P,2026,1,2026-01,indicad
00432,BANCO DE COMERCIO S.A.,800010500090,"L9 -Liq LELIQ, PASES y LEFIs (netos pases activos BCRA) (%)",20.65,P,2026,1,2026-01,indicad
00435,BANCO SUCREDITO REGIONAL S.A.U.,800010100010,C1 - Apalancamiento (en veces),0.21,N,2026,1,2026-01,indicad
00435,BANCO SUCREDITO REGIONAL S.A.U.,800010100020,C2 - Pérdida Potencial de Cartera en Situación 2 a 5 (%),5.35,P,2026,1,2026-01,indicad
00435,BANCO SUCREDITO REGIONAL S.A.U.,800010100030,C3 - Pérdida Potencial de Cartera en Situación 3 a 5 (%),0.8,P,2026,1,2026-01,indicad
00435,BANCO SUCREDITO REGIONAL S.A.U.,800010200090,A9 - Total Cartera Irregular / Total Financiaciones (%),14.84,P,2026,1,2026-01,indicad
00435,BANCO SUCREDITO REGIONAL S.A.U.,800010200110,A11 - Cartera Irregular Sector Privado (%),14.84,P,2026,1,2026-01,indicad
00435,BANCO SUCREDITO REGIONAL S.A.U.,800010200120,A12 - Participación Cartera Comercial Sector Privado (%),83.0,P,2026,1,2026-01,indicad
00435,BANCO SUCREDITO REGIONAL S.A.U.,800010200130,A13 - Participación Cartera Consumo Sector Privado (%),17.0,P,2026,1,2026-01,indicad
00435,BANCO SUCREDITO REGIONAL S.A.U.,800010200140,A14 - Previsiones sobre Cartera Irregular Total (%),91.63,P,2026,1,2026-01,indicad
00435,BANCO SUCREDITO REGIONAL S.A.U.,800010200160,A16 - Cartera Irregular Consumo Sector Privado (%),19.72,P,2026,1,2026-01,indicad
00435,BANCO SUCREDITO REGIONAL S.A.U.,800010200170,A17 - Cartera Irregular Comercial Sector Privado (%),13.84,P,2026,1,2026-01,indicad
00435,BANCO SUCREDITO REGIONAL S.A.U.,800010200210,A21 - Posición de Previsiones Mín Sector Priv No Fciero (%),73.23,P,2026,1,2026-01,indicad
00435,BANCO SUCREDITO REGIONAL S.A.U.,800010201030,AG3 - Importancia de Cartera Vencida del Sector Privado (%),2.11,P,2026,1,2026-01,indicad
00435,BANCO SUCREDITO REGIONAL S.A.U.,800010201290,AG29 - Efectivo y Depósito en Bancos / Activo (%),3.15,P,2026,1,2026-01,indicad
00435,BANCO SUCREDITO REGIONAL S.A.U.,800010300010,E1 - Absorción de Gastos de Ad. con Volúmen de Negocio (%),78.65,P,2026,1,2026-01,indicad
00435,BANCO SUCREDITO REGIONAL S.A.U.,800010300020,E2 - Margen de Rentabilidad Operat./Gastos de Estructura (%),-66.38,P,2026,1,2026-01,indicad
00435,BANCO SUCREDITO REGIONAL S.A.U.,800010300040,E4 - Depósitos por Empleado (en millones de pesos),74.36,N,2026,1,2026-01,indicad
00435,BANCO SUCREDITO REGIONAL S.A.U.,800010300050,E5 - Financiaciones por Empleado (en millones de pesos),315.02,N,2026,1,2026-01,indicad
00435,BANCO SUCREDITO REGIONAL S.A.U.,800010400010,R1 - Rendimiento Anual del Patrimonio ( ROE) (%),-39.46,P,2026,1,2026-01,indicad
00435,BANCO SUCREDITO REGIONAL S.A.U.,800010400020,R2 - Rendimiento Ordinario del Patrimonio (%),-38.7,P,2026,1,2026-01,indicad
00435,BANCO SUCREDITO REGIONAL S.A.U.,800010400080,R8 - Tasa Implicita Préstamos Totales (%),62.29,P,2026,1,2026-01,indicad
00435,BANCO SUCREDITO REGIONAL S.A.U.,800010400090,R9 - Tasa Implicita Depósitos Totales (%),21.92,P,2026,1,2026-01,indicad
00435,BANCO SUCREDITO REGIONAL S.A.U.,800010400170,R17 - Gastos en Personal / Gastos de Administración (%),13.08,P,2026,1,2026-01,indicad
00435,BANCO SUCREDITO REGIONAL S.A.U.,800010401010,RG1 - Retorno sobre Activos ( ROA) (%),-31.99,P,2026,1,2026-01,indicad
00435,BANCO SUCREDITO REGIONAL S.A.U.,800010401020,RG2_II - Margen Financiero en Términos de Activo (%),36.17,P,2026,1,2026-01,indicad
00435,BANCO SUCREDITO REGIONAL S.A.U.,800010401030,RG3 - Cargos por Incobrabilidad / Activo  (%),-17.55,P,2026,1,2026-01,indicad
00435,BANCO SUCREDITO REGIONAL S.A.U.,800010401040,RG4_II - Resultados por Servicios / Activo (%),0.83,P,2026,1,2026-01,indicad
00435,BANCO SUCREDITO REGIONAL S.A.U.,800010401050,RG5 - Gastos de Administración / Activo  (%),-47.27,P,2026,1,2026-01,indicad
00435,BANCO SUCREDITO REGIONAL S.A.U.,800010401150,RG15 - Retorno sobre Activos (ROA) antes Imp. de Gcias (%),-49.44,P,2026,1,2026-01,indicad
00435,BANCO SUCREDITO REGIONAL S.A.U.,800010500010,"L1-Liquidez Tit c/cot, POS. CALL, LELIQ, LEFIs (netas) (%)",26.12,P,2026,1,2026-01,indicad
00435,BANCO SUCREDITO REGIONAL S.A.U.,800010500080,L8_II - Liquidez con títulos con cotiz (%),26.12,P,2026,1,2026-01,indicad
00435,BANCO SUCREDITO REGIONAL S.A.U.,800010500090,"L9 -Liq LELIQ, PASES y LEFIs (netos pases activos BCRA) (%)",26.12,P,2026,1,2026-01,indicad
00448,BANCO DINO S.A.,800010100010,C1 - Apalancamiento (en veces),2.18,N,2026,1,2026-01,indicad
00448,BANCO DINO S.A.,800010100020,C2 - Pérdida Potencial de Cartera en Situación 2 a 5 (%),2.71,P,2026,1,2026-01,indicad
00448,BANCO DINO S.A.,800010100030,C3 - Pérdida Potencial de Cartera en Situación 3 a 5 (%),1.58,P,2026,1,2026-01,indicad
00448,BANCO DINO S.A.,800010200090,A9 - Total Cartera Irregular / Total Financiaciones (%),6.22,P,2026,1,2026-01,indicad
00448,BANCO DINO S.A.,800010200110,A11 - Cartera Irregular Sector Privado (%),6.22,P,2026,1,2026-01,indicad
00448,BANCO DINO S.A.,800010200120,A12 - Participación Cartera Comercial Sector Privado (%),58.84,P,2026,1,2026-01,indicad
00448,BANCO DINO S.A.,800010200130,A13 - Participación Cartera Consumo Sector Privado (%),41.16,P,2026,1,2026-01,indicad
00448,BANCO DINO S.A.,800010200140,A14 - Previsiones sobre Cartera Irregular Total (%),78.72,P,2026,1,2026-01,indicad
00448,BANCO DINO S.A.,800010200160,A16 - Cartera Irregular Consumo Sector Privado (%),5.16,P,2026,1,2026-01,indicad
00448,BANCO DINO S.A.,800010200170,A17 - Cartera Irregular Comercial Sector Privado (%),6.96,P,2026,1,2026-01,indicad
00448,BANCO DINO S.A.,800010200210,A21 - Posición de Previsiones Mín Sector Priv No Fciero (%),24.21,P,2026,1,2026-01,indicad
00448,BANCO DINO S.A.,800010201030,AG3 - Importancia de Cartera Vencida del Sector Privado (%),0.22,P,2026,1,2026-01,indicad
00448,BANCO DINO S.A.,800010201290,AG29 - Efectivo y Depósito en Bancos / Activo (%),9.69,P,2026,1,2026-01,indicad
00448,BANCO DINO S.A.,800010300010,E1 - Absorción de Gastos de Ad. con Volúmen de Negocio (%),9.82,P,2026,1,2026-01,indicad
00448,BANCO DINO S.A.,800010300020,E2 - Margen de Rentabilidad Operat./Gastos de Estructura (%),97.93,P,2026,1,2026-01,indicad
00448,BANCO DINO S.A.,800010300040,E4 - Depósitos por Empleado (en millones de pesos),1071.69,N,2026,1,2026-01,indicad
00448,BANCO DINO S.A.,800010300050,E5 - Financiaciones por Empleado (en millones de pesos),637.0,N,2026,1,2026-01,indicad
00448,BANCO DINO S.A.,800010400010,R1 - Rendimiento Anual del Patrimonio ( ROE) (%),3.17,P,2026,1,2026-01,indicad
00448,BANCO DINO S.A.,800010400020,R2 - Rendimiento Ordinario del Patrimonio (%),29.35,P,2026,1,2026-01,indicad
00448,BANCO DINO S.A.,800010400080,R8 - Tasa Implicita Préstamos Totales (%),39.04,P,2026,1,2026-01,indicad
00448,BANCO DINO S.A.,800010400090,R9 - Tasa Implicita Depósitos Totales (%),19.71,P,2026,1,2026-01,indicad
00448,BANCO DINO S.A.,800010400170,R17 - Gastos en Personal / Gastos de Administración (%),42.91,P,2026,1,2026-01,indicad
00448,BANCO DINO S.A.,800010401010,RG1 - Retorno sobre Activos ( ROA) (%),0.9,P,2026,1,2026-01,indicad
00448,BANCO DINO S.A.,800010401020,RG2_II - Margen Financiero en Términos de Activo (%),18.63,P,2026,1,2026-01,indicad
00448,BANCO DINO S.A.,800010401030,RG3 - Cargos por Incobrabilidad / Activo  (%),-1.83,P,2026,1,2026-01,indicad
00448,BANCO DINO S.A.,800010401040,RG4_II - Resultados por Servicios / Activo (%),1.37,P,2026,1,2026-01,indicad
00448,BANCO DINO S.A.,800010401050,RG5 - Gastos de Administración / Activo  (%),-8.48,P,2026,1,2026-01,indicad
00448,BANCO DINO S.A.,800010401150,RG15 - Retorno sobre Activos (ROA) antes Imp. de Gcias (%),0.73,P,2026,1,2026-01,indicad
00448,BANCO DINO S.A.,800010500010,"L1-Liquidez Tit c/cot, POS. CALL, LELIQ, LEFIs (netas) (%)",19.67,P,2026,1,2026-01,indicad
00448,BANCO DINO S.A.,800010500080,L8_II - Liquidez con títulos con cotiz (%),16.2,P,2026,1,2026-01,indicad
00448,BANCO DINO S.A.,800010500090,"L9 -Liq LELIQ, PASES y LEFIs (netos pases activos BCRA) (%)",24.6,P,2026,1,2026-01,indicad
44077,COMPAÑIA FINANCIERA ARGENTINA S.A.,800010100010,C1 - Apalancamiento (en veces),12.32,N,2026,1,2026-01,indicad
44077,COMPAÑIA FINANCIERA ARGENTINA S.A.,800010100020,C2 - Pérdida Potencial de Cartera en Situación 2 a 5 (%),120.69,P,2026,1,2026-01,indicad
44077,COMPAÑIA FINANCIERA ARGENTINA S.A.,800010100030,C3 - Pérdida Potencial de Cartera en Situación 3 a 5 (%),17.22,P,2026,1,2026-01,indicad
44077,COMPAÑIA FINANCIERA ARGENTINA S.A.,800010200090,A9 - Total Cartera Irregular / Total Financiaciones (%),36.36,P,2026,1,2026-01,indicad
44077,COMPAÑIA FINANCIERA ARGENTINA S.A.,800010200110,A11 - Cartera Irregular Sector Privado (%),36.36,P,2026,1,2026-01,indicad
44077,COMPAÑIA FINANCIERA ARGENTINA S.A.,800010200120,A12 - Participación Cartera Comercial Sector Privado (%),1.64,P,2026,1,2026-01,indicad
44077,COMPAÑIA FINANCIERA ARGENTINA S.A.,800010200130,A13 - Participación Cartera Consumo Sector Privado (%),98.36,P,2026,1,2026-01,indicad
44077,COMPAÑIA FINANCIERA ARGENTINA S.A.,800010200140,A14 - Previsiones sobre Cartera Irregular Total (%),95.45,P,2026,1,2026-01,indicad
44077,COMPAÑIA FINANCIERA ARGENTINA S.A.,800010200160,A16 - Cartera Irregular Consumo Sector Privado (%),36.96,P,2026,1,2026-01,indicad
44077,COMPAÑIA FINANCIERA ARGENTINA S.A.,800010200170,A17 - Cartera Irregular Comercial Sector Privado (%),0.0,P,2026,1,2026-01,indicad
44077,COMPAÑIA FINANCIERA ARGENTINA S.A.,800010200210,A21 - Posición de Previsiones Mín Sector Priv No Fciero (%),36.76,P,2026,1,2026-01,indicad
44077,COMPAÑIA FINANCIERA ARGENTINA S.A.,800010201030,AG3 - Importancia de Cartera Vencida del Sector Privado (%),36.35,P,2026,1,2026-01,indicad
44077,COMPAÑIA FINANCIERA ARGENTINA S.A.,800010201290,AG29 - Efectivo y Depósito en Bancos / Activo (%),10.54,P,2026,1,2026-01,indicad
44077,COMPAÑIA FINANCIERA ARGENTINA S.A.,800010300010,E1 - Absorción de Gastos de Ad. con Volúmen de Negocio (%),26.57,P,2026,1,2026-01,indicad
44077,COMPAÑIA FINANCIERA ARGENTINA S.A.,800010300020,E2 - Margen de Rentabilidad Operat./Gastos de Estructura (%),-48.48,P,2026,1,2026-01,indicad
44077,COMPAÑIA FINANCIERA ARGENTINA S.A.,800010300040,E4 - Depósitos por Empleado (en millones de pesos),292.97,N,2026,1,2026-01,indicad
44077,COMPAÑIA FINANCIERA ARGENTINA S.A.,800010300050,E5 - Financiaciones por Empleado (en millones de pesos),208.43,N,2026,1,2026-01,indicad
44077,COMPAÑIA FINANCIERA ARGENTINA S.A.,800010400010,R1 - Rendimiento Anual del Patrimonio ( ROE) (%),-73.33,P,2026,1,2026-01,indicad
44077,COMPAÑIA FINANCIERA ARGENTINA S.A.,800010400020,R2 - Rendimiento Ordinario del Patrimonio (%),-131.99,P,2026,1,2026-01,indicad
44077,COMPAÑIA FINANCIERA ARGENTINA S.A.,800010400080,R8 - Tasa Implicita Préstamos Totales (%),105.45,P,2026,1,2026-01,indicad
44077,COMPAÑIA FINANCIERA ARGENTINA S.A.,800010400090,R9 - Tasa Implicita Depósitos Totales (%),25.88,P,2026,1,2026-01,indicad
44077,COMPAÑIA FINANCIERA ARGENTINA S.A.,800010400170,R17 - Gastos en Personal / Gastos de Administración (%),32.4,P,2026,1,2026-01,indicad
44077,COMPAÑIA FINANCIERA ARGENTINA S.A.,800010401010,RG1 - Retorno sobre Activos ( ROA) (%),-8.14,P,2026,1,2026-01,indicad
44077,COMPAÑIA FINANCIERA ARGENTINA S.A.,800010401020,RG2_II - Margen Financiero en Términos de Activo (%),39.04,P,2026,1,2026-01,indicad
44077,COMPAÑIA FINANCIERA ARGENTINA S.A.,800010401030,RG3 - Cargos por Incobrabilidad / Activo  (%),-20.52,P,2026,1,2026-01,indicad
44077,COMPAÑIA FINANCIERA ARGENTINA S.A.,800010401040,RG4_II - Resultados por Servicios / Activo (%),1.27,P,2026,1,2026-01,indicad
44077,COMPAÑIA FINANCIERA ARGENTINA S.A.,800010401050,RG5 - Gastos de Administración / Activo  (%),-30.22,P,2026,1,2026-01,indicad
44077,COMPAÑIA FINANCIERA ARGENTINA S.A.,800010401150,RG15 - Retorno sobre Activos (ROA) antes Imp. de Gcias (%),-14.81,P,2026,1,2026-01,indicad
44077,COMPAÑIA FINANCIERA ARGENTINA S.A.,800010500010,"L1-Liquidez Tit c/cot, POS. CALL, LELIQ, LEFIs (netas) (%)",14.01,P,2026,1,2026-01,indicad
44077,COMPAÑIA FINANCIERA ARGENTINA S.A.,800010500080,L8_II - Liquidez con títulos con cotiz (%),14.01,P,2026,1,2026-01,indicad
44077,COMPAÑIA FINANCIERA ARGENTINA S.A.,800010500090,"L9 -Liq LELIQ, PASES y LEFIs (netos pases activos BCRA) (%)",14.01,P,2026,1,2026-01,indicad
44088,VOLKSWAGEN FINANCIAL SERVICES COMPAÑIA FINANCIERA S.A.,800010100010,C1 - Apalancamiento (en veces),4.82,N,2026,1,2026-01,indicad
44088,VOLKSWAGEN FINANCIAL SERVICES COMPAÑIA FINANCIERA S.A.,800010100020,C2 - Pérdida Potencial de Cartera en Situación 2 a 5 (%),3.87,P,2026,1,2026-01,indicad
44088,VOLKSWAGEN FINANCIAL SERVICES COMPAÑIA FINANCIERA S.A.,800010100030,C3 - Pérdida Potencial de Cartera en Situación 3 a 5 (%),-0.32,P,2026,1,2026-01,indicad
44088,VOLKSWAGEN FINANCIAL SERVICES COMPAÑIA FINANCIERA S.A.,800010200090,A9 - Total Cartera Irregular / Total Financiaciones (%),0.54,P,2026,1,2026-01,indicad
44088,VOLKSWAGEN FINANCIAL SERVICES COMPAÑIA FINANCIERA S.A.,800010200110,A11 - Cartera Irregular Sector Privado (%),0.54,P,2026,1,2026-01,indicad
44088,VOLKSWAGEN FINANCIAL SERVICES COMPAÑIA FINANCIERA S.A.,800010200120,A12 - Participación Cartera Comercial Sector Privado (%),47.53,P,2026,1,2026-01,indicad
44088,VOLKSWAGEN FINANCIAL SERVICES COMPAÑIA FINANCIERA S.A.,800010200130,A13 - Participación Cartera Consumo Sector Privado (%),52.47,P,2026,1,2026-01,indicad
44088,VOLKSWAGEN FINANCIAL SERVICES COMPAÑIA FINANCIERA S.A.,800010200140,A14 - Previsiones sobre Cartera Irregular Total (%),109.8,P,2026,1,2026-01,indicad
44088,VOLKSWAGEN FINANCIAL SERVICES COMPAÑIA FINANCIERA S.A.,800010200160,A16 - Cartera Irregular Consumo Sector Privado (%),1.01,P,2026,1,2026-01,indicad
44088,VOLKSWAGEN FINANCIAL SERVICES COMPAÑIA FINANCIERA S.A.,800010200170,A17 - Cartera Irregular Comercial Sector Privado (%),0.02,P,2026,1,2026-01,indicad
44088,VOLKSWAGEN FINANCIAL SERVICES COMPAÑIA FINANCIERA S.A.,800010200210,A21 - Posición de Previsiones Mín Sector Priv No Fciero (%),-47.87,P,2026,1,2026-01,indicad
44088,VOLKSWAGEN FINANCIAL SERVICES COMPAÑIA FINANCIERA S.A.,800010201030,AG3 - Importancia de Cartera Vencida del Sector Privado (%),0.54,P,2026,1,2026-01,indicad
44088,VOLKSWAGEN FINANCIAL SERVICES COMPAÑIA FINANCIERA S.A.,800010201290,AG29 - Efectivo y Depósito en Bancos / Activo (%),1.77,P,2026,1,2026-01,indicad
44088,VOLKSWAGEN FINANCIAL SERVICES COMPAÑIA FINANCIERA S.A.,800010300010,E1 - Absorción de Gastos de Ad. con Volúmen de Negocio (%),3.01,P,2026,1,2026-01,indicad
44088,VOLKSWAGEN FINANCIAL SERVICES COMPAÑIA FINANCIERA S.A.,800010300020,E2 - Margen de Rentabilidad Operat./Gastos de Estructura (%),252.77,P,2026,1,2026-01,indicad
44088,VOLKSWAGEN FINANCIAL SERVICES COMPAÑIA FINANCIERA S.A.,800010300040,E4 - Depósitos por Empleado (en millones de pesos),127.26,N,2026,1,2026-01,indicad
44088,VOLKSWAGEN FINANCIAL SERVICES COMPAÑIA FINANCIERA S.A.,800010300050,E5 - Financiaciones por Empleado (en millones de pesos),11826.49,N,2026,1,2026-01,indicad
44088,VOLKSWAGEN FINANCIAL SERVICES COMPAÑIA FINANCIERA S.A.,800010400010,R1 - Rendimiento Anual del Patrimonio ( ROE) (%),16.26,P,2026,1,2026-01,indicad
44088,VOLKSWAGEN FINANCIAL SERVICES COMPAÑIA FINANCIERA S.A.,800010400020,R2 - Rendimiento Ordinario del Patrimonio (%),48.7,P,2026,1,2026-01,indicad
44088,VOLKSWAGEN FINANCIAL SERVICES COMPAÑIA FINANCIERA S.A.,800010400080,R8 - Tasa Implicita Préstamos Totales (%),44.34,P,2026,1,2026-01,indicad
44088,VOLKSWAGEN FINANCIAL SERVICES COMPAÑIA FINANCIERA S.A.,800010400090,R9 - Tasa Implicita Depósitos Totales (%),37.68,P,2026,1,2026-01,indicad
44088,VOLKSWAGEN FINANCIAL SERVICES COMPAÑIA FINANCIERA S.A.,800010400170,R17 - Gastos en Personal / Gastos de Administración (%),40.57,P,2026,1,2026-01,indicad
44088,VOLKSWAGEN FINANCIAL SERVICES COMPAÑIA FINANCIERA S.A.,800010401010,RG1 - Retorno sobre Activos ( ROA) (%),2.89,P,2026,1,2026-01,indicad
44088,VOLKSWAGEN FINANCIAL SERVICES COMPAÑIA FINANCIERA S.A.,800010401020,RG2_II - Margen Financiero en Términos de Activo (%),15.89,P,2026,1,2026-01,indicad
44088,VOLKSWAGEN FINANCIAL SERVICES COMPAÑIA FINANCIERA S.A.,800010401030,RG3 - Cargos por Incobrabilidad / Activo  (%),-0.51,P,2026,1,2026-01,indicad
44088,VOLKSWAGEN FINANCIAL SERVICES COMPAÑIA FINANCIERA S.A.,800010401040,RG4_II - Resultados por Servicios / Activo (%),0.92,P,2026,1,2026-01,indicad
44088,VOLKSWAGEN FINANCIAL SERVICES COMPAÑIA FINANCIERA S.A.,800010401050,RG5 - Gastos de Administración / Activo  (%),-3.42,P,2026,1,2026-01,indicad
44088,VOLKSWAGEN FINANCIAL SERVICES COMPAÑIA FINANCIERA S.A.,800010401150,RG15 - Retorno sobre Activos (ROA) antes Imp. de Gcias (%),4.49,P,2026,1,2026-01,indicad
44088,VOLKSWAGEN FINANCIAL SERVICES COMPAÑIA FINANCIERA S.A.,800010500010,"L1-Liquidez Tit c/cot, POS. CALL, LELIQ, LEFIs (netas) (%)",8.14,P,2026,1,2026-01,indicad
44088,VOLKSWAGEN FINANCIAL SERVICES COMPAÑIA FINANCIERA S.A.,800010500080,L8_II - Liquidez con títulos con cotiz (%),163.25,P,2026,1,2026-01,indicad
44088,VOLKSWAGEN FINANCIAL SERVICES COMPAÑIA FINANCIERA S.A.,800010500090,"L9 -Liq LELIQ, PASES y LEFIs (netos pases activos BCRA) (%)",163.25,P,2026,1,2026-01,indicad
44092,FCA COMPAÑIA FINANCIERA S.A.,800010100010,C1 - Apalancamiento (en veces),5.15,N,2026,1,2026-01,indicad
44092,FCA COMPAÑIA FINANCIERA S.A.,800010100020,C2 - Pérdida Potencial de Cartera en Situación 2 a 5 (%),21.9,P,2026,1,2026-01,indicad
44092,FCA COMPAÑIA FINANCIERA S.A.,800010100030,C3 - Pérdida Potencial de Cartera en Situación 3 a 5 (%),5.34,P,2026,1,2026-01,indicad
44092,FCA COMPAÑIA FINANCIERA S.A.,800010200090,A9 - Total Cartera Irregular / Total Financiaciones (%),1.89,P,2026,1,2026-01,indicad
44092,FCA COMPAÑIA FINANCIERA S.A.,800010200110,A11 - Cartera Irregular Sector Privado (%),1.91,P,2026,1,2026-01,indicad
44092,FCA COMPAÑIA FINANCIERA S.A.,800010200120,A12 - Participación Cartera Comercial Sector Privado (%),56.06,P,2026,1,2026-01,indicad
44092,FCA COMPAÑIA FINANCIERA S.A.,800010200130,A13 - Participación Cartera Consumo Sector Privado (%),43.94,P,2026,1,2026-01,indicad
44092,FCA COMPAÑIA FINANCIERA S.A.,800010200140,A14 - Previsiones sobre Cartera Irregular Total (%),59.42,P,2026,1,2026-01,indicad
44092,FCA COMPAÑIA FINANCIERA S.A.,800010200160,A16 - Cartera Irregular Consumo Sector Privado (%),3.08,P,2026,1,2026-01,indicad
44092,FCA COMPAÑIA FINANCIERA S.A.,800010200170,A17 - Cartera Irregular Comercial Sector Privado (%),0.99,P,2026,1,2026-01,indicad
44092,FCA COMPAÑIA FINANCIERA S.A.,800010200210,A21 - Posición de Previsiones Mín Sector Priv No Fciero (%),-26.38,P,2026,1,2026-01,indicad
44092,FCA COMPAÑIA FINANCIERA S.A.,800010201030,AG3 - Importancia de Cartera Vencida del Sector Privado (%),1.91,P,2026,1,2026-01,indicad
44092,FCA COMPAÑIA FINANCIERA S.A.,800010201290,AG29 - Efectivo y Depósito en Bancos / Activo (%),1.42,P,2026,1,2026-01,indicad
44092,FCA COMPAÑIA FINANCIERA S.A.,800010300010,E1 - Absorción de Gastos de Ad. con Volúmen de Negocio (%),4.47,P,2026,1,2026-01,indicad
44092,FCA COMPAÑIA FINANCIERA S.A.,800010300020,E2 - Margen de Rentabilidad Operat./Gastos de Estructura (%),250.98,P,2026,1,2026-01,indicad
44092,FCA COMPAÑIA FINANCIERA S.A.,800010300040,E4 - Depósitos por Empleado (en millones de pesos),666.83,N,2026,1,2026-01,indicad
44092,FCA COMPAÑIA FINANCIERA S.A.,800010300050,E5 - Financiaciones por Empleado (en millones de pesos),7752.45,N,2026,1,2026-01,indicad
44092,FCA COMPAÑIA FINANCIERA S.A.,800010400010,R1 - Rendimiento Anual del Patrimonio ( ROE) (%),37.02,P,2026,1,2026-01,indicad
44092,FCA COMPAÑIA FINANCIERA S.A.,800010400020,R2 - Rendimiento Ordinario del Patrimonio (%),81.31,P,2026,1,2026-01,indicad
44092,FCA COMPAÑIA FINANCIERA S.A.,800010400080,R8 - Tasa Implicita Préstamos Totales (%),33.67,P,2026,1,2026-01,indicad
44092,FCA COMPAÑIA FINANCIERA S.A.,800010400090,R9 - Tasa Implicita Depósitos Totales (%),16.63,P,2026,1,2026-01,indicad
44092,FCA COMPAÑIA FINANCIERA S.A.,800010400170,R17 - Gastos en Personal / Gastos de Administración (%),25.5,P,2026,1,2026-01,indicad
44092,FCA COMPAÑIA FINANCIERA S.A.,800010401010,RG1 - Retorno sobre Activos ( ROA) (%),4.86,P,2026,1,2026-01,indicad
44092,FCA COMPAÑIA FINANCIERA S.A.,800010401020,RG2_II - Margen Financiero en Términos de Activo (%),2.09,P,2026,1,2026-01,indicad
44092,FCA COMPAÑIA FINANCIERA S.A.,800010401030,RG3 - Cargos por Incobrabilidad / Activo  (%),-0.76,P,2026,1,2026-01,indicad
44092,FCA COMPAÑIA FINANCIERA S.A.,800010401040,RG4_II - Resultados por Servicios / Activo (%),18.31,P,2026,1,2026-01,indicad
44092,FCA COMPAÑIA FINANCIERA S.A.,800010401050,RG5 - Gastos de Administración / Activo  (%),-4.25,P,2026,1,2026-01,indicad
44092,FCA COMPAÑIA FINANCIERA S.A.,800010401150,RG15 - Retorno sobre Activos (ROA) antes Imp. de Gcias (%),7.34,P,2026,1,2026-01,indicad
44092,FCA COMPAÑIA FINANCIERA S.A.,800010500010,"L1-Liquidez Tit c/cot, POS. CALL, LELIQ, LEFIs (netas) (%)",25.7,P,2026,1,2026-01,indicad
44092,FCA COMPAÑIA FINANCIERA S.A.,800010500080,L8_II - Liquidez con títulos con cotiz (%),18.42,P,2026,1,2026-01,indicad
44092,FCA COMPAÑIA FINANCIERA S.A.,800010500090,"L9 -Liq LELIQ, PASES y LEFIs (netos pases activos BCRA) (%)",18.42,P,2026,1,2026-01,indicad
44093,GPAT COMPAÑIA FINANCIERA S.A.U.,800010100010,C1 - Apalancamiento (en veces),7.53,N,2026,1,2026-01,indicad
44093,GPAT COMPAÑIA FINANCIERA S.A.U.,800010100020,C2 - Pérdida Potencial de Cartera en Situación 2 a 5 (%),75.74,P,2026,1,2026-01,indicad
44093,GPAT COMPAÑIA FINANCIERA S.A.U.,800010100030,C3 - Pérdida Potencial de Cartera en Situación 3 a 5 (%),12.83,P,2026,1,2026-01,indicad
44093,GPAT COMPAÑIA FINANCIERA S.A.U.,800010200090,A9 - Total Cartera Irregular / Total Financiaciones (%),3.5,P,2026,1,2026-01,indicad
44093,GPAT COMPAÑIA FINANCIERA S.A.U.,800010200110,A11 - Cartera Irregular Sector Privado (%),3.5,P,2026,1,2026-01,indicad
44093,GPAT COMPAÑIA FINANCIERA S.A.U.,800010200120,A12 - Participación Cartera Comercial Sector Privado (%),4.29,P,2026,1,2026-01,indicad
44093,GPAT COMPAÑIA FINANCIERA S.A.U.,800010200130,A13 - Participación Cartera Consumo Sector Privado (%),95.71,P,2026,1,2026-01,indicad
44093,GPAT COMPAÑIA FINANCIERA S.A.U.,800010200140,A14 - Previsiones sobre Cartera Irregular Total (%),76.44,P,2026,1,2026-01,indicad
44093,GPAT COMPAÑIA FINANCIERA S.A.U.,800010200160,A16 - Cartera Irregular Consumo Sector Privado (%),3.65,P,2026,1,2026-01,indicad
44093,GPAT COMPAÑIA FINANCIERA S.A.U.,800010200170,A17 - Cartera Irregular Comercial Sector Privado (%),0.12,P,2026,1,2026-01,indicad
44093,GPAT COMPAÑIA FINANCIERA S.A.U.,800010200210,A21 - Posición de Previsiones Mín Sector Priv No Fciero (%),14.12,P,2026,1,2026-01,indicad
44093,GPAT COMPAÑIA FINANCIERA S.A.U.,800010201030,AG3 - Importancia de Cartera Vencida del Sector Privado (%),3.5,P,2026,1,2026-01,indicad
44093,GPAT COMPAÑIA FINANCIERA S.A.U.,800010201290,AG29 - Efectivo y Depósito en Bancos / Activo (%),2.33,P,2026,1,2026-01,indicad
44093,GPAT COMPAÑIA FINANCIERA S.A.U.,800010300010,E1 - Absorción de Gastos de Ad. con Volúmen de Negocio (%),2.82,P,2026,1,2026-01,indicad
44093,GPAT COMPAÑIA FINANCIERA S.A.U.,800010300020,E2 - Margen de Rentabilidad Operat./Gastos de Estructura (%),148.52,P,2026,1,2026-01,indicad
44093,GPAT COMPAÑIA FINANCIERA S.A.U.,800010300040,E4 - Depósitos por Empleado (en millones de pesos),0.0,N,2026,1,2026-01,indicad
44093,GPAT COMPAÑIA FINANCIERA S.A.U.,800010300050,E5 - Financiaciones por Empleado (en millones de pesos),5519.24,N,2026,1,2026-01,indicad
44093,GPAT COMPAÑIA FINANCIERA S.A.U.,800010400010,R1 - Rendimiento Anual del Patrimonio ( ROE) (%),5.33,P,2026,1,2026-01,indicad
44093,GPAT COMPAÑIA FINANCIERA S.A.U.,800010400020,R2 - Rendimiento Ordinario del Patrimonio (%),31.77,P,2026,1,2026-01,indicad
44093,GPAT COMPAÑIA FINANCIERA S.A.U.,800010400080,R8 - Tasa Implicita Préstamos Totales (%),45.89,P,2026,1,2026-01,indicad
44093,GPAT COMPAÑIA FINANCIERA S.A.U.,800010400090,R9 - Tasa Implicita Depósitos Totales (%),0.0,P,2026,1,2026-01,indicad
44093,GPAT COMPAÑIA FINANCIERA S.A.U.,800010400170,R17 - Gastos en Personal / Gastos de Administración (%),43.46,P,2026,1,2026-01,indicad
44093,GPAT COMPAÑIA FINANCIERA S.A.U.,800010401010,RG1 - Retorno sobre Activos ( ROA) (%),0.81,P,2026,1,2026-01,indicad
44093,GPAT COMPAÑIA FINANCIERA S.A.U.,800010401020,RG2_II - Margen Financiero en Términos de Activo (%),12.84,P,2026,1,2026-01,indicad
44093,GPAT COMPAÑIA FINANCIERA S.A.U.,800010401030,RG3 - Cargos por Incobrabilidad / Activo  (%),-5.14,P,2026,1,2026-01,indicad
44093,GPAT COMPAÑIA FINANCIERA S.A.U.,800010401040,RG4_II - Resultados por Servicios / Activo (%),4.37,P,2026,1,2026-01,indicad
44093,GPAT COMPAÑIA FINANCIERA S.A.U.,800010401050,RG5 - Gastos de Administración / Activo  (%),-3.24,P,2026,1,2026-01,indicad
44093,GPAT COMPAÑIA FINANCIERA S.A.U.,800010401150,RG15 - Retorno sobre Activos (ROA) antes Imp. de Gcias (%),1.79,P,2026,1,2026-01,indicad
44093,GPAT COMPAÑIA FINANCIERA S.A.U.,800010500010,"L1-Liquidez Tit c/cot, POS. CALL, LELIQ, LEFIs (netas) (%)",216.07,P,2026,1,2026-01,indicad
44093,GPAT COMPAÑIA FINANCIERA S.A.U.,800010500080,L8_II - Liquidez con títulos con cotiz (%),0.0,P,2026,1,2026-01,indicad
44093,GPAT COMPAÑIA FINANCIERA S.A.U.,800010500090,"L9 -Liq LELIQ, PASES y LEFIs (netos pases activos BCRA) (%)",0.0,P,2026,1,2026-01,indicad
44094,MERCEDES-BENZ COMPAÑÍA FINANCIERA ARGENTINA S.A.,800010100010,C1 - Apalancamiento (en veces),4.58,N,2026,1,2026-01,indicad
44094,MERCEDES-BENZ COMPAÑÍA FINANCIERA ARGENTINA S.A.,800010100020,C2 - Pérdida Potencial de Cartera en Situación 2 a 5 (%),55.61,P,2026,1,2026-01,indicad
44094,MERCEDES-BENZ COMPAÑÍA FINANCIERA ARGENTINA S.A.,800010100030,C3 - Pérdida Potencial de Cartera en Situación 3 a 5 (%),16.62,P,2026,1,2026-01,indicad
44094,MERCEDES-BENZ COMPAÑÍA FINANCIERA ARGENTINA S.A.,800010200090,A9 - Total Cartera Irregular / Total Financiaciones (%),3.77,P,2026,1,2026-01,indicad
44094,MERCEDES-BENZ COMPAÑÍA FINANCIERA ARGENTINA S.A.,800010200110,A11 - Cartera Irregular Sector Privado (%),3.88,P,2026,1,2026-01,indicad
44094,MERCEDES-BENZ COMPAÑÍA FINANCIERA ARGENTINA S.A.,800010200120,A12 - Participación Cartera Comercial Sector Privado (%),86.87,P,2026,1,2026-01,indicad
44094,MERCEDES-BENZ COMPAÑÍA FINANCIERA ARGENTINA S.A.,800010200130,A13 - Participación Cartera Consumo Sector Privado (%),13.13,P,2026,1,2026-01,indicad
44094,MERCEDES-BENZ COMPAÑÍA FINANCIERA ARGENTINA S.A.,800010200140,A14 - Previsiones sobre Cartera Irregular Total (%),22.65,P,2026,1,2026-01,indicad
44094,MERCEDES-BENZ COMPAÑÍA FINANCIERA ARGENTINA S.A.,800010200160,A16 - Cartera Irregular Consumo Sector Privado (%),4.04,P,2026,1,2026-01,indicad
44094,MERCEDES-BENZ COMPAÑÍA FINANCIERA ARGENTINA S.A.,800010200170,A17 - Cartera Irregular Comercial Sector Privado (%),3.85,P,2026,1,2026-01,indicad
44094,MERCEDES-BENZ COMPAÑÍA FINANCIERA ARGENTINA S.A.,800010200210,A21 - Posición de Previsiones Mín Sector Priv No Fciero (%),-62.8,P,2026,1,2026-01,indicad
44094,MERCEDES-BENZ COMPAÑÍA FINANCIERA ARGENTINA S.A.,800010201030,AG3 - Importancia de Cartera Vencida del Sector Privado (%),1.78,P,2026,1,2026-01,indicad
44094,MERCEDES-BENZ COMPAÑÍA FINANCIERA ARGENTINA S.A.,800010201290,AG29 - Efectivo y Depósito en Bancos / Activo (%),1.6,P,2026,1,2026-01,indicad
44094,MERCEDES-BENZ COMPAÑÍA FINANCIERA ARGENTINA S.A.,800010300010,E1 - Absorción de Gastos de Ad. con Volúmen de Negocio (%),10.96,P,2026,1,2026-01,indicad
44094,MERCEDES-BENZ COMPAÑÍA FINANCIERA ARGENTINA S.A.,800010300020,E2 - Margen de Rentabilidad Operat./Gastos de Estructura (%),126.17,P,2026,1,2026-01,indicad
44094,MERCEDES-BENZ COMPAÑÍA FINANCIERA ARGENTINA S.A.,800010300040,E4 - Depósitos por Empleado (en millones de pesos),0.04,N,2026,1,2026-01,indicad
44094,MERCEDES-BENZ COMPAÑÍA FINANCIERA ARGENTINA S.A.,800010300050,E5 - Financiaciones por Empleado (en millones de pesos),2048.79,N,2026,1,2026-01,indicad
44094,MERCEDES-BENZ COMPAÑÍA FINANCIERA ARGENTINA S.A.,800010400010,R1 - Rendimiento Anual del Patrimonio ( ROE) (%),20.61,P,2026,1,2026-01,indicad
44094,MERCEDES-BENZ COMPAÑÍA FINANCIERA ARGENTINA S.A.,800010400020,R2 - Rendimiento Ordinario del Patrimonio (%),45.0,P,2026,1,2026-01,indicad
44094,MERCEDES-BENZ COMPAÑÍA FINANCIERA ARGENTINA S.A.,800010400080,R8 - Tasa Implicita Préstamos Totales (%),53.64,P,2026,1,2026-01,indicad
44094,MERCEDES-BENZ COMPAÑÍA FINANCIERA ARGENTINA S.A.,800010400090,R9 - Tasa Implicita Depósitos Totales (%),0.0,P,2026,1,2026-01,indicad
44094,MERCEDES-BENZ COMPAÑÍA FINANCIERA ARGENTINA S.A.,800010400170,R17 - Gastos en Personal / Gastos de Administración (%),56.88,P,2026,1,2026-01,indicad
44094,MERCEDES-BENZ COMPAÑÍA FINANCIERA ARGENTINA S.A.,800010401010,RG1 - Retorno sobre Activos ( ROA) (%),3.93,P,2026,1,2026-01,indicad
44094,MERCEDES-BENZ COMPAÑÍA FINANCIERA ARGENTINA S.A.,800010401020,RG2_II - Margen Financiero en Términos de Activo (%),20.07,P,2026,1,2026-01,indicad
44094,MERCEDES-BENZ COMPAÑÍA FINANCIERA ARGENTINA S.A.,800010401030,RG3 - Cargos por Incobrabilidad / Activo  (%),-1.26,P,2026,1,2026-01,indicad
44094,MERCEDES-BENZ COMPAÑÍA FINANCIERA ARGENTINA S.A.,800010401040,RG4_II - Resultados por Servicios / Activo (%),0.99,P,2026,1,2026-01,indicad
44094,MERCEDES-BENZ COMPAÑÍA FINANCIERA ARGENTINA S.A.,800010401050,RG5 - Gastos de Administración / Activo  (%),-6.8,P,2026,1,2026-01,indicad
44094,MERCEDES-BENZ COMPAÑÍA FINANCIERA ARGENTINA S.A.,800010401150,RG15 - Retorno sobre Activos (ROA) antes Imp. de Gcias (%),4.93,P,2026,1,2026-01,indicad
44094,MERCEDES-BENZ COMPAÑÍA FINANCIERA ARGENTINA S.A.,800010500010,"L1-Liquidez Tit c/cot, POS. CALL, LELIQ, LEFIs (netas) (%)",384275.7,P,2026,1,2026-01,indicad
44094,MERCEDES-BENZ COMPAÑÍA FINANCIERA ARGENTINA S.A.,800010500080,L8_II - Liquidez con títulos con cotiz (%),145775.7,P,2026,1,2026-01,indicad
44094,MERCEDES-BENZ COMPAÑÍA FINANCIERA ARGENTINA S.A.,800010500090,"L9 -Liq LELIQ, PASES y LEFIs (netos pases activos BCRA) (%)",145775.7,P,2026,1,2026-01,indicad
44095,ROMBO COMPAÑÍA FINANCIERA S.A.,800010100010,C1 - Apalancamiento (en veces),4.87,N,2026,1,2026-01,indicad
44095,ROMBO COMPAÑÍA FINANCIERA S.A.,800010100020,C2 - Pérdida Potencial de Cartera en Situación 2 a 5 (%),11.6,P,2026,1,2026-01,indicad
44095,ROMBO COMPAÑÍA FINANCIERA S.A.,800010100030,C3 - Pérdida Potencial de Cartera en Situación 3 a 5 (%),-0.68,P,2026,1,2026-01,indicad
44095,ROMBO COMPAÑÍA FINANCIERA S.A.,800010200090,A9 - Total Cartera Irregular / Total Financiaciones (%),1.18,P,2026,1,2026-01,indicad
44095,ROMBO COMPAÑÍA FINANCIERA S.A.,800010200110,A11 - Cartera Irregular Sector Privado (%),1.26,P,2026,1,2026-01,indicad
44095,ROMBO COMPAÑÍA FINANCIERA S.A.,800010200120,A12 - Participación Cartera Comercial Sector Privado (%),7.81,P,2026,1,2026-01,indicad
44095,ROMBO COMPAÑÍA FINANCIERA S.A.,800010200130,A13 - Participación Cartera Consumo Sector Privado (%),92.19,P,2026,1,2026-01,indicad
44095,ROMBO COMPAÑÍA FINANCIERA S.A.,800010200140,A14 - Previsiones sobre Cartera Irregular Total (%),108.18,P,2026,1,2026-01,indicad
44095,ROMBO COMPAÑÍA FINANCIERA S.A.,800010200160,A16 - Cartera Irregular Consumo Sector Privado (%),1.23,P,2026,1,2026-01,indicad
44095,ROMBO COMPAÑÍA FINANCIERA S.A.,800010200170,A17 - Cartera Irregular Comercial Sector Privado (%),1.63,P,2026,1,2026-01,indicad
44095,ROMBO COMPAÑÍA FINANCIERA S.A.,800010200210,A21 - Posición de Previsiones Mín Sector Priv No Fciero (%),3.41,P,2026,1,2026-01,indicad
44095,ROMBO COMPAÑÍA FINANCIERA S.A.,800010201030,AG3 - Importancia de Cartera Vencida del Sector Privado (%),1.24,P,2026,1,2026-01,indicad
44095,ROMBO COMPAÑÍA FINANCIERA S.A.,800010201290,AG29 - Efectivo y Depósito en Bancos / Activo (%),2.09,P,2026,1,2026-01,indicad
44095,ROMBO COMPAÑÍA FINANCIERA S.A.,800010300010,E1 - Absorción de Gastos de Ad. con Volúmen de Negocio (%),3.27,P,2026,1,2026-01,indicad
44095,ROMBO COMPAÑÍA FINANCIERA S.A.,800010300020,E2 - Margen de Rentabilidad Operat./Gastos de Estructura (%),366.79,P,2026,1,2026-01,indicad
44095,ROMBO COMPAÑÍA FINANCIERA S.A.,800010300040,E4 - Depósitos por Empleado (en millones de pesos),0.0,N,2026,1,2026-01,indicad
44095,ROMBO COMPAÑÍA FINANCIERA S.A.,800010300050,E5 - Financiaciones por Empleado (en millones de pesos),13586.62,N,2026,1,2026-01,indicad
44095,ROMBO COMPAÑÍA FINANCIERA S.A.,800010400010,R1 - Rendimiento Anual del Patrimonio ( ROE) (%),43.63,P,2026,1,2026-01,indicad
44095,ROMBO COMPAÑÍA FINANCIERA S.A.,800010400020,R2 - Rendimiento Ordinario del Patrimonio (%),97.53,P,2026,1,2026-01,indicad
44095,ROMBO COMPAÑÍA FINANCIERA S.A.,800010400080,R8 - Tasa Implicita Préstamos Totales (%),52.02,P,2026,1,2026-01,indicad
44095,ROMBO COMPAÑÍA FINANCIERA S.A.,800010400090,R9 - Tasa Implicita Depósitos Totales (%),0.0,P,2026,1,2026-01,indicad
44095,ROMBO COMPAÑÍA FINANCIERA S.A.,800010400170,R17 - Gastos en Personal / Gastos de Administración (%),19.73,P,2026,1,2026-01,indicad
44095,ROMBO COMPAÑÍA FINANCIERA S.A.,800010401010,RG1 - Retorno sobre Activos ( ROA) (%),7.84,P,2026,1,2026-01,indicad
44095,ROMBO COMPAÑÍA FINANCIERA S.A.,800010401020,RG2_II - Margen Financiero en Términos de Activo (%),32.91,P,2026,1,2026-01,indicad
44095,ROMBO COMPAÑÍA FINANCIERA S.A.,800010401030,RG3 - Cargos por Incobrabilidad / Activo  (%),-1.75,P,2026,1,2026-01,indicad
44095,ROMBO COMPAÑÍA FINANCIERA S.A.,800010401040,RG4_II - Resultados por Servicios / Activo (%),-3.53,P,2026,1,2026-01,indicad
44095,ROMBO COMPAÑÍA FINANCIERA S.A.,800010401050,RG5 - Gastos de Administración / Activo  (%),-4.78,P,2026,1,2026-01,indicad
44095,ROMBO COMPAÑÍA FINANCIERA S.A.,800010401150,RG15 - Retorno sobre Activos (ROA) antes Imp. de Gcias (%),12.52,P,2026,1,2026-01,indicad
44095,ROMBO COMPAÑÍA FINANCIERA S.A.,800010500010,"L1-Liquidez Tit c/cot, POS. CALL, LELIQ, LEFIs (netas) (%)",678.71,P,2026,1,2026-01,indicad
44095,ROMBO COMPAÑÍA FINANCIERA S.A.,800010500080,L8_II - Liquidez con títulos con cotiz (%),0.0,P,2026,1,2026-01,indicad
44095,ROMBO COMPAÑÍA FINANCIERA S.A.,800010500090,"L9 -Liq LELIQ, PASES y LEFIs (netos pases activos BCRA) (%)",0.0,P,2026,1,2026-01,indicad
44096,JOHN DEERE CREDIT COMPAÑÍA FINANCIERA S.A.,800010100010,C1 - Apalancamiento (en veces),16.35,N,2026,1,2026-01,indicad
44096,JOHN DEERE CREDIT COMPAÑÍA FINANCIERA S.A.,800010100020,C2 - Pérdida Potencial de Cartera en Situación 2 a 5 (%),72.94,P,2026,1,2026-01,indicad
44096,JOHN DEERE CREDIT COMPAÑÍA FINANCIERA S.A.,800010100030,C3 - Pérdida Potencial de Cartera en Situación 3 a 5 (%),51.47,P,2026,1,2026-01,indicad
44096,JOHN DEERE CREDIT COMPAÑÍA FINANCIERA S.A.,800010200090,A9 - Total Cartera Irregular / Total Financiaciones (%),4.81,P,2026,1,2026-01,indicad
44096,JOHN DEERE CREDIT COMPAÑÍA FINANCIERA S.A.,800010200110,A11 - Cartera Irregular Sector Privado (%),5.42,P,2026,1,2026-01,indicad
44096,JOHN DEERE CREDIT COMPAÑÍA FINANCIERA S.A.,800010200120,A12 - Participación Cartera Comercial Sector Privado (%),100.0,P,2026,1,2026-01,indicad
44096,JOHN DEERE CREDIT COMPAÑÍA FINANCIERA S.A.,800010200130,A13 - Participación Cartera Consumo Sector Privado (%),0.0,P,2026,1,2026-01,indicad
44096,JOHN DEERE CREDIT COMPAÑÍA FINANCIERA S.A.,800010200140,A14 - Previsiones sobre Cartera Irregular Total (%),24.92,P,2026,1,2026-01,indicad
44096,JOHN DEERE CREDIT COMPAÑÍA FINANCIERA S.A.,800010200160,A16 - Cartera Irregular Consumo Sector Privado (%),0.0,P,2026,1,2026-01,indicad
44096,JOHN DEERE CREDIT COMPAÑÍA FINANCIERA S.A.,800010200170,A17 - Cartera Irregular Comercial Sector Privado (%),5.42,P,2026,1,2026-01,indicad
44096,JOHN DEERE CREDIT COMPAÑÍA FINANCIERA S.A.,800010200210,A21 - Posición de Previsiones Mín Sector Priv No Fciero (%),-46.48,P,2026,1,2026-01,indicad
44096,JOHN DEERE CREDIT COMPAÑÍA FINANCIERA S.A.,800010201030,AG3 - Importancia de Cartera Vencida del Sector Privado (%),2.11,P,2026,1,2026-01,indicad
44096,JOHN DEERE CREDIT COMPAÑÍA FINANCIERA S.A.,800010201290,AG29 - Efectivo y Depósito en Bancos / Activo (%),18.56,P,2026,1,2026-01,indicad
44096,JOHN DEERE CREDIT COMPAÑÍA FINANCIERA S.A.,800010300010,E1 - Absorción de Gastos de Ad. con Volúmen de Negocio (%),1.76,P,2026,1,2026-01,indicad
44096,JOHN DEERE CREDIT COMPAÑÍA FINANCIERA S.A.,800010300020,E2 - Margen de Rentabilidad Operat./Gastos de Estructura (%),141.34,P,2026,1,2026-01,indicad
44096,JOHN DEERE CREDIT COMPAÑÍA FINANCIERA S.A.,800010300040,E4 - Depósitos por Empleado (en millones de pesos),0.0,N,2026,1,2026-01,indicad
44096,JOHN DEERE CREDIT COMPAÑÍA FINANCIERA S.A.,800010300050,E5 - Financiaciones por Empleado (en millones de pesos),9596.89,N,2026,1,2026-01,indicad
44096,JOHN DEERE CREDIT COMPAÑÍA FINANCIERA S.A.,800010400010,R1 - Rendimiento Anual del Patrimonio ( ROE) (%),22.03,P,2026,1,2026-01,indicad
44096,JOHN DEERE CREDIT COMPAÑÍA FINANCIERA S.A.,800010400020,R2 - Rendimiento Ordinario del Patrimonio (%),36.01,P,2026,1,2026-01,indicad
44096,JOHN DEERE CREDIT COMPAÑÍA FINANCIERA S.A.,800010400080,R8 - Tasa Implicita Préstamos Totales (%),12.66,P,2026,1,2026-01,indicad
44096,JOHN DEERE CREDIT COMPAÑÍA FINANCIERA S.A.,800010400090,R9 - Tasa Implicita Depósitos Totales (%),0.0,P,2026,1,2026-01,indicad
44096,JOHN DEERE CREDIT COMPAÑÍA FINANCIERA S.A.,800010400170,R17 - Gastos en Personal / Gastos de Administración (%),57.41,P,2026,1,2026-01,indicad
44096,JOHN DEERE CREDIT COMPAÑÍA FINANCIERA S.A.,800010401010,RG1 - Retorno sobre Activos ( ROA) (%),1.53,P,2026,1,2026-01,indicad
44096,JOHN DEERE CREDIT COMPAÑÍA FINANCIERA S.A.,800010401020,RG2_II - Margen Financiero en Términos de Activo (%),5.72,P,2026,1,2026-01,indicad
44096,JOHN DEERE CREDIT COMPAÑÍA FINANCIERA S.A.,800010401030,RG3 - Cargos por Incobrabilidad / Activo  (%),-1.66,P,2026,1,2026-01,indicad
44096,JOHN DEERE CREDIT COMPAÑÍA FINANCIERA S.A.,800010401040,RG4_II - Resultados por Servicios / Activo (%),1.17,P,2026,1,2026-01,indicad
44096,JOHN DEERE CREDIT COMPAÑÍA FINANCIERA S.A.,800010401050,RG5 - Gastos de Administración / Activo  (%),-1.77,P,2026,1,2026-01,indicad
44096,JOHN DEERE CREDIT COMPAÑÍA FINANCIERA S.A.,800010401150,RG15 - Retorno sobre Activos (ROA) antes Imp. de Gcias (%),1.95,P,2026,1,2026-01,indicad
44096,JOHN DEERE CREDIT COMPAÑÍA FINANCIERA S.A.,800010500010,"L1-Liquidez Tit c/cot, POS. CALL, LELIQ, LEFIs (netas) (%)",0.0,P,2026,1,2026-01,indicad
44096,JOHN DEERE CREDIT COMPAÑÍA FINANCIERA S.A.,800010500080,L8_II - Liquidez con títulos con cotiz (%),0.0,P,2026,1,2026-01,indicad
44096,JOHN DEERE CREDIT COMPAÑÍA FINANCIERA S.A.,800010500090,"L9 -Liq LELIQ, PASES y LEFIs (netos pases activos BCRA) (%)",0.0,P,2026,1,2026-01,indicad
44098,PSA FINANCE ARGENTINA COMPAÑÍA FINANCIERA S.A.,800010100010,C1 - Apalancamiento (en veces),4.65,N,2026,1,2026-01,indicad
44098,PSA FINANCE ARGENTINA COMPAÑÍA FINANCIERA S.A.,800010100020,C2 - Pérdida Potencial de Cartera en Situación 2 a 5 (%),12.67,P,2026,1,2026-01,indicad
44098,PSA FINANCE ARGENTINA COMPAÑÍA FINANCIERA S.A.,800010100030,C3 - Pérdida Potencial de Cartera en Situación 3 a 5 (%),0.74,P,2026,1,2026-01,indicad
44098,PSA FINANCE ARGENTINA COMPAÑÍA FINANCIERA S.A.,800010200090,A9 - Total Cartera Irregular / Total Financiaciones (%),1.55,P,2026,1,2026-01,indicad
44098,PSA FINANCE ARGENTINA COMPAÑÍA FINANCIERA S.A.,800010200110,A11 - Cartera Irregular Sector Privado (%),1.55,P,2026,1,2026-01,indicad
44098,PSA FINANCE ARGENTINA COMPAÑÍA FINANCIERA S.A.,800010200120,A12 - Participación Cartera Comercial Sector Privado (%),22.15,P,2026,1,2026-01,indicad
44098,PSA FINANCE ARGENTINA COMPAÑÍA FINANCIERA S.A.,800010200130,A13 - Participación Cartera Consumo Sector Privado (%),77.85,P,2026,1,2026-01,indicad
44098,PSA FINANCE ARGENTINA COMPAÑÍA FINANCIERA S.A.,800010200140,A14 - Previsiones sobre Cartera Irregular Total (%),92.9,P,2026,1,2026-01,indicad
44098,PSA FINANCE ARGENTINA COMPAÑÍA FINANCIERA S.A.,800010200160,A16 - Cartera Irregular Consumo Sector Privado (%),1.99,P,2026,1,2026-01,indicad
44098,PSA FINANCE ARGENTINA COMPAÑÍA FINANCIERA S.A.,800010200170,A17 - Cartera Irregular Comercial Sector Privado (%),0.03,P,2026,1,2026-01,indicad
44098,PSA FINANCE ARGENTINA COMPAÑÍA FINANCIERA S.A.,800010200210,A21 - Posición de Previsiones Mín Sector Priv No Fciero (%),0.54,P,2026,1,2026-01,indicad
44098,PSA FINANCE ARGENTINA COMPAÑÍA FINANCIERA S.A.,800010201030,AG3 - Importancia de Cartera Vencida del Sector Privado (%),1.52,P,2026,1,2026-01,indicad
44098,PSA FINANCE ARGENTINA COMPAÑÍA FINANCIERA S.A.,800010201290,AG29 - Efectivo y Depósito en Bancos / Activo (%),1.05,P,2026,1,2026-01,indicad
44098,PSA FINANCE ARGENTINA COMPAÑÍA FINANCIERA S.A.,800010300010,E1 - Absorción de Gastos de Ad. con Volúmen de Negocio (%),2.64,P,2026,1,2026-01,indicad
44098,PSA FINANCE ARGENTINA COMPAÑÍA FINANCIERA S.A.,800010300020,E2 - Margen de Rentabilidad Operat./Gastos de Estructura (%),465.52,P,2026,1,2026-01,indicad
44098,PSA FINANCE ARGENTINA COMPAÑÍA FINANCIERA S.A.,800010300040,E4 - Depósitos por Empleado (en millones de pesos),0.0,N,2026,1,2026-01,indicad
44098,PSA FINANCE ARGENTINA COMPAÑÍA FINANCIERA S.A.,800010300050,E5 - Financiaciones por Empleado (en millones de pesos),9769.12,N,2026,1,2026-01,indicad
44098,PSA FINANCE ARGENTINA COMPAÑÍA FINANCIERA S.A.,800010400010,R1 - Rendimiento Anual del Patrimonio ( ROE) (%),46.24,P,2026,1,2026-01,indicad
44098,PSA FINANCE ARGENTINA COMPAÑÍA FINANCIERA S.A.,800010400020,R2 - Rendimiento Ordinario del Patrimonio (%),97.15,P,2026,1,2026-01,indicad
44098,PSA FINANCE ARGENTINA COMPAÑÍA FINANCIERA S.A.,800010400080,R8 - Tasa Implicita Préstamos Totales (%),49.31,P,2026,1,2026-01,indicad
44098,PSA FINANCE ARGENTINA COMPAÑÍA FINANCIERA S.A.,800010400090,R9 - Tasa Implicita Depósitos Totales (%),51.52,P,2026,1,2026-01,indicad
44098,PSA FINANCE ARGENTINA COMPAÑÍA FINANCIERA S.A.,800010400170,R17 - Gastos en Personal / Gastos de Administración (%),28.96,P,2026,1,2026-01,indicad
44098,PSA FINANCE ARGENTINA COMPAÑÍA FINANCIERA S.A.,800010401010,RG1 - Retorno sobre Activos ( ROA) (%),7.23,P,2026,1,2026-01,indicad
44098,PSA FINANCE ARGENTINA COMPAÑÍA FINANCIERA S.A.,800010401020,RG2_II - Margen Financiero en Términos de Activo (%),24.66,P,2026,1,2026-01,indicad
44098,PSA FINANCE ARGENTINA COMPAÑÍA FINANCIERA S.A.,800010401030,RG3 - Cargos por Incobrabilidad / Activo  (%),-1.65,P,2026,1,2026-01,indicad
44098,PSA FINANCE ARGENTINA COMPAÑÍA FINANCIERA S.A.,800010401040,RG4_II - Resultados por Servicios / Activo (%),0.33,P,2026,1,2026-01,indicad
44098,PSA FINANCE ARGENTINA COMPAÑÍA FINANCIERA S.A.,800010401050,RG5 - Gastos de Administración / Activo  (%),-3.26,P,2026,1,2026-01,indicad
44098,PSA FINANCE ARGENTINA COMPAÑÍA FINANCIERA S.A.,800010401150,RG15 - Retorno sobre Activos (ROA) antes Imp. de Gcias (%),11.6,P,2026,1,2026-01,indicad
44098,PSA FINANCE ARGENTINA COMPAÑÍA FINANCIERA S.A.,800010500010,"L1-Liquidez Tit c/cot, POS. CALL, LELIQ, LEFIs (netas) (%)",185.47,P,2026,1,2026-01,indicad
44098,PSA FINANCE ARGENTINA COMPAÑÍA FINANCIERA S.A.,800010500080,L8_II - Liquidez con títulos con cotiz (%),0.0,P,2026,1,2026-01,indicad
44098,PSA FINANCE ARGENTINA COMPAÑÍA FINANCIERA S.A.,800010500090,"L9 -Liq LELIQ, PASES y LEFIs (netos pases activos BCRA) (%)",0.0,P,2026,1,2026-01,indicad
44099,TOYOTA COMPAÑÍA FINANCIERA DE ARGENTINA S.A.,800010100010,C1 - Apalancamiento (en veces),3.55,N,2026,1,2026-01,indicad
44099,TOYOTA COMPAÑÍA FINANCIERA DE ARGENTINA S.A.,800010100020,C2 - Pérdida Potencial de Cartera en Situación 2 a 5 (%),23.54,P,2026,1,2026-01,indicad
44099,TOYOTA COMPAÑÍA FINANCIERA DE ARGENTINA S.A.,800010100030,C3 - Pérdida Potencial de Cartera en Situación 3 a 5 (%),10.35,P,2026,1,2026-01,indicad
44099,TOYOTA COMPAÑÍA FINANCIERA DE ARGENTINA S.A.,800010200090,A9 - Total Cartera Irregular / Total Financiaciones (%),2.57,P,2026,1,2026-01,indicad
44099,TOYOTA COMPAÑÍA FINANCIERA DE ARGENTINA S.A.,800010200110,A11 - Cartera Irregular Sector Privado (%),2.57,P,2026,1,2026-01,indicad
44099,TOYOTA COMPAÑÍA FINANCIERA DE ARGENTINA S.A.,800010200120,A12 - Participación Cartera Comercial Sector Privado (%),32.03,P,2026,1,2026-01,indicad
44099,TOYOTA COMPAÑÍA FINANCIERA DE ARGENTINA S.A.,800010200130,A13 - Participación Cartera Consumo Sector Privado (%),67.97,P,2026,1,2026-01,indicad
44099,TOYOTA COMPAÑÍA FINANCIERA DE ARGENTINA S.A.,800010200140,A14 - Previsiones sobre Cartera Irregular Total (%),10.27,P,2026,1,2026-01,indicad
44099,TOYOTA COMPAÑÍA FINANCIERA DE ARGENTINA S.A.,800010200160,A16 - Cartera Irregular Consumo Sector Privado (%),1.77,P,2026,1,2026-01,indicad
44099,TOYOTA COMPAÑÍA FINANCIERA DE ARGENTINA S.A.,800010200170,A17 - Cartera Irregular Comercial Sector Privado (%),4.27,P,2026,1,2026-01,indicad
44099,TOYOTA COMPAÑÍA FINANCIERA DE ARGENTINA S.A.,800010200210,A21 - Posición de Previsiones Mín Sector Priv No Fciero (%),-84.23,P,2026,1,2026-01,indicad
44099,TOYOTA COMPAÑÍA FINANCIERA DE ARGENTINA S.A.,800010201030,AG3 - Importancia de Cartera Vencida del Sector Privado (%),0.67,P,2026,1,2026-01,indicad
44099,TOYOTA COMPAÑÍA FINANCIERA DE ARGENTINA S.A.,800010201290,AG29 - Efectivo y Depósito en Bancos / Activo (%),2.31,P,2026,1,2026-01,indicad
44099,TOYOTA COMPAÑÍA FINANCIERA DE ARGENTINA S.A.,800010300010,E1 - Absorción de Gastos de Ad. con Volúmen de Negocio (%),10.39,P,2026,1,2026-01,indicad
44099,TOYOTA COMPAÑÍA FINANCIERA DE ARGENTINA S.A.,800010300020,E2 - Margen de Rentabilidad Operat./Gastos de Estructura (%),110.17,P,2026,1,2026-01,indicad
44099,TOYOTA COMPAÑÍA FINANCIERA DE ARGENTINA S.A.,800010300040,E4 - Depósitos por Empleado (en millones de pesos),149.14,N,2026,1,2026-01,indicad
44099,TOYOTA COMPAÑÍA FINANCIERA DE ARGENTINA S.A.,800010300050,E5 - Financiaciones por Empleado (en millones de pesos),2475.82,N,2026,1,2026-01,indicad
44099,TOYOTA COMPAÑÍA FINANCIERA DE ARGENTINA S.A.,800010400010,R1 - Rendimiento Anual del Patrimonio ( ROE) (%),10.28,P,2026,1,2026-01,indicad
44099,TOYOTA COMPAÑÍA FINANCIERA DE ARGENTINA S.A.,800010400020,R2 - Rendimiento Ordinario del Patrimonio (%),41.99,P,2026,1,2026-01,indicad
44099,TOYOTA COMPAÑÍA FINANCIERA DE ARGENTINA S.A.,800010400080,R8 - Tasa Implicita Préstamos Totales (%),51.71,P,2026,1,2026-01,indicad
44099,TOYOTA COMPAÑÍA FINANCIERA DE ARGENTINA S.A.,800010400090,R9 - Tasa Implicita Depósitos Totales (%),37.46,P,2026,1,2026-01,indicad
44099,TOYOTA COMPAÑÍA FINANCIERA DE ARGENTINA S.A.,800010400170,R17 - Gastos en Personal / Gastos de Administración (%),52.9,P,2026,1,2026-01,indicad
44099,TOYOTA COMPAÑÍA FINANCIERA DE ARGENTINA S.A.,800010401010,RG1 - Retorno sobre Activos ( ROA) (%),2.35,P,2026,1,2026-01,indicad
44099,TOYOTA COMPAÑÍA FINANCIERA DE ARGENTINA S.A.,800010401020,RG2_II - Margen Financiero en Términos de Activo (%),19.39,P,2026,1,2026-01,indicad
44099,TOYOTA COMPAÑÍA FINANCIERA DE ARGENTINA S.A.,800010401030,RG3 - Cargos por Incobrabilidad / Activo  (%),-0.24,P,2026,1,2026-01,indicad
44099,TOYOTA COMPAÑÍA FINANCIERA DE ARGENTINA S.A.,800010401040,RG4_II - Resultados por Servicios / Activo (%),3.22,P,2026,1,2026-01,indicad
44099,TOYOTA COMPAÑÍA FINANCIERA DE ARGENTINA S.A.,800010401050,RG5 - Gastos de Administración / Activo  (%),-8.7,P,2026,1,2026-01,indicad
44099,TOYOTA COMPAÑÍA FINANCIERA DE ARGENTINA S.A.,800010401150,RG15 - Retorno sobre Activos (ROA) antes Imp. de Gcias (%),4.13,P,2026,1,2026-01,indicad
44099,TOYOTA COMPAÑÍA FINANCIERA DE ARGENTINA S.A.,800010500010,"L1-Liquidez Tit c/cot, POS. CALL, LELIQ, LEFIs (netas) (%)",32.52,P,2026,1,2026-01,indicad
44099,TOYOTA COMPAÑÍA FINANCIERA DE ARGENTINA S.A.,800010500080,L8_II - Liquidez con títulos con cotiz (%),51.96,P,2026,1,2026-01,indicad
44099,TOYOTA COMPAÑÍA FINANCIERA DE ARGENTINA S.A.,800010500090,"L9 -Liq LELIQ, PASES y LEFIs (netos pases activos BCRA) (%)",51.96,P,2026,1,2026-01,indicad
45030,NARANJA DIGITAL COMPAÑÍA FINANCIERA S.A.U.,800010100010,C1 - Apalancamiento (en veces),7.37,N,2026,1,2026-01,indicad
45030,NARANJA DIGITAL COMPAÑÍA FINANCIERA S.A.U.,800010100020,C2 - Pérdida Potencial de Cartera en Situación 2 a 5 (%),16.98,P,2026,1,2026-01,indicad
45030,NARANJA DIGITAL COMPAÑÍA FINANCIERA S.A.U.,800010100030,C3 - Pérdida Potencial de Cartera en Situación 3 a 5 (%),-6.46,P,2026,1,2026-01,indicad
45030,NARANJA DIGITAL COMPAÑÍA FINANCIERA S.A.U.,800010200090,A9 - Total Cartera Irregular / Total Financiaciones (%),10.4,P,2026,1,2026-01,indicad
45030,NARANJA DIGITAL COMPAÑÍA FINANCIERA S.A.U.,800010200110,A11 - Cartera Irregular Sector Privado (%),10.69,P,2026,1,2026-01,indicad
45030,NARANJA DIGITAL COMPAÑÍA FINANCIERA S.A.U.,800010200120,A12 - Participación Cartera Comercial Sector Privado (%),3.66,P,2026,1,2026-01,indicad
45030,NARANJA DIGITAL COMPAÑÍA FINANCIERA S.A.U.,800010200130,A13 - Participación Cartera Consumo Sector Privado (%),96.34,P,2026,1,2026-01,indicad
45030,NARANJA DIGITAL COMPAÑÍA FINANCIERA S.A.U.,800010200140,A14 - Previsiones sobre Cartera Irregular Total (%),114.04,P,2026,1,2026-01,indicad
45030,NARANJA DIGITAL COMPAÑÍA FINANCIERA S.A.U.,800010200160,A16 - Cartera Irregular Consumo Sector Privado (%),11.09,P,2026,1,2026-01,indicad
45030,NARANJA DIGITAL COMPAÑÍA FINANCIERA S.A.U.,800010200170,A17 - Cartera Irregular Comercial Sector Privado (%),0.0,P,2026,1,2026-01,indicad
45030,NARANJA DIGITAL COMPAÑÍA FINANCIERA S.A.U.,800010200210,A21 - Posición de Previsiones Mín Sector Priv No Fciero (%),63.71,P,2026,1,2026-01,indicad
45030,NARANJA DIGITAL COMPAÑÍA FINANCIERA S.A.U.,800010201030,AG3 - Importancia de Cartera Vencida del Sector Privado (%),8.45,P,2026,1,2026-01,indicad
45030,NARANJA DIGITAL COMPAÑÍA FINANCIERA S.A.U.,800010201290,AG29 - Efectivo y Depósito en Bancos / Activo (%),6.2,P,2026,1,2026-01,indicad
45030,NARANJA DIGITAL COMPAÑÍA FINANCIERA S.A.U.,800010300010,E1 - Absorción de Gastos de Ad. con Volúmen de Negocio (%),2.19,P,2026,1,2026-01,indicad
45030,NARANJA DIGITAL COMPAÑÍA FINANCIERA S.A.U.,800010300020,E2 - Margen de Rentabilidad Operat./Gastos de Estructura (%),318.72,P,2026,1,2026-01,indicad
45030,NARANJA DIGITAL COMPAÑÍA FINANCIERA S.A.U.,800010300040,E4 - Depósitos por Empleado (en millones de pesos),24792.17,N,2026,1,2026-01,indicad
45030,NARANJA DIGITAL COMPAÑÍA FINANCIERA S.A.U.,800010300050,E5 - Financiaciones por Empleado (en millones de pesos),10912.62,N,2026,1,2026-01,indicad
45030,NARANJA DIGITAL COMPAÑÍA FINANCIERA S.A.U.,800010400010,R1 - Rendimiento Anual del Patrimonio ( ROE) (%),54.31,P,2026,1,2026-01,indicad
45030,NARANJA DIGITAL COMPAÑÍA FINANCIERA S.A.U.,800010400020,R2 - Rendimiento Ordinario del Patrimonio (%),104.26,P,2026,1,2026-01,indicad
45030,NARANJA DIGITAL COMPAÑÍA FINANCIERA S.A.U.,800010400080,R8 - Tasa Implicita Préstamos Totales (%),85.39,P,2026,1,2026-01,indicad
45030,NARANJA DIGITAL COMPAÑÍA FINANCIERA S.A.U.,800010400090,R9 - Tasa Implicita Depósitos Totales (%),25.86,P,2026,1,2026-01,indicad
45030,NARANJA DIGITAL COMPAÑÍA FINANCIERA S.A.U.,800010400170,R17 - Gastos en Personal / Gastos de Administración (%),15.12,P,2026,1,2026-01,indicad
45030,NARANJA DIGITAL COMPAÑÍA FINANCIERA S.A.U.,800010401010,RG1 - Retorno sobre Activos ( ROA) (%),4.52,P,2026,1,2026-01,indicad
45030,NARANJA DIGITAL COMPAÑÍA FINANCIERA S.A.U.,800010401020,RG2_II - Margen Financiero en Términos de Activo (%),27.0,P,2026,1,2026-01,indicad
45030,NARANJA DIGITAL COMPAÑÍA FINANCIERA S.A.U.,800010401030,RG3 - Cargos por Incobrabilidad / Activo  (%),-10.69,P,2026,1,2026-01,indicad
45030,NARANJA DIGITAL COMPAÑÍA FINANCIERA S.A.U.,800010401040,RG4_II - Resultados por Servicios / Activo (%),-1.61,P,2026,1,2026-01,indicad
45030,NARANJA DIGITAL COMPAÑÍA FINANCIERA S.A.U.,800010401050,RG5 - Gastos de Administración / Activo  (%),-2.72,P,2026,1,2026-01,indicad
45030,NARANJA DIGITAL COMPAÑÍA FINANCIERA S.A.U.,800010401150,RG15 - Retorno sobre Activos (ROA) antes Imp. de Gcias (%),7.09,P,2026,1,2026-01,indicad
45030,NARANJA DIGITAL COMPAÑÍA FINANCIERA S.A.U.,800010500010,"L1-Liquidez Tit c/cot, POS. CALL, LELIQ, LEFIs (netas) (%)",7.98,P,2026,1,2026-01,indicad
45030,NARANJA DIGITAL COMPAÑÍA FINANCIERA S.A.U.,800010500080,L8_II - Liquidez con títulos con cotiz (%),6.54,P,2026,1,2026-01,indicad
45030,NARANJA DIGITAL COMPAÑÍA FINANCIERA S.A.U.,800010500090,"L9 -Liq LELIQ, PASES y LEFIs (netos pases activos BCRA) (%)",19.08,P,2026,1,2026-01,indicad
45056,MONTEMAR COMPAÑIA FINANCIERA S.A.,800010100010,C1 - Apalancamiento (en veces),8.01,N,2026,1,2026-01,indicad
45056,MONTEMAR COMPAÑIA FINANCIERA S.A.,800010100020,C2 - Pérdida Potencial de Cartera en Situación 2 a 5 (%),159.22,P,2026,1,2026-01,indicad
45056,MONTEMAR COMPAÑIA FINANCIERA S.A.,800010100030,C3 - Pérdida Potencial de Cartera en Situación 3 a 5 (%),114.61,P,2026,1,2026-01,indicad
45056,MONTEMAR COMPAÑIA FINANCIERA S.A.,800010200090,A9 - Total Cartera Irregular / Total Financiaciones (%),25.55,P,2026,1,2026-01,indicad
45056,MONTEMAR COMPAÑIA FINANCIERA S.A.,800010200110,A11 - Cartera Irregular Sector Privado (%),25.57,P,2026,1,2026-01,indicad
45056,MONTEMAR COMPAÑIA FINANCIERA S.A.,800010200120,A12 - Participación Cartera Comercial Sector Privado (%),2.45,P,2026,1,2026-01,indicad
45056,MONTEMAR COMPAÑIA FINANCIERA S.A.,800010200130,A13 - Participación Cartera Consumo Sector Privado (%),97.55,P,2026,1,2026-01,indicad
45056,MONTEMAR COMPAÑIA FINANCIERA S.A.,800010200140,A14 - Previsiones sobre Cartera Irregular Total (%),43.32,P,2026,1,2026-01,indicad
45056,MONTEMAR COMPAÑIA FINANCIERA S.A.,800010200160,A16 - Cartera Irregular Consumo Sector Privado (%),26.2,P,2026,1,2026-01,indicad
45056,MONTEMAR COMPAÑIA FINANCIERA S.A.,800010200170,A17 - Cartera Irregular Comercial Sector Privado (%),0.25,P,2026,1,2026-01,indicad
45056,MONTEMAR COMPAÑIA FINANCIERA S.A.,800010200210,A21 - Posición de Previsiones Mín Sector Priv No Fciero (%),-18.94,P,2026,1,2026-01,indicad
45056,MONTEMAR COMPAÑIA FINANCIERA S.A.,800010201030,AG3 - Importancia de Cartera Vencida del Sector Privado (%),19.57,P,2026,1,2026-01,indicad
45056,MONTEMAR COMPAÑIA FINANCIERA S.A.,800010201290,AG29 - Efectivo y Depósito en Bancos / Activo (%),9.93,P,2026,1,2026-01,indicad
45056,MONTEMAR COMPAÑIA FINANCIERA S.A.,800010300010,E1 - Absorción de Gastos de Ad. con Volúmen de Negocio (%),10.73,P,2026,1,2026-01,indicad
45056,MONTEMAR COMPAÑIA FINANCIERA S.A.,800010300020,E2 - Margen de Rentabilidad Operat./Gastos de Estructura (%),-29.78,P,2026,1,2026-01,indicad
45056,MONTEMAR COMPAÑIA FINANCIERA S.A.,800010300040,E4 - Depósitos por Empleado (en millones de pesos),285.47,N,2026,1,2026-01,indicad
45056,MONTEMAR COMPAÑIA FINANCIERA S.A.,800010300050,E5 - Financiaciones por Empleado (en millones de pesos),309.89,N,2026,1,2026-01,indicad
45056,MONTEMAR COMPAÑIA FINANCIERA S.A.,800010400010,R1 - Rendimiento Anual del Patrimonio ( ROE) (%),7.51,P,2026,1,2026-01,indicad
45056,MONTEMAR COMPAÑIA FINANCIERA S.A.,800010400020,R2 - Rendimiento Ordinario del Patrimonio (%),-40.52,P,2026,1,2026-01,indicad
45056,MONTEMAR COMPAÑIA FINANCIERA S.A.,800010400080,R8 - Tasa Implicita Préstamos Totales (%),56.18,P,2026,1,2026-01,indicad
45056,MONTEMAR COMPAÑIA FINANCIERA S.A.,800010400090,R9 - Tasa Implicita Depósitos Totales (%),29.15,P,2026,1,2026-01,indicad
45056,MONTEMAR COMPAÑIA FINANCIERA S.A.,800010400170,R17 - Gastos en Personal / Gastos de Administración (%),45.76,P,2026,1,2026-01,indicad
45056,MONTEMAR COMPAÑIA FINANCIERA S.A.,800010401010,RG1 - Retorno sobre Activos ( ROA) (%),1.07,P,2026,1,2026-01,indicad
45056,MONTEMAR COMPAÑIA FINANCIERA S.A.,800010401020,RG2_II - Margen Financiero en Términos de Activo (%),18.16,P,2026,1,2026-01,indicad
45056,MONTEMAR COMPAÑIA FINANCIERA S.A.,800010401030,RG3 - Cargos por Incobrabilidad / Activo  (%),-8.97,P,2026,1,2026-01,indicad
45056,MONTEMAR COMPAÑIA FINANCIERA S.A.,800010401040,RG4_II - Resultados por Servicios / Activo (%),7.98,P,2026,1,2026-01,indicad
45056,MONTEMAR COMPAÑIA FINANCIERA S.A.,800010401050,RG5 - Gastos de Administración / Activo  (%),-19.32,P,2026,1,2026-01,indicad
45056,MONTEMAR COMPAÑIA FINANCIERA S.A.,800010401150,RG15 - Retorno sobre Activos (ROA) antes Imp. de Gcias (%),1.47,P,2026,1,2026-01,indicad
45056,MONTEMAR COMPAÑIA FINANCIERA S.A.,800010500010,"L1-Liquidez Tit c/cot, POS. CALL, LELIQ, LEFIs (netas) (%)",12.49,P,2026,1,2026-01,indicad
45056,MONTEMAR COMPAÑIA FINANCIERA S.A.,800010500080,L8_II - Liquidez con títulos con cotiz (%),14.08,P,2026,1,2026-01,indicad
45056,MONTEMAR COMPAÑIA FINANCIERA S.A.,800010500090,"L9 -Liq LELIQ, PASES y LEFIs (netos pases activos BCRA) (%)",14.08,P,2026,1,2026-01,indicad
45072,REBA COMPAÑIA FINANCIERA S.A.,800010100010,C1 - Apalancamiento (en veces),14.65,N,2026,1,2026-01,indicad
45072,REBA COMPAÑIA FINANCIERA S.A.,800010100020,C2 - Pérdida Potencial de Cartera en Situación 2 a 5 (%),206.14,P,2026,1,2026-01,indicad
45072,REBA COMPAÑIA FINANCIERA S.A.,800010100030,C3 - Pérdida Potencial de Cartera en Situación 3 a 5 (%),133.33,P,2026,1,2026-01,indicad
45072,REBA COMPAÑIA FINANCIERA S.A.,800010200090,A9 - Total Cartera Irregular / Total Financiaciones (%),17.17,P,2026,1,2026-01,indicad
45072,REBA COMPAÑIA FINANCIERA S.A.,800010200110,A11 - Cartera Irregular Sector Privado (%),17.17,P,2026,1,2026-01,indicad
45072,REBA COMPAÑIA FINANCIERA S.A.,800010200120,A12 - Participación Cartera Comercial Sector Privado (%),47.67,P,2026,1,2026-01,indicad
45072,REBA COMPAÑIA FINANCIERA S.A.,800010200130,A13 - Participación Cartera Consumo Sector Privado (%),52.33,P,2026,1,2026-01,indicad
45072,REBA COMPAÑIA FINANCIERA S.A.,800010200140,A14 - Previsiones sobre Cartera Irregular Total (%),44.75,P,2026,1,2026-01,indicad
45072,REBA COMPAÑIA FINANCIERA S.A.,800010200160,A16 - Cartera Irregular Consumo Sector Privado (%),28.21,P,2026,1,2026-01,indicad
45072,REBA COMPAÑIA FINANCIERA S.A.,800010200170,A17 - Cartera Irregular Comercial Sector Privado (%),5.04,P,2026,1,2026-01,indicad
45072,REBA COMPAÑIA FINANCIERA S.A.,800010200210,A21 - Posición de Previsiones Mín Sector Priv No Fciero (%),-0.85,P,2026,1,2026-01,indicad
45072,REBA COMPAÑIA FINANCIERA S.A.,800010201030,AG3 - Importancia de Cartera Vencida del Sector Privado (%),0.89,P,2026,1,2026-01,indicad
45072,REBA COMPAÑIA FINANCIERA S.A.,800010201290,AG29 - Efectivo y Depósito en Bancos / Activo (%),27.65,P,2026,1,2026-01,indicad
45072,REBA COMPAÑIA FINANCIERA S.A.,800010300010,E1 - Absorción de Gastos de Ad. con Volúmen de Negocio (%),17.13,P,2026,1,2026-01,indicad
45072,REBA COMPAÑIA FINANCIERA S.A.,800010300020,E2 - Margen de Rentabilidad Operat./Gastos de Estructura (%),-4.4,P,2026,1,2026-01,indicad
45072,REBA COMPAÑIA FINANCIERA S.A.,800010300040,E4 - Depósitos por Empleado (en millones de pesos),587.51,N,2026,1,2026-01,indicad
45072,REBA COMPAÑIA FINANCIERA S.A.,800010300050,E5 - Financiaciones por Empleado (en millones de pesos),295.49,N,2026,1,2026-01,indicad
45072,REBA COMPAÑIA FINANCIERA S.A.,800010400010,R1 - Rendimiento Anual del Patrimonio ( ROE) (%),-12.3,P,2026,1,2026-01,indicad
45072,REBA COMPAÑIA FINANCIERA S.A.,800010400020,R2 - Rendimiento Ordinario del Patrimonio (%),-15.5,P,2026,1,2026-01,indicad
45072,REBA COMPAÑIA FINANCIERA S.A.,800010400080,R8 - Tasa Implicita Préstamos Totales (%),53.7,P,2026,1,2026-01,indicad
45072,REBA COMPAÑIA FINANCIERA S.A.,800010400090,R9 - Tasa Implicita Depósitos Totales (%),18.74,P,2026,1,2026-01,indicad
45072,REBA COMPAÑIA FINANCIERA S.A.,800010400170,R17 - Gastos en Personal / Gastos de Administración (%),46.75,P,2026,1,2026-01,indicad
45072,REBA COMPAÑIA FINANCIERA S.A.,800010401010,RG1 - Retorno sobre Activos ( ROA) (%),-0.76,P,2026,1,2026-01,indicad
45072,REBA COMPAÑIA FINANCIERA S.A.,800010401020,RG2_II - Margen Financiero en Términos de Activo (%),22.85,P,2026,1,2026-01,indicad
45072,REBA COMPAÑIA FINANCIERA S.A.,800010401030,RG3 - Cargos por Incobrabilidad / Activo  (%),-3.78,P,2026,1,2026-01,indicad
45072,REBA COMPAÑIA FINANCIERA S.A.,800010401040,RG4_II - Resultados por Servicios / Activo (%),4.49,P,2026,1,2026-01,indicad
45072,REBA COMPAÑIA FINANCIERA S.A.,800010401050,RG5 - Gastos de Administración / Activo  (%),-21.91,P,2026,1,2026-01,indicad
45072,REBA COMPAÑIA FINANCIERA S.A.,800010401150,RG15 - Retorno sobre Activos (ROA) antes Imp. de Gcias (%),-0.76,P,2026,1,2026-01,indicad
45072,REBA COMPAÑIA FINANCIERA S.A.,800010500010,"L1-Liquidez Tit c/cot, POS. CALL, LELIQ, LEFIs (netas) (%)",30.47,P,2026,1,2026-01,indicad
45072,REBA COMPAÑIA FINANCIERA S.A.,800010500080,L8_II - Liquidez con títulos con cotiz (%),30.47,P,2026,1,2026-01,indicad
45072,REBA COMPAÑIA FINANCIERA S.A.,800010500090,"L9 -Liq LELIQ, PASES y LEFIs (netos pases activos BCRA) (%)",30.47,P,2026,1,2026-01,indicad
65203,CRÉDITO REGIONAL COMPAÑÍA FINANCIERA S.A.U.,800010100010,C1 - Apalancamiento (en veces),1.31,N,2026,1,2026-01,indicad
65203,CRÉDITO REGIONAL COMPAÑÍA FINANCIERA S.A.U.,800010100020,C2 - Pérdida Potencial de Cartera en Situación 2 a 5 (%),29.26,P,2026,1,2026-01,indicad
65203,CRÉDITO REGIONAL COMPAÑÍA FINANCIERA S.A.U.,800010100030,C3 - Pérdida Potencial de Cartera en Situación 3 a 5 (%),15.33,P,2026,1,2026-01,indicad
65203,CRÉDITO REGIONAL COMPAÑÍA FINANCIERA S.A.U.,800010200090,A9 - Total Cartera Irregular / Total Financiaciones (%),36.45,P,2026,1,2026-01,indicad
65203,CRÉDITO REGIONAL COMPAÑÍA FINANCIERA S.A.U.,800010200110,A11 - Cartera Irregular Sector Privado (%),36.45,P,2026,1,2026-01,indicad
65203,CRÉDITO REGIONAL COMPAÑÍA FINANCIERA S.A.U.,800010200120,A12 - Participación Cartera Comercial Sector Privado (%),3.48,P,2026,1,2026-01,indicad
65203,CRÉDITO REGIONAL COMPAÑÍA FINANCIERA S.A.U.,800010200130,A13 - Participación Cartera Consumo Sector Privado (%),96.52,P,2026,1,2026-01,indicad
65203,CRÉDITO REGIONAL COMPAÑÍA FINANCIERA S.A.U.,800010200140,A14 - Previsiones sobre Cartera Irregular Total (%),70.21,P,2026,1,2026-01,indicad
65203,CRÉDITO REGIONAL COMPAÑÍA FINANCIERA S.A.U.,800010200160,A16 - Cartera Irregular Consumo Sector Privado (%),34.16,P,2026,1,2026-01,indicad
65203,CRÉDITO REGIONAL COMPAÑÍA FINANCIERA S.A.U.,800010200170,A17 - Cartera Irregular Comercial Sector Privado (%),99.91,P,2026,1,2026-01,indicad
65203,CRÉDITO REGIONAL COMPAÑÍA FINANCIERA S.A.U.,800010200210,A21 - Posición de Previsiones Mín Sector Priv No Fciero (%),-5.41,P,2026,1,2026-01,indicad
65203,CRÉDITO REGIONAL COMPAÑÍA FINANCIERA S.A.U.,800010201030,AG3 - Importancia de Cartera Vencida del Sector Privado (%),29.38,P,2026,1,2026-01,indicad
65203,CRÉDITO REGIONAL COMPAÑÍA FINANCIERA S.A.U.,800010201290,AG29 - Efectivo y Depósito en Bancos / Activo (%),4.81,P,2026,1,2026-01,indicad
65203,CRÉDITO REGIONAL COMPAÑÍA FINANCIERA S.A.U.,800010300010,E1 - Absorción de Gastos de Ad. con Volúmen de Negocio (%),71.92,P,2026,1,2026-01,indicad
65203,CRÉDITO REGIONAL COMPAÑÍA FINANCIERA S.A.U.,800010300020,E2 - Margen de Rentabilidad Operat./Gastos de Estructura (%),-84.56,P,2026,1,2026-01,indicad
65203,CRÉDITO REGIONAL COMPAÑÍA FINANCIERA S.A.U.,800010300040,E4 - Depósitos por Empleado (en millones de pesos),53.2,N,2026,1,2026-01,indicad
65203,CRÉDITO REGIONAL COMPAÑÍA FINANCIERA S.A.U.,800010300050,E5 - Financiaciones por Empleado (en millones de pesos),48.91,N,2026,1,2026-01,indicad
65203,CRÉDITO REGIONAL COMPAÑÍA FINANCIERA S.A.U.,800010400010,R1 - Rendimiento Anual del Patrimonio ( ROE) (%),-128.61,P,2026,1,2026-01,indicad
65203,CRÉDITO REGIONAL COMPAÑÍA FINANCIERA S.A.U.,800010400020,R2 - Rendimiento Ordinario del Patrimonio (%),-117.29,P,2026,1,2026-01,indicad
65203,CRÉDITO REGIONAL COMPAÑÍA FINANCIERA S.A.U.,800010400080,R8 - Tasa Implicita Préstamos Totales (%),89.13,P,2026,1,2026-01,indicad
65203,CRÉDITO REGIONAL COMPAÑÍA FINANCIERA S.A.U.,800010400090,R9 - Tasa Implicita Depósitos Totales (%),27.8,P,2026,1,2026-01,indicad
65203,CRÉDITO REGIONAL COMPAÑÍA FINANCIERA S.A.U.,800010400170,R17 - Gastos en Personal / Gastos de Administración (%),60.47,P,2026,1,2026-01,indicad
65203,CRÉDITO REGIONAL COMPAÑÍA FINANCIERA S.A.U.,800010401010,RG1 - Retorno sobre Activos ( ROA) (%),-61.8,P,2026,1,2026-01,indicad
65203,CRÉDITO REGIONAL COMPAÑÍA FINANCIERA S.A.U.,800010401020,RG2_II - Margen Financiero en Términos de Activo (%),28.54,P,2026,1,2026-01,indicad
65203,CRÉDITO REGIONAL COMPAÑÍA FINANCIERA S.A.U.,800010401030,RG3 - Cargos por Incobrabilidad / Activo  (%),-16.11,P,2026,1,2026-01,indicad
65203,CRÉDITO REGIONAL COMPAÑÍA FINANCIERA S.A.U.,800010401040,RG4_II - Resultados por Servicios / Activo (%),0.68,P,2026,1,2026-01,indicad
65203,CRÉDITO REGIONAL COMPAÑÍA FINANCIERA S.A.U.,800010401050,RG5 - Gastos de Administración / Activo  (%),-66.66,P,2026,1,2026-01,indicad
65203,CRÉDITO REGIONAL COMPAÑÍA FINANCIERA S.A.U.,800010401150,RG15 - Retorno sobre Activos (ROA) antes Imp. de Gcias (%),-60.69,P,2026,1,2026-01,indicad
65203,CRÉDITO REGIONAL COMPAÑÍA FINANCIERA S.A.U.,800010500010,"L1-Liquidez Tit c/cot, POS. CALL, LELIQ, LEFIs (netas) (%)",9.46,P,2026,1,2026-01,indicad
65203,CRÉDITO REGIONAL COMPAÑÍA FINANCIERA S.A.U.,800010500080,L8_II - Liquidez con títulos con cotiz (%),9.78,P,2026,1,2026-01,indicad
65203,CRÉDITO REGIONAL COMPAÑÍA FINANCIERA S.A.U.,800010500090,"L9 -Liq LELIQ, PASES y LEFIs (netos pases activos BCRA) (%)",9.78,P,2026,1,2026-01,indicad
AA000,SISTEMA FINANCIERO,800010100010,C1 - Apalancamiento (en veces),3.36,N,2026,1,2026-01,indicad
AA000,SISTEMA FINANCIERO,800010100020,C2 - Pérdida Potencial de Cartera en Situación 2 a 5 (%),7.53,P,2026,1,2026-01,indicad
AA000,SISTEMA FINANCIERO,800010100030,C3 - Pérdida Potencial de Cartera en Situación 3 a 5 (%),1.37,P,2026,1,2026-01,indicad
AA000,SISTEMA FINANCIERO,800010200090,A9 - Total Cartera Irregular / Total Financiaciones (%),5.86,P,2026,1,2026-01,indicad
AA000,SISTEMA FINANCIERO,800010200110,A11 - Cartera Irregular Sector Privado (%),6.14,P,2026,1,2026-01,indicad
AA000,SISTEMA FINANCIERO,800010200120,A12 - Participación Cartera Comercial Sector Privado (%),55.54,P,2026,1,2026-01,indicad
AA000,SISTEMA FINANCIERO,800010200130,A13 - Participación Cartera Consumo Sector Privado (%),44.54,P,2026,1,2026-01,indicad
AA000,SISTEMA FINANCIERO,800010200140,A14 - Previsiones sobre Cartera Irregular Total (%),89.69,P,2026,1,2026-01,indicad
AA000,SISTEMA FINANCIERO,800010200160,A16 - Cartera Irregular Consumo Sector Privado (%),10.44,P,2026,1,2026-01,indicad
AA000,SISTEMA FINANCIERO,800010200170,A17 - Cartera Irregular Comercial Sector Privado (%),2.67,P,2026,1,2026-01,indicad
AA000,SISTEMA FINANCIERO,800010200210,A21 - Posición de Previsiones Mín Sector Priv No Fciero (%),55.02,P,2026,1,2026-01,indicad
AA000,SISTEMA FINANCIERO,800010201030,AG3 - Importancia de Cartera Vencida del Sector Privado (%),3.81,P,2026,1,2026-01,indicad
AA000,SISTEMA FINANCIERO,800010201290,AG29 - Efectivo y Depósito en Bancos / Activo (%),16.63,P,2026,1,2026-01,indicad
AA000,SISTEMA FINANCIERO,800010300010,E1 - Absorción de Gastos de Ad. con Volúmen de Negocio (%),5.83,P,2026,1,2026-01,indicad
AA000,SISTEMA FINANCIERO,800010300020,E2 - Margen de Rentabilidad Operat./Gastos de Estructura (%),82.21,P,2026,1,2026-01,indicad
AA000,SISTEMA FINANCIERO,800010300040,E4 - Depósitos por Empleado (en millones de pesos),2169.11,N,2026,1,2026-01,indicad
AA000,SISTEMA FINANCIERO,800010300050,E5 - Financiaciones por Empleado (en millones de pesos),1409.62,N,2026,1,2026-01,indicad
AA000,SISTEMA FINANCIERO,800010400010,R1 - Rendimiento Anual del Patrimonio ( ROE) (%),3.1,P,2026,1,2026-01,indicad
AA000,SISTEMA FINANCIERO,800010400020,R2 - Rendimiento Ordinario del Patrimonio (%),22.79,P,2026,1,2026-01,indicad
AA000,SISTEMA FINANCIERO,800010400080,R8 - Tasa Implicita Préstamos Totales (%),36.74,P,2026,1,2026-01,indicad
AA000,SISTEMA FINANCIERO,800010400090,R9 - Tasa Implicita Depósitos Totales (%),15.46,P,2026,1,2026-01,indicad
AA000,SISTEMA FINANCIERO,800010400170,R17 - Gastos en Personal / Gastos de Administración (%),50.27,P,2026,1,2026-01,indicad
AA000,SISTEMA FINANCIERO,800010401010,RG1 - Retorno sobre Activos ( ROA) (%),0.71,P,2026,1,2026-01,indicad
AA000,SISTEMA FINANCIERO,800010401020,RG2_II - Margen Financiero en Términos de Activo (%),14.45,P,2026,1,2026-01,indicad
AA000,SISTEMA FINANCIERO,800010401030,RG3 - Cargos por Incobrabilidad / Activo  (%),-3.09,P,2026,1,2026-01,indicad
AA000,SISTEMA FINANCIERO,800010401040,RG4_II - Resultados por Servicios / Activo (%),1.64,P,2026,1,2026-01,indicad
AA000,SISTEMA FINANCIERO,800010401050,RG5 - Gastos de Administración / Activo  (%),-6.35,P,2026,1,2026-01,indicad
AA000,SISTEMA FINANCIERO,800010401150,RG15 - Retorno sobre Activos (ROA) antes Imp. de Gcias (%),0.93,P,2026,1,2026-01,indicad
AA000,SISTEMA FINANCIERO,800010500010,"L1-Liquidez Tit c/cot, POS. CALL, LELIQ, LEFIs (netas) (%)",30.79,P,2026,1,2026-01,indicad
AA000,SISTEMA FINANCIERO,800010500080,L8_II - Liquidez con títulos con cotiz (%),29.98,P,2026,1,2026-01,indicad
AA000,SISTEMA FINANCIERO,800010500090,"L9 -Liq LELIQ, PASES y LEFIs (netos pases activos BCRA) (%)",26.89,P,2026,1,2026-01,indicad
AA100,BANCOS,800010100010,C1 - Apalancamiento (en veces),3.32,N,2026,1,2026-01,indicad
AA100,BANCOS,800010100020,C2 - Pérdida Potencial de Cartera en Situación 2 a 5 (%),7.33,P,2026,1,2026-01,indicad
AA100,BANCOS,800010100030,C3 - Pérdida Potencial de Cartera en Situación 3 a 5 (%),1.32,P,2026,1,2026-01,indicad
AA100,BANCOS,800010200090,A9 - Total Cartera Irregular / Total Financiaciones (%),5.86,P,2026,1,2026-01,indicad
AA100,BANCOS,800010200110,A11 - Cartera Irregular Sector Privado (%),6.14,P,2026,1,2026-01,indicad
AA100,BANCOS,800010200120,A12 - Participación Cartera Comercial Sector Privado (%),56.2,P,2026,1,2026-01,indicad
AA100,BANCOS,800010200130,A13 - Participación Cartera Consumo Sector Privado (%),43.87,P,2026,1,2026-01,indicad
AA100,BANCOS,800010200140,A14 - Previsiones sobre Cartera Irregular Total (%),89.87,P,2026,1,2026-01,indicad
AA100,BANCOS,800010200160,A16 - Cartera Irregular Consumo Sector Privado (%),10.58,P,2026,1,2026-01,indicad
AA100,BANCOS,800010200170,A17 - Cartera Irregular Comercial Sector Privado (%),2.67,P,2026,1,2026-01,indicad
AA100,BANCOS,800010200210,A21 - Posición de Previsiones Mín Sector Priv No Fciero (%),56.12,P,2026,1,2026-01,indicad
AA100,BANCOS,800010201030,AG3 - Importancia de Cartera Vencida del Sector Privado (%),3.79,P,2026,1,2026-01,indicad
AA100,BANCOS,800010201290,AG29 - Efectivo y Depósito en Bancos / Activo (%),16.83,P,2026,1,2026-01,indicad
AA100,BANCOS,800010300010,E1 - Absorción de Gastos de Ad. con Volúmen de Negocio (%),5.86,P,2026,1,2026-01,indicad
AA100,BANCOS,800010300020,E2 - Margen de Rentabilidad Operat./Gastos de Estructura (%),78.83,P,2026,1,2026-01,indicad
AA100,BANCOS,800010300040,E4 - Depósitos por Empleado (en millones de pesos),2172.92,N,2026,1,2026-01,indicad
AA100,BANCOS,800010300050,E5 - Financiaciones por Empleado (en millones de pesos),1384.97,N,2026,1,2026-01,indicad
AA100,BANCOS,800010400010,R1 - Rendimiento Anual del Patrimonio ( ROE) (%),2.86,P,2026,1,2026-01,indicad
AA100,BANCOS,800010400020,R2 - Rendimiento Ordinario del Patrimonio (%),21.71,P,2026,1,2026-01,indicad
AA100,BANCOS,800010400080,R8 - Tasa Implicita Préstamos Totales (%),36.25,P,2026,1,2026-01,indicad
AA100,BANCOS,800010400090,R9 - Tasa Implicita Depósitos Totales (%),15.33,P,2026,1,2026-01,indicad
AA100,BANCOS,800010400170,R17 - Gastos en Personal / Gastos de Administración (%),54.79,P,2026,1,2026-01,indicad
AA100,BANCOS,800010401010,RG1 - Retorno sobre Activos ( ROA) (%),0.66,P,2026,1,2026-01,indicad
AA100,BANCOS,800010401020,RG2_II - Margen Financiero en Términos de Activo (%),14.32,P,2026,1,2026-01,indicad
AA100,BANCOS,800010401030,RG3 - Cargos por Incobrabilidad / Activo  (%),-3.02,P,2026,1,2026-01,indicad
AA100,BANCOS,800010401040,RG4_II - Resultados por Servicios / Activo (%),1.65,P,2026,1,2026-01,indicad
AA100,BANCOS,800010401050,RG5 - Gastos de Administración / Activo  (%),-6.38,P,2026,1,2026-01,indicad
AA100,BANCOS,800010401150,RG15 - Retorno sobre Activos (ROA) antes Imp. de Gcias (%),0.85,P,2026,1,2026-01,indicad
AA100,BANCOS,800010500010,"L1-Liquidez Tit c/cot, POS. CALL, LELIQ, LEFIs (netas) (%)",30.91,P,2026,1,2026-01,indicad
AA100,BANCOS,800010500080,L8_II - Liquidez con títulos con cotiz (%),30.15,P,2026,1,2026-01,indicad
AA100,BANCOS,800010500090,"L9 -Liq LELIQ, PASES y LEFIs (netos pases activos BCRA) (%)",26.88,P,2026,1,2026-01,indicad
AA110,BANCOS PÚBLICOS,800010100010,C1 - Apalancamiento (en veces),2.56,N,2026,1,2026-01,indicad
AA110,BANCOS PÚBLICOS,800010100020,C2 - Pérdida Potencial de Cartera en Situación 2 a 5 (%),6.28,P,2026,1,2026-01,indicad
AA110,BANCOS PÚBLICOS,800010100030,C3 - Pérdida Potencial de Cartera en Situación 3 a 5 (%),1.27,P,2026,1,2026-01,indicad
AA110,BANCOS PÚBLICOS,800010200090,A9 - Total Cartera Irregular / Total Financiaciones (%),5.96,P,2026,1,2026-01,indicad
AA110,BANCOS PÚBLICOS,800010200110,A11 - Cartera Irregular Sector Privado (%),6.21,P,2026,1,2026-01,indicad
AA110,BANCOS PÚBLICOS,800010200120,A12 - Participación Cartera Comercial Sector Privado (%),48.42,P,2026,1,2026-01,indicad
AA110,BANCOS PÚBLICOS,800010200130,A13 - Participación Cartera Consumo Sector Privado (%),51.62,P,2026,1,2026-01,indicad
AA110,BANCOS PÚBLICOS,800010200140,A14 - Previsiones sobre Cartera Irregular Total (%),86.72,P,2026,1,2026-01,indicad
AA110,BANCOS PÚBLICOS,800010200160,A16 - Cartera Irregular Consumo Sector Privado (%),8.25,P,2026,1,2026-01,indicad
AA110,BANCOS PÚBLICOS,800010200170,A17 - Cartera Irregular Comercial Sector Privado (%),4.04,P,2026,1,2026-01,indicad
AA110,BANCOS PÚBLICOS,800010200210,A21 - Posición de Previsiones Mín Sector Priv No Fciero (%),51.44,P,2026,1,2026-01,indicad
AA110,BANCOS PÚBLICOS,800010201030,AG3 - Importancia de Cartera Vencida del Sector Privado (%),3.29,P,2026,1,2026-01,indicad
AA110,BANCOS PÚBLICOS,800010201290,AG29 - Efectivo y Depósito en Bancos / Activo (%),11.8,P,2026,1,2026-01,indicad
AA110,BANCOS PÚBLICOS,800010300010,E1 - Absorción de Gastos de Ad. con Volúmen de Negocio (%),5.48,P,2026,1,2026-01,indicad
AA110,BANCOS PÚBLICOS,800010300020,E2 - Margen de Rentabilidad Operat./Gastos de Estructura (%),109.1,P,2026,1,2026-01,indicad
AA110,BANCOS PÚBLICOS,800010300040,E4 - Depósitos por Empleado (en millones de pesos),2095.43,N,2026,1,2026-01,indicad
AA110,BANCOS PÚBLICOS,800010300050,E5 - Financiaciones por Empleado (en millones de pesos),1126.44,N,2026,1,2026-01,indicad
AA110,BANCOS PÚBLICOS,800010400010,R1 - Rendimiento Anual del Patrimonio ( ROE) (%),3.08,P,2026,1,2026-01,indicad
AA110,BANCOS PÚBLICOS,800010400020,R2 - Rendimiento Ordinario del Patrimonio (%),22.33,P,2026,1,2026-01,indicad
AA110,BANCOS PÚBLICOS,800010400080,R8 - Tasa Implicita Préstamos Totales (%),38.2,P,2026,1,2026-01,indicad
AA110,BANCOS PÚBLICOS,800010400090,R9 - Tasa Implicita Depósitos Totales (%),16.68,P,2026,1,2026-01,indicad
AA110,BANCOS PÚBLICOS,800010400170,R17 - Gastos en Personal / Gastos de Administración (%),62.87,P,2026,1,2026-01,indicad
AA110,BANCOS PÚBLICOS,800010401010,RG1 - Retorno sobre Activos ( ROA) (%),0.84,P,2026,1,2026-01,indicad
AA110,BANCOS PÚBLICOS,800010401020,RG2_II - Margen Financiero en Términos de Activo (%),14.53,P,2026,1,2026-01,indicad
AA110,BANCOS PÚBLICOS,800010401030,RG3 - Cargos por Incobrabilidad / Activo  (%),-2.33,P,2026,1,2026-01,indicad
AA110,BANCOS PÚBLICOS,800010401040,RG4_II - Resultados por Servicios / Activo (%),0.36,P,2026,1,2026-01,indicad
AA110,BANCOS PÚBLICOS,800010401050,RG5 - Gastos de Administración / Activo  (%),-5.6,P,2026,1,2026-01,indicad
AA110,BANCOS PÚBLICOS,800010401150,RG15 - Retorno sobre Activos (ROA) antes Imp. de Gcias (%),0.77,P,2026,1,2026-01,indicad
AA110,BANCOS PÚBLICOS,800010500010,"L1-Liquidez Tit c/cot, POS. CALL, LELIQ, LEFIs (netas) (%)",22.0,P,2026,1,2026-01,indicad
AA110,BANCOS PÚBLICOS,800010500080,L8_II - Liquidez con títulos con cotiz (%),20.93,P,2026,1,2026-01,indicad
AA110,BANCOS PÚBLICOS,800010500090,"L9 -Liq LELIQ, PASES y LEFIs (netos pases activos BCRA) (%)",20.5,P,2026,1,2026-01,indicad
AA120,BANCOS PRIVADOS,800010100010,C1 - Apalancamiento (en veces),3.99,N,2026,1,2026-01,indicad
AA120,BANCOS PRIVADOS,800010100020,C2 - Pérdida Potencial de Cartera en Situación 2 a 5 (%),8.29,P,2026,1,2026-01,indicad
AA120,BANCOS PRIVADOS,800010100030,C3 - Pérdida Potencial de Cartera en Situación 3 a 5 (%),1.36,P,2026,1,2026-01,indicad
AA120,BANCOS PRIVADOS,800010200090,A9 - Total Cartera Irregular / Total Financiaciones (%),5.81,P,2026,1,2026-01,indicad
AA120,BANCOS PRIVADOS,800010200110,A11 - Cartera Irregular Sector Privado (%),6.1,P,2026,1,2026-01,indicad
AA120,BANCOS PRIVADOS,800010200120,A12 - Participación Cartera Comercial Sector Privado (%),60.36,P,2026,1,2026-01,indicad
AA120,BANCOS PRIVADOS,800010200130,A13 - Participación Cartera Consumo Sector Privado (%),39.73,P,2026,1,2026-01,indicad
AA120,BANCOS PRIVADOS,800010200140,A14 - Previsiones sobre Cartera Irregular Total (%),91.58,P,2026,1,2026-01,indicad
AA120,BANCOS PRIVADOS,800010200160,A16 - Cartera Irregular Consumo Sector Privado (%),12.21,P,2026,1,2026-01,indicad
AA120,BANCOS PRIVADOS,800010200170,A17 - Cartera Irregular Comercial Sector Privado (%),2.08,P,2026,1,2026-01,indicad
AA120,BANCOS PRIVADOS,800010200210,A21 - Posición de Previsiones Mín Sector Priv No Fciero (%),58.67,P,2026,1,2026-01,indicad
AA120,BANCOS PRIVADOS,800010201030,AG3 - Importancia de Cartera Vencida del Sector Privado (%),4.05,P,2026,1,2026-01,indicad
AA120,BANCOS PRIVADOS,800010201290,AG29 - Efectivo y Depósito en Bancos / Activo (%),20.0,P,2026,1,2026-01,indicad
AA120,BANCOS PRIVADOS,800010300010,E1 - Absorción de Gastos de Ad. con Volúmen de Negocio (%),6.08,P,2026,1,2026-01,indicad
AA120,BANCOS PRIVADOS,800010300020,E2 - Margen de Rentabilidad Operat./Gastos de Estructura (%),66.35,P,2026,1,2026-01,indicad
AA120,BANCOS PRIVADOS,800010300040,E4 - Depósitos por Empleado (en millones de pesos),2225.13,N,2026,1,2026-01,indicad
AA120,BANCOS PRIVADOS,800010300050,E5 - Financiaciones por Empleado (en millones de pesos),1559.18,N,2026,1,2026-01,indicad
AA120,BANCOS PRIVADOS,800010400010,R1 - Rendimiento Anual del Patrimonio ( ROE) (%),2.63,P,2026,1,2026-01,indicad
AA120,BANCOS PRIVADOS,800010400020,R2 - Rendimiento Ordinario del Patrimonio (%),22.36,P,2026,1,2026-01,indicad
AA120,BANCOS PRIVADOS,800010400080,R8 - Tasa Implicita Préstamos Totales (%),35.86,P,2026,1,2026-01,indicad
AA120,BANCOS PRIVADOS,800010400090,R9 - Tasa Implicita Depósitos Totales (%),14.46,P,2026,1,2026-01,indicad
AA120,BANCOS PRIVADOS,800010400170,R17 - Gastos en Personal / Gastos de Administración (%),44.12,P,2026,1,2026-01,indicad
AA120,BANCOS PRIVADOS,800010401010,RG1 - Retorno sobre Activos ( ROA) (%),0.54,P,2026,1,2026-01,indicad
AA120,BANCOS PRIVADOS,800010401020,RG2_II - Margen Financiero en Términos de Activo (%),14.2,P,2026,1,2026-01,indicad
AA120,BANCOS PRIVADOS,800010401030,RG3 - Cargos por Incobrabilidad / Activo  (%),-3.47,P,2026,1,2026-01,indicad
AA120,BANCOS PRIVADOS,800010401040,RG4_II - Resultados por Servicios / Activo (%),2.48,P,2026,1,2026-01,indicad
AA120,BANCOS PRIVADOS,800010401050,RG5 - Gastos de Administración / Activo  (%),-6.88,P,2026,1,2026-01,indicad
AA120,BANCOS PRIVADOS,800010401150,RG15 - Retorno sobre Activos (ROA) antes Imp. de Gcias (%),0.89,P,2026,1,2026-01,indicad
AA120,BANCOS PRIVADOS,800010500010,"L1-Liquidez Tit c/cot, POS. CALL, LELIQ, LEFIs (netas) (%)",36.54,P,2026,1,2026-01,indicad
AA120,BANCOS PRIVADOS,800010500080,L8_II - Liquidez con títulos con cotiz (%),36.0,P,2026,1,2026-01,indicad
AA120,BANCOS PRIVADOS,800010500090,"L9 -Liq LELIQ, PASES y LEFIs (netos pases activos BCRA) (%)",30.93,P,2026,1,2026-01,indicad
AA121,BANCOS LOCALES DE CAPITAL NACIONAL,800010100010,C1 - Apalancamiento (en veces),3.96,N,2026,1,2026-01,indicad
AA121,BANCOS LOCALES DE CAPITAL NACIONAL,800010100020,C2 - Pérdida Potencial de Cartera en Situación 2 a 5 (%),7.87,P,2026,1,2026-01,indicad
AA121,BANCOS LOCALES DE CAPITAL NACIONAL,800010100030,C3 - Pérdida Potencial de Cartera en Situación 3 a 5 (%),0.83,P,2026,1,2026-01,indicad
AA121,BANCOS LOCALES DE CAPITAL NACIONAL,800010200090,A9 - Total Cartera Irregular / Total Financiaciones (%),5.89,P,2026,1,2026-01,indicad
AA121,BANCOS LOCALES DE CAPITAL NACIONAL,800010200110,A11 - Cartera Irregular Sector Privado (%),6.28,P,2026,1,2026-01,indicad
AA121,BANCOS LOCALES DE CAPITAL NACIONAL,800010200120,A12 - Participación Cartera Comercial Sector Privado (%),59.85,P,2026,1,2026-01,indicad
AA121,BANCOS LOCALES DE CAPITAL NACIONAL,800010200130,A13 - Participación Cartera Consumo Sector Privado (%),40.16,P,2026,1,2026-01,indicad
AA121,BANCOS LOCALES DE CAPITAL NACIONAL,800010200140,A14 - Previsiones sobre Cartera Irregular Total (%),94.73,P,2026,1,2026-01,indicad
AA121,BANCOS LOCALES DE CAPITAL NACIONAL,800010200160,A16 - Cartera Irregular Consumo Sector Privado (%),11.82,P,2026,1,2026-01,indicad
AA121,BANCOS LOCALES DE CAPITAL NACIONAL,800010200170,A17 - Cartera Irregular Comercial Sector Privado (%),2.57,P,2026,1,2026-01,indicad
AA121,BANCOS LOCALES DE CAPITAL NACIONAL,800010200210,A21 - Posición de Previsiones Mín Sector Priv No Fciero (%),59.83,P,2026,1,2026-01,indicad
AA121,BANCOS LOCALES DE CAPITAL NACIONAL,800010201030,AG3 - Importancia de Cartera Vencida del Sector Privado (%),3.31,P,2026,1,2026-01,indicad
AA121,BANCOS LOCALES DE CAPITAL NACIONAL,800010201290,AG29 - Efectivo y Depósito en Bancos / Activo (%),20.29,P,2026,1,2026-01,indicad
AA121,BANCOS LOCALES DE CAPITAL NACIONAL,800010300010,E1 - Absorción de Gastos de Ad. con Volúmen de Negocio (%),6.27,P,2026,1,2026-01,indicad
AA121,BANCOS LOCALES DE CAPITAL NACIONAL,800010300020,E2 - Margen de Rentabilidad Operat./Gastos de Estructura (%),47.46,P,2026,1,2026-01,indicad
AA121,BANCOS LOCALES DE CAPITAL NACIONAL,800010300040,E4 - Depósitos por Empleado (en millones de pesos),2069.12,N,2026,1,2026-01,indicad
AA121,BANCOS LOCALES DE CAPITAL NACIONAL,800010300050,E5 - Financiaciones por Empleado (en millones de pesos),1379.9,N,2026,1,2026-01,indicad
AA121,BANCOS LOCALES DE CAPITAL NACIONAL,800010400010,R1 - Rendimiento Anual del Patrimonio ( ROE) (%),-0.42,P,2026,1,2026-01,indicad
AA121,BANCOS LOCALES DE CAPITAL NACIONAL,800010400020,R2 - Rendimiento Ordinario del Patrimonio (%),16.35,P,2026,1,2026-01,indicad
AA121,BANCOS LOCALES DE CAPITAL NACIONAL,800010400080,R8 - Tasa Implicita Préstamos Totales (%),36.85,P,2026,1,2026-01,indicad
AA121,BANCOS LOCALES DE CAPITAL NACIONAL,800010400090,R9 - Tasa Implicita Depósitos Totales (%),15.23,P,2026,1,2026-01,indicad
AA121,BANCOS LOCALES DE CAPITAL NACIONAL,800010400170,R17 - Gastos en Personal / Gastos de Administración (%),50.63,P,2026,1,2026-01,indicad
AA121,BANCOS LOCALES DE CAPITAL NACIONAL,800010401010,RG1 - Retorno sobre Activos ( ROA) (%),-0.09,P,2026,1,2026-01,indicad
AA121,BANCOS LOCALES DE CAPITAL NACIONAL,800010401020,RG2_II - Margen Financiero en Términos de Activo (%),13.65,P,2026,1,2026-01,indicad
AA121,BANCOS LOCALES DE CAPITAL NACIONAL,800010401030,RG3 - Cargos por Incobrabilidad / Activo  (%),-3.47,P,2026,1,2026-01,indicad
AA121,BANCOS LOCALES DE CAPITAL NACIONAL,800010401040,RG4_II - Resultados por Servicios / Activo (%),2.2,P,2026,1,2026-01,indicad
AA121,BANCOS LOCALES DE CAPITAL NACIONAL,800010401050,RG5 - Gastos de Administración / Activo  (%),-7.16,P,2026,1,2026-01,indicad
AA121,BANCOS LOCALES DE CAPITAL NACIONAL,800010401150,RG15 - Retorno sobre Activos (ROA) antes Imp. de Gcias (%),-0.19,P,2026,1,2026-01,indicad
AA121,BANCOS LOCALES DE CAPITAL NACIONAL,800010500010,"L1-Liquidez Tit c/cot, POS. CALL, LELIQ, LEFIs (netas) (%)",36.49,P,2026,1,2026-01,indicad
AA121,BANCOS LOCALES DE CAPITAL NACIONAL,800010500080,L8_II - Liquidez con títulos con cotiz (%),35.71,P,2026,1,2026-01,indicad
AA121,BANCOS LOCALES DE CAPITAL NACIONAL,800010500090,"L9 -Liq LELIQ, PASES y LEFIs (netos pases activos BCRA) (%)",30.88,P,2026,1,2026-01,indicad
AA123,BANCOS LOCALES DE CAPITAL EXTRANJERO,800010100010,C1 - Apalancamiento (en veces),4.62,N,2026,1,2026-01,indicad
AA123,BANCOS LOCALES DE CAPITAL EXTRANJERO,800010100020,C2 - Pérdida Potencial de Cartera en Situación 2 a 5 (%),11.64,P,2026,1,2026-01,indicad
AA123,BANCOS LOCALES DE CAPITAL EXTRANJERO,800010100030,C3 - Pérdida Potencial de Cartera en Situación 3 a 5 (%),3.27,P,2026,1,2026-01,indicad
AA123,BANCOS LOCALES DE CAPITAL EXTRANJERO,800010200090,A9 - Total Cartera Irregular / Total Financiaciones (%),5.98,P,2026,1,2026-01,indicad
AA123,BANCOS LOCALES DE CAPITAL EXTRANJERO,800010200110,A11 - Cartera Irregular Sector Privado (%),6.15,P,2026,1,2026-01,indicad
AA123,BANCOS LOCALES DE CAPITAL EXTRANJERO,800010200120,A12 - Participación Cartera Comercial Sector Privado (%),59.05,P,2026,1,2026-01,indicad
AA123,BANCOS LOCALES DE CAPITAL EXTRANJERO,800010200130,A13 - Participación Cartera Consumo Sector Privado (%),40.95,P,2026,1,2026-01,indicad
AA123,BANCOS LOCALES DE CAPITAL EXTRANJERO,800010200140,A14 - Previsiones sobre Cartera Irregular Total (%),83.97,P,2026,1,2026-01,indicad
AA123,BANCOS LOCALES DE CAPITAL EXTRANJERO,800010200160,A16 - Cartera Irregular Consumo Sector Privado (%),12.69,P,2026,1,2026-01,indicad
AA123,BANCOS LOCALES DE CAPITAL EXTRANJERO,800010200170,A17 - Cartera Irregular Comercial Sector Privado (%),1.61,P,2026,1,2026-01,indicad
AA123,BANCOS LOCALES DE CAPITAL EXTRANJERO,800010200210,A21 - Posición de Previsiones Mín Sector Priv No Fciero (%),52.64,P,2026,1,2026-01,indicad
AA123,BANCOS LOCALES DE CAPITAL EXTRANJERO,800010201030,AG3 - Importancia de Cartera Vencida del Sector Privado (%),5.18,P,2026,1,2026-01,indicad
AA123,BANCOS LOCALES DE CAPITAL EXTRANJERO,800010201290,AG29 - Efectivo y Depósito en Bancos / Activo (%),19.54,P,2026,1,2026-01,indicad
AA123,BANCOS LOCALES DE CAPITAL EXTRANJERO,800010300010,E1 - Absorción de Gastos de Ad. con Volúmen de Negocio (%),5.36,P,2026,1,2026-01,indicad
AA123,BANCOS LOCALES DE CAPITAL EXTRANJERO,800010300020,E2 - Margen de Rentabilidad Operat./Gastos de Estructura (%),75.05,P,2026,1,2026-01,indicad
AA123,BANCOS LOCALES DE CAPITAL EXTRANJERO,800010300040,E4 - Depósitos por Empleado (en millones de pesos),2505.55,N,2026,1,2026-01,indicad
AA123,BANCOS LOCALES DE CAPITAL EXTRANJERO,800010300050,E5 - Financiaciones por Empleado (en millones de pesos),1910.47,N,2026,1,2026-01,indicad
AA123,BANCOS LOCALES DE CAPITAL EXTRANJERO,800010400010,R1 - Rendimiento Anual del Patrimonio ( ROE) (%),6.54,P,2026,1,2026-01,indicad
AA123,BANCOS LOCALES DE CAPITAL EXTRANJERO,800010400020,R2 - Rendimiento Ordinario del Patrimonio (%),26.09,P,2026,1,2026-01,indicad
AA123,BANCOS LOCALES DE CAPITAL EXTRANJERO,800010400080,R8 - Tasa Implicita Préstamos Totales (%),33.2,P,2026,1,2026-01,indicad
AA123,BANCOS LOCALES DE CAPITAL EXTRANJERO,800010400090,R9 - Tasa Implicita Depósitos Totales (%),14.2,P,2026,1,2026-01,indicad
AA123,BANCOS LOCALES DE CAPITAL EXTRANJERO,800010400170,R17 - Gastos en Personal / Gastos de Administración (%),43.8,P,2026,1,2026-01,indicad
AA123,BANCOS LOCALES DE CAPITAL EXTRANJERO,800010401010,RG1 - Retorno sobre Activos ( ROA) (%),1.18,P,2026,1,2026-01,indicad
AA123,BANCOS LOCALES DE CAPITAL EXTRANJERO,800010401020,RG2_II - Margen Financiero en Términos de Activo (%),14.1,P,2026,1,2026-01,indicad
AA123,BANCOS LOCALES DE CAPITAL EXTRANJERO,800010401030,RG3 - Cargos por Incobrabilidad / Activo  (%),-3.79,P,2026,1,2026-01,indicad
AA123,BANCOS LOCALES DE CAPITAL EXTRANJERO,800010401040,RG4_II - Resultados por Servicios / Activo (%),2.78,P,2026,1,2026-01,indicad
AA123,BANCOS LOCALES DE CAPITAL EXTRANJERO,800010401050,RG5 - Gastos de Administración / Activo  (%),-6.24,P,2026,1,2026-01,indicad
AA123,BANCOS LOCALES DE CAPITAL EXTRANJERO,800010401150,RG15 - Retorno sobre Activos (ROA) antes Imp. de Gcias (%),1.98,P,2026,1,2026-01,indicad
AA123,BANCOS LOCALES DE CAPITAL EXTRANJERO,800010500010,"L1-Liquidez Tit c/cot, POS. CALL, LELIQ, LEFIs (netas) (%)",31.73,P,2026,1,2026-01,indicad
AA123,BANCOS LOCALES DE CAPITAL EXTRANJERO,800010500080,L8_II - Liquidez con títulos con cotiz (%),31.45,P,2026,1,2026-01,indicad
AA123,BANCOS LOCALES DE CAPITAL EXTRANJERO,800010500090,"L9 -Liq LELIQ, PASES y LEFIs (netos pases activos BCRA) (%)",29.15,P,2026,1,2026-01,indicad
AA124,BANCOS SUCURSALES ENTIDADES FINANCIERAS DEL EXTERIOR,800010100010,C1 - Apalancamiento (en veces),1.34,N,2026,1,2026-01,indicad
AA124,BANCOS SUCURSALES ENTIDADES FINANCIERAS DEL EXTERIOR,800010100020,C2 - Pérdida Potencial de Cartera en Situación 2 a 5 (%),-3.11,P,2026,1,2026-01,indicad
AA124,BANCOS SUCURSALES ENTIDADES FINANCIERAS DEL EXTERIOR,800010100030,C3 - Pérdida Potencial de Cartera en Situación 3 a 5 (%),-3.11,P,2026,1,2026-01,indicad
AA124,BANCOS SUCURSALES ENTIDADES FINANCIERAS DEL EXTERIOR,800010200090,A9 - Total Cartera Irregular / Total Financiaciones (%),0.0,P,2026,1,2026-01,indicad
AA124,BANCOS SUCURSALES ENTIDADES FINANCIERAS DEL EXTERIOR,800010200110,A11 - Cartera Irregular Sector Privado (%),0.0,P,2026,1,2026-01,indicad
AA124,BANCOS SUCURSALES ENTIDADES FINANCIERAS DEL EXTERIOR,800010200120,A12 - Participación Cartera Comercial Sector Privado (%),104.48,P,2026,1,2026-01,indicad
AA124,BANCOS SUCURSALES ENTIDADES FINANCIERAS DEL EXTERIOR,800010200130,A13 - Participación Cartera Consumo Sector Privado (%),0.0,P,2026,1,2026-01,indicad
AA124,BANCOS SUCURSALES ENTIDADES FINANCIERAS DEL EXTERIOR,800010200140,A14 - Previsiones sobre Cartera Irregular Total (%),4085269.22,P,2026,1,2026-01,indicad
AA124,BANCOS SUCURSALES ENTIDADES FINANCIERAS DEL EXTERIOR,800010200160,A16 - Cartera Irregular Consumo Sector Privado (%),3.03,P,2026,1,2026-01,indicad
AA124,BANCOS SUCURSALES ENTIDADES FINANCIERAS DEL EXTERIOR,800010200170,A17 - Cartera Irregular Comercial Sector Privado (%),0.0,P,2026,1,2026-01,indicad
AA124,BANCOS SUCURSALES ENTIDADES FINANCIERAS DEL EXTERIOR,800010200210,A21 - Posición de Previsiones Mín Sector Priv No Fciero (%),399.11,P,2026,1,2026-01,indicad
AA124,BANCOS SUCURSALES ENTIDADES FINANCIERAS DEL EXTERIOR,800010201030,AG3 - Importancia de Cartera Vencida del Sector Privado (%),0.0,P,2026,1,2026-01,indicad
AA124,BANCOS SUCURSALES ENTIDADES FINANCIERAS DEL EXTERIOR,800010201290,AG29 - Efectivo y Depósito en Bancos / Activo (%),20.44,P,2026,1,2026-01,indicad
AA124,BANCOS SUCURSALES ENTIDADES FINANCIERAS DEL EXTERIOR,800010300010,E1 - Absorción de Gastos de Ad. con Volúmen de Negocio (%),14.63,P,2026,1,2026-01,indicad
AA124,BANCOS SUCURSALES ENTIDADES FINANCIERAS DEL EXTERIOR,800010300020,E2 - Margen de Rentabilidad Operat./Gastos de Estructura (%),166.99,P,2026,1,2026-01,indicad
AA124,BANCOS SUCURSALES ENTIDADES FINANCIERAS DEL EXTERIOR,800010300040,E4 - Depósitos por Empleado (en millones de pesos),2155.47,N,2026,1,2026-01,indicad
AA124,BANCOS SUCURSALES ENTIDADES FINANCIERAS DEL EXTERIOR,800010300050,E5 - Financiaciones por Empleado (en millones de pesos),1085.44,N,2026,1,2026-01,indicad
AA124,BANCOS SUCURSALES ENTIDADES FINANCIERAS DEL EXTERIOR,800010400010,R1 - Rendimiento Anual del Patrimonio ( ROE) (%),8.02,P,2026,1,2026-01,indicad
AA124,BANCOS SUCURSALES ENTIDADES FINANCIERAS DEL EXTERIOR,800010400020,R2 - Rendimiento Ordinario del Patrimonio (%),37.2,P,2026,1,2026-01,indicad
AA124,BANCOS SUCURSALES ENTIDADES FINANCIERAS DEL EXTERIOR,800010400080,R8 - Tasa Implicita Préstamos Totales (%),40.26,P,2026,1,2026-01,indicad
AA124,BANCOS SUCURSALES ENTIDADES FINANCIERAS DEL EXTERIOR,800010400090,R9 - Tasa Implicita Depósitos Totales (%),2.34,P,2026,1,2026-01,indicad
AA124,BANCOS SUCURSALES ENTIDADES FINANCIERAS DEL EXTERIOR,800010400170,R17 - Gastos en Personal / Gastos de Administración (%),45.12,P,2026,1,2026-01,indicad
AA124,BANCOS SUCURSALES ENTIDADES FINANCIERAS DEL EXTERIOR,800010401010,RG1 - Retorno sobre Activos ( ROA) (%),3.32,P,2026,1,2026-01,indicad
AA124,BANCOS SUCURSALES ENTIDADES FINANCIERAS DEL EXTERIOR,800010401020,RG2_II - Margen Financiero en Términos de Activo (%),22.65,P,2026,1,2026-01,indicad
AA124,BANCOS SUCURSALES ENTIDADES FINANCIERAS DEL EXTERIOR,800010401030,RG3 - Cargos por Incobrabilidad / Activo  (%),-0.19,P,2026,1,2026-01,indicad
AA124,BANCOS SUCURSALES ENTIDADES FINANCIERAS DEL EXTERIOR,800010401040,RG4_II - Resultados por Servicios / Activo (%),3.47,P,2026,1,2026-01,indicad
AA124,BANCOS SUCURSALES ENTIDADES FINANCIERAS DEL EXTERIOR,800010401050,RG5 - Gastos de Administración / Activo  (%),-9.22,P,2026,1,2026-01,indicad
AA124,BANCOS SUCURSALES ENTIDADES FINANCIERAS DEL EXTERIOR,800010401150,RG15 - Retorno sobre Activos (ROA) antes Imp. de Gcias (%),5.44,P,2026,1,2026-01,indicad
AA124,BANCOS SUCURSALES ENTIDADES FINANCIERAS DEL EXTERIOR,800010500010,"L1-Liquidez Tit c/cot, POS. CALL, LELIQ, LEFIs (netas) (%)",110.19,P,2026,1,2026-01,indicad
AA124,BANCOS SUCURSALES ENTIDADES FINANCIERAS DEL EXTERIOR,800010500080,L8_II - Liquidez con títulos con cotiz (%),114.92,P,2026,1,2026-01,indicad
AA124,BANCOS SUCURSALES ENTIDADES FINANCIERAS DEL EXTERIOR,800010500090,"L9 -Liq LELIQ, PASES y LEFIs (netos pases activos BCRA) (%)",60.18,P,2026,1,2026-01,indicad
AA200,COMPAÑÍAS FINANCIERAS,800010100010,C1 - Apalancamiento (en veces),6.65,N,2026,1,2026-01,indicad
AA200,COMPAÑÍAS FINANCIERAS,800010100020,C2 - Pérdida Potencial de Cartera en Situación 2 a 5 (%),25.94,P,2026,1,2026-01,indicad
AA200,COMPAÑÍAS FINANCIERAS,800010100030,C3 - Pérdida Potencial de Cartera en Situación 3 a 5 (%),5.71,P,2026,1,2026-01,indicad
AA200,COMPAÑÍAS FINANCIERAS,800010200090,A9 - Total Cartera Irregular / Total Financiaciones (%),5.73,P,2026,1,2026-01,indicad
AA200,COMPAÑÍAS FINANCIERAS,800010200110,A11 - Cartera Irregular Sector Privado (%),5.92,P,2026,1,2026-01,indicad
AA200,COMPAÑÍAS FINANCIERAS,800010200120,A12 - Participación Cartera Comercial Sector Privado (%),34.93,P,2026,1,2026-01,indicad
AA200,COMPAÑÍAS FINANCIERAS,800010200130,A13 - Participación Cartera Consumo Sector Privado (%),65.07,P,2026,1,2026-01,indicad
AA200,COMPAÑÍAS FINANCIERAS,800010200140,A14 - Previsiones sobre Cartera Irregular Total (%),84.15,P,2026,1,2026-01,indicad
AA200,COMPAÑÍAS FINANCIERAS,800010200160,A16 - Cartera Irregular Consumo Sector Privado (%),7.48,P,2026,1,2026-01,indicad
AA200,COMPAÑÍAS FINANCIERAS,800010200170,A17 - Cartera Irregular Comercial Sector Privado (%),3.03,P,2026,1,2026-01,indicad
AA200,COMPAÑÍAS FINANCIERAS,800010200210,A21 - Posición de Previsiones Mín Sector Priv No Fciero (%),24.92,P,2026,1,2026-01,indicad
AA200,COMPAÑÍAS FINANCIERAS,800010201030,AG3 - Importancia de Cartera Vencida del Sector Privado (%),4.4,P,2026,1,2026-01,indicad
AA200,COMPAÑÍAS FINANCIERAS,800010201290,AG29 - Efectivo y Depósito en Bancos / Activo (%),6.87,P,2026,1,2026-01,indicad
AA200,COMPAÑÍAS FINANCIERAS,800010300010,E1 - Absorción de Gastos de Ad. con Volúmen de Negocio (%),4.02,P,2026,1,2026-01,indicad
AA200,COMPAÑÍAS FINANCIERAS,800010300020,E2 - Margen de Rentabilidad Operat./Gastos de Estructura (%),162.65,P,2026,1,2026-01,indicad
AA200,COMPAÑÍAS FINANCIERAS,800010300040,E4 - Depósitos por Empleado (en millones de pesos),1906.95,N,2026,1,2026-01,indicad
AA200,COMPAÑÍAS FINANCIERAS,800010300050,E5 - Financiaciones por Empleado (en millones de pesos),3105.26,N,2026,1,2026-01,indicad
AA200,COMPAÑÍAS FINANCIERAS,800010400010,R1 - Rendimiento Anual del Patrimonio ( ROE) (%),30.71,P,2026,1,2026-01,indicad
AA200,COMPAÑÍAS FINANCIERAS,800010400020,R2 - Rendimiento Ordinario del Patrimonio (%),66.46,P,2026,1,2026-01,indicad
AA200,COMPAÑÍAS FINANCIERAS,800010400080,R8 - Tasa Implicita Préstamos Totales (%),52.35,P,2026,1,2026-01,indicad
AA200,COMPAÑÍAS FINANCIERAS,800010400090,R9 - Tasa Implicita Depósitos Totales (%),25.69,P,2026,1,2026-01,indicad
AA200,COMPAÑÍAS FINANCIERAS,800010400170,R17 - Gastos en Personal / Gastos de Administración (%),33.8,P,2026,1,2026-01,indicad
AA200,COMPAÑÍAS FINANCIERAS,800010401010,RG1 - Retorno sobre Activos ( ROA) (%),3.52,P,2026,1,2026-01,indicad
AA200,COMPAÑÍAS FINANCIERAS,800010401020,RG2_II - Margen Financiero en Términos de Activo (%),21.03,P,2026,1,2026-01,indicad
AA200,COMPAÑÍAS FINANCIERAS,800010401030,RG3 - Cargos por Incobrabilidad / Activo  (%),-6.33,P,2026,1,2026-01,indicad
AA200,COMPAÑÍAS FINANCIERAS,800010401040,RG4_II - Resultados por Servicios / Activo (%),1.07,P,2026,1,2026-01,indicad
AA200,COMPAÑÍAS FINANCIERAS,800010401050,RG5 - Gastos de Administración / Activo  (%),-4.68,P,2026,1,2026-01,indicad
AA200,COMPAÑÍAS FINANCIERAS,800010401150,RG15 - Retorno sobre Activos (ROA) antes Imp. de Gcias (%),5.49,P,2026,1,2026-01,indicad
AA200,COMPAÑÍAS FINANCIERAS,800010500010,"L1-Liquidez Tit c/cot, POS. CALL, LELIQ, LEFIs (netas) (%)",21.54,P,2026,1,2026-01,indicad
AA200,COMPAÑÍAS FINANCIERAS,800010500080,L8_II - Liquidez con títulos con cotiz (%),16.73,P,2026,1,2026-01,indicad
AA200,COMPAÑÍAS FINANCIERAS,800010500090,"L9 -Liq LELIQ, PASES y LEFIs (netos pases activos BCRA) (%)",27.64,P,2026,1,2026-01,indicad
AA210,COMPAÑÍAS FINANCIERAS DE CAPITAL NACIONAL,800010100010,C1 - Apalancamiento (en veces),7.18,N,2026,1,2026-01,indicad
AA210,COMPAÑÍAS FINANCIERAS DE CAPITAL NACIONAL,800010100020,C2 - Pérdida Potencial de Cartera en Situación 2 a 5 (%),25.42,P,2026,1,2026-01,indicad
AA210,COMPAÑÍAS FINANCIERAS DE CAPITAL NACIONAL,800010100030,C3 - Pérdida Potencial de Cartera en Situación 3 a 5 (%),0.29,P,2026,1,2026-01,indicad
AA210,COMPAÑÍAS FINANCIERAS DE CAPITAL NACIONAL,800010200090,A9 - Total Cartera Irregular / Total Financiaciones (%),13.11,P,2026,1,2026-01,indicad
AA210,COMPAÑÍAS FINANCIERAS DE CAPITAL NACIONAL,800010200110,A11 - Cartera Irregular Sector Privado (%),13.42,P,2026,1,2026-01,indicad
AA210,COMPAÑÍAS FINANCIERAS DE CAPITAL NACIONAL,800010200120,A12 - Participación Cartera Comercial Sector Privado (%),5.07,P,2026,1,2026-01,indicad
AA210,COMPAÑÍAS FINANCIERAS DE CAPITAL NACIONAL,800010200130,A13 - Participación Cartera Consumo Sector Privado (%),94.93,P,2026,1,2026-01,indicad
AA210,COMPAÑÍAS FINANCIERAS DE CAPITAL NACIONAL,800010200140,A14 - Previsiones sobre Cartera Irregular Total (%),99.51,P,2026,1,2026-01,indicad
AA210,COMPAÑÍAS FINANCIERAS DE CAPITAL NACIONAL,800010200160,A16 - Cartera Irregular Consumo Sector Privado (%),14.03,P,2026,1,2026-01,indicad
AA210,COMPAÑÍAS FINANCIERAS DE CAPITAL NACIONAL,800010200170,A17 - Cartera Irregular Comercial Sector Privado (%),2.0,P,2026,1,2026-01,indicad
AA210,COMPAÑÍAS FINANCIERAS DE CAPITAL NACIONAL,800010200210,A21 - Posición de Previsiones Mín Sector Priv No Fciero (%),48.99,P,2026,1,2026-01,indicad
AA210,COMPAÑÍAS FINANCIERAS DE CAPITAL NACIONAL,800010201030,AG3 - Importancia de Cartera Vencida del Sector Privado (%),10.57,P,2026,1,2026-01,indicad
AA210,COMPAÑÍAS FINANCIERAS DE CAPITAL NACIONAL,800010201290,AG29 - Efectivo y Depósito en Bancos / Activo (%),7.36,P,2026,1,2026-01,indicad
AA210,COMPAÑÍAS FINANCIERAS DE CAPITAL NACIONAL,800010300010,E1 - Absorción de Gastos de Ad. con Volúmen de Negocio (%),4.42,P,2026,1,2026-01,indicad
AA210,COMPAÑÍAS FINANCIERAS DE CAPITAL NACIONAL,800010300020,E2 - Margen de Rentabilidad Operat./Gastos de Estructura (%),117.5,P,2026,1,2026-01,indicad
AA210,COMPAÑÍAS FINANCIERAS DE CAPITAL NACIONAL,800010300040,E4 - Depósitos por Empleado (en millones de pesos),2670.51,N,2026,1,2026-01,indicad
AA210,COMPAÑÍAS FINANCIERAS DE CAPITAL NACIONAL,800010300050,E5 - Financiaciones por Empleado (en millones de pesos),1264.09,N,2026,1,2026-01,indicad
AA210,COMPAÑÍAS FINANCIERAS DE CAPITAL NACIONAL,800010400010,R1 - Rendimiento Anual del Patrimonio ( ROE) (%),38.8,P,2026,1,2026-01,indicad
AA210,COMPAÑÍAS FINANCIERAS DE CAPITAL NACIONAL,800010400020,R2 - Rendimiento Ordinario del Patrimonio (%),74.92,P,2026,1,2026-01,indicad
AA210,COMPAÑÍAS FINANCIERAS DE CAPITAL NACIONAL,800010400080,R8 - Tasa Implicita Préstamos Totales (%),83.75,P,2026,1,2026-01,indicad
AA210,COMPAÑÍAS FINANCIERAS DE CAPITAL NACIONAL,800010400090,R9 - Tasa Implicita Depósitos Totales (%),25.66,P,2026,1,2026-01,indicad
AA210,COMPAÑÍAS FINANCIERAS DE CAPITAL NACIONAL,800010400170,R17 - Gastos en Personal / Gastos de Administración (%),29.56,P,2026,1,2026-01,indicad
AA210,COMPAÑÍAS FINANCIERAS DE CAPITAL NACIONAL,800010401010,RG1 - Retorno sobre Activos ( ROA) (%),3.37,P,2026,1,2026-01,indicad
AA210,COMPAÑÍAS FINANCIERAS DE CAPITAL NACIONAL,800010401020,RG2_II - Margen Financiero en Términos de Activo (%),27.19,P,2026,1,2026-01,indicad
AA210,COMPAÑÍAS FINANCIERAS DE CAPITAL NACIONAL,800010401030,RG3 - Cargos por Incobrabilidad / Activo  (%),-10.88,P,2026,1,2026-01,indicad
AA210,COMPAÑÍAS FINANCIERAS DE CAPITAL NACIONAL,800010401040,RG4_II - Resultados por Servicios / Activo (%),-0.94,P,2026,1,2026-01,indicad
AA210,COMPAÑÍAS FINANCIERAS DE CAPITAL NACIONAL,800010401050,RG5 - Gastos de Administración / Activo  (%),-5.53,P,2026,1,2026-01,indicad
AA210,COMPAÑÍAS FINANCIERAS DE CAPITAL NACIONAL,800010401150,RG15 - Retorno sobre Activos (ROA) antes Imp. de Gcias (%),5.31,P,2026,1,2026-01,indicad
AA210,COMPAÑÍAS FINANCIERAS DE CAPITAL NACIONAL,800010500010,"L1-Liquidez Tit c/cot, POS. CALL, LELIQ, LEFIs (netas) (%)",9.31,P,2026,1,2026-01,indicad
AA210,COMPAÑÍAS FINANCIERAS DE CAPITAL NACIONAL,800010500080,L8_II - Liquidez con títulos con cotiz (%),8.01,P,2026,1,2026-01,indicad
AA210,COMPAÑÍAS FINANCIERAS DE CAPITAL NACIONAL,800010500090,"L9 -Liq LELIQ, PASES y LEFIs (netos pases activos BCRA) (%)",19.57,P,2026,1,2026-01,indicad
AA220,COMPAÑÍAS FINANCIERAS  DE CAPITAL EXTRANJERO,800010100010,C1 - Apalancamiento (en veces),6.27,N,2026,1,2026-01,indicad
AA220,COMPAÑÍAS FINANCIERAS  DE CAPITAL EXTRANJERO,800010100020,C2 - Pérdida Potencial de Cartera en Situación 2 a 5 (%),26.32,P,2026,1,2026-01,indicad
AA220,COMPAÑÍAS FINANCIERAS  DE CAPITAL EXTRANJERO,800010100030,C3 - Pérdida Potencial de Cartera en Situación 3 a 5 (%),9.79,P,2026,1,2026-01,indicad
AA220,COMPAÑÍAS FINANCIERAS  DE CAPITAL EXTRANJERO,800010200090,A9 - Total Cartera Irregular / Total Financiaciones (%),2.46,P,2026,1,2026-01,indicad
AA220,COMPAÑÍAS FINANCIERAS  DE CAPITAL EXTRANJERO,800010200110,A11 - Cartera Irregular Sector Privado (%),2.56,P,2026,1,2026-01,indicad
AA220,COMPAÑÍAS FINANCIERAS  DE CAPITAL EXTRANJERO,800010200120,A12 - Participación Cartera Comercial Sector Privado (%),48.35,P,2026,1,2026-01,indicad
AA220,COMPAÑÍAS FINANCIERAS  DE CAPITAL EXTRANJERO,800010200130,A13 - Participación Cartera Consumo Sector Privado (%),51.65,P,2026,1,2026-01,indicad
AA220,COMPAÑÍAS FINANCIERAS  DE CAPITAL EXTRANJERO,800010200140,A14 - Previsiones sobre Cartera Irregular Total (%),47.95,P,2026,1,2026-01,indicad
AA220,COMPAÑÍAS FINANCIERAS  DE CAPITAL EXTRANJERO,800010200160,A16 - Cartera Irregular Consumo Sector Privado (%),2.07,P,2026,1,2026-01,indicad
AA220,COMPAÑÍAS FINANCIERAS  DE CAPITAL EXTRANJERO,800010200170,A17 - Cartera Irregular Comercial Sector Privado (%),3.07,P,2026,1,2026-01,indicad
AA220,COMPAÑÍAS FINANCIERAS  DE CAPITAL EXTRANJERO,800010200210,A21 - Posición de Previsiones Mín Sector Priv No Fciero (%),-30.27,P,2026,1,2026-01,indicad
AA220,COMPAÑÍAS FINANCIERAS  DE CAPITAL EXTRANJERO,800010201030,AG3 - Importancia de Cartera Vencida del Sector Privado (%),1.63,P,2026,1,2026-01,indicad
AA220,COMPAÑÍAS FINANCIERAS  DE CAPITAL EXTRANJERO,800010201290,AG29 - Efectivo y Depósito en Bancos / Activo (%),6.47,P,2026,1,2026-01,indicad
AA220,COMPAÑÍAS FINANCIERAS  DE CAPITAL EXTRANJERO,800010300010,E1 - Absorción de Gastos de Ad. con Volúmen de Negocio (%),3.52,P,2026,1,2026-01,indicad
AA220,COMPAÑÍAS FINANCIERAS  DE CAPITAL EXTRANJERO,800010300020,E2 - Margen de Rentabilidad Operat./Gastos de Estructura (%),232.23,P,2026,1,2026-01,indicad
AA220,COMPAÑÍAS FINANCIERAS  DE CAPITAL EXTRANJERO,800010300040,E4 - Depósitos por Empleado (en millones de pesos),108.12,N,2026,1,2026-01,indicad
AA220,COMPAÑÍAS FINANCIERAS  DE CAPITAL EXTRANJERO,800010300050,E5 - Financiaciones por Empleado (en millones de pesos),7442.77,N,2026,1,2026-01,indicad
AA220,COMPAÑÍAS FINANCIERAS  DE CAPITAL EXTRANJERO,800010400010,R1 - Rendimiento Anual del Patrimonio ( ROE) (%),25.56,P,2026,1,2026-01,indicad
AA220,COMPAÑÍAS FINANCIERAS  DE CAPITAL EXTRANJERO,800010400020,R2 - Rendimiento Ordinario del Patrimonio (%),61.09,P,2026,1,2026-01,indicad
AA220,COMPAÑÍAS FINANCIERAS  DE CAPITAL EXTRANJERO,800010400080,R8 - Tasa Implicita Préstamos Totales (%),38.46,P,2026,1,2026-01,indicad
AA220,COMPAÑÍAS FINANCIERAS  DE CAPITAL EXTRANJERO,800010400090,R9 - Tasa Implicita Depósitos Totales (%),27.24,P,2026,1,2026-01,indicad
AA220,COMPAÑÍAS FINANCIERAS  DE CAPITAL EXTRANJERO,800010400170,R17 - Gastos en Personal / Gastos de Administración (%),40.34,P,2026,1,2026-01,indicad
AA220,COMPAÑÍAS FINANCIERAS  DE CAPITAL EXTRANJERO,800010401010,RG1 - Retorno sobre Activos ( ROA) (%),3.68,P,2026,1,2026-01,indicad
AA220,COMPAÑÍAS FINANCIERAS  DE CAPITAL EXTRANJERO,800010401020,RG2_II - Margen Financiero en Términos de Activo (%),14.53,P,2026,1,2026-01,indicad
AA220,COMPAÑÍAS FINANCIERAS  DE CAPITAL EXTRANJERO,800010401030,RG3 - Cargos por Incobrabilidad / Activo  (%),-1.52,P,2026,1,2026-01,indicad
AA220,COMPAÑÍAS FINANCIERAS  DE CAPITAL EXTRANJERO,800010401040,RG4_II - Resultados por Servicios / Activo (%),3.19,P,2026,1,2026-01,indicad
AA220,COMPAÑÍAS FINANCIERAS  DE CAPITAL EXTRANJERO,800010401050,RG5 - Gastos de Administración / Activo  (%),-3.79,P,2026,1,2026-01,indicad
AA220,COMPAÑÍAS FINANCIERAS  DE CAPITAL EXTRANJERO,800010401150,RG15 - Retorno sobre Activos (ROA) antes Imp. de Gcias (%),5.67,P,2026,1,2026-01,indicad
AA220,COMPAÑÍAS FINANCIERAS  DE CAPITAL EXTRANJERO,800010500010,"L1-Liquidez Tit c/cot, POS. CALL, LELIQ, LEFIs (netas) (%)",187.81,P,2026,1,2026-01,indicad
AA220,COMPAÑÍAS FINANCIERAS  DE CAPITAL EXTRANJERO,800010500080,L8_II - Liquidez con títulos con cotiz (%),480.67,P,2026,1,2026-01,indicad
AA220,COMPAÑÍAS FINANCIERAS  DE CAPITAL EXTRANJERO,800010500090,"L9 -Liq LELIQ, PASES y LEFIs (netos pases activos BCRA) (%)",456.74,P,2026,1,2026-01,indicad
AA910,10 PRIMEROS BANCOS PRIVADOS,800010100010,C1 - Apalancamiento (en veces),4.03,N,2026,1,2026-01,indicad
AA910,10 PRIMEROS BANCOS PRIVADOS,800010100020,C2 - Pérdida Potencial de Cartera en Situación 2 a 5 (%),8.15,P,2026,1,2026-01,indicad
AA910,10 PRIMEROS BANCOS PRIVADOS,800010100030,C3 - Pérdida Potencial de Cartera en Situación 3 a 5 (%),1.0,P,2026,1,2026-01,indicad
AA910,10 PRIMEROS BANCOS PRIVADOS,800010200090,A9 - Total Cartera Irregular / Total Financiaciones (%),5.75,P,2026,1,2026-01,indicad
AA910,10 PRIMEROS BANCOS PRIVADOS,800010200110,A11 - Cartera Irregular Sector Privado (%),5.94,P,2026,1,2026-01,indicad
AA910,10 PRIMEROS BANCOS PRIVADOS,800010200120,A12 - Participación Cartera Comercial Sector Privado (%),59.79,P,2026,1,2026-01,indicad
AA910,10 PRIMEROS BANCOS PRIVADOS,800010200130,A13 - Participación Cartera Consumo Sector Privado (%),40.31,P,2026,1,2026-01,indicad
AA910,10 PRIMEROS BANCOS PRIVADOS,800010200140,A14 - Previsiones sobre Cartera Irregular Total (%),93.89,P,2026,1,2026-01,indicad
AA910,10 PRIMEROS BANCOS PRIVADOS,800010200160,A16 - Cartera Irregular Consumo Sector Privado (%),11.64,P,2026,1,2026-01,indicad
AA910,10 PRIMEROS BANCOS PRIVADOS,800010200170,A17 - Cartera Irregular Comercial Sector Privado (%),2.08,P,2026,1,2026-01,indicad
AA910,10 PRIMEROS BANCOS PRIVADOS,800010200210,A21 - Posición de Previsiones Mín Sector Priv No Fciero (%),63.01,P,2026,1,2026-01,indicad
AA910,10 PRIMEROS BANCOS PRIVADOS,800010201030,AG3 - Importancia de Cartera Vencida del Sector Privado (%),3.97,P,2026,1,2026-01,indicad
AA910,10 PRIMEROS BANCOS PRIVADOS,800010201290,AG29 - Efectivo y Depósito en Bancos / Activo (%),20.53,P,2026,1,2026-01,indicad
AA910,10 PRIMEROS BANCOS PRIVADOS,800010300010,E1 - Absorción de Gastos de Ad. con Volúmen de Negocio (%),5.81,P,2026,1,2026-01,indicad
AA910,10 PRIMEROS BANCOS PRIVADOS,800010300020,E2 - Margen de Rentabilidad Operat./Gastos de Estructura (%),67.05,P,2026,1,2026-01,indicad
AA910,10 PRIMEROS BANCOS PRIVADOS,800010300040,E4 - Depósitos por Empleado (en millones de pesos),2356.75,N,2026,1,2026-01,indicad
AA910,10 PRIMEROS BANCOS PRIVADOS,800010300050,E5 - Financiaciones por Empleado (en millones de pesos),1689.85,N,2026,1,2026-01,indicad
AA910,10 PRIMEROS BANCOS PRIVADOS,800010400010,R1 - Rendimiento Anual del Patrimonio ( ROE) (%),2.2,P,2026,1,2026-01,indicad
AA910,10 PRIMEROS BANCOS PRIVADOS,800010400020,R2 - Rendimiento Ordinario del Patrimonio (%),22.33,P,2026,1,2026-01,indicad
AA910,10 PRIMEROS BANCOS PRIVADOS,800010400080,R8 - Tasa Implicita Préstamos Totales (%),34.38,P,2026,1,2026-01,indicad
AA910,10 PRIMEROS BANCOS PRIVADOS,800010400090,R9 - Tasa Implicita Depósitos Totales (%),14.09,P,2026,1,2026-01,indicad
AA910,10 PRIMEROS BANCOS PRIVADOS,800010400170,R17 - Gastos en Personal / Gastos de Administración (%),47.66,P,2026,1,2026-01,indicad
AA910,10 PRIMEROS BANCOS PRIVADOS,800010401010,RG1 - Retorno sobre Activos ( ROA) (%),0.45,P,2026,1,2026-01,indicad
AA910,10 PRIMEROS BANCOS PRIVADOS,800010401020,RG2_II - Margen Financiero en Términos de Activo (%),14.44,P,2026,1,2026-01,indicad
AA910,10 PRIMEROS BANCOS PRIVADOS,800010401030,RG3 - Cargos por Incobrabilidad / Activo  (%),-3.73,P,2026,1,2026-01,indicad
AA910,10 PRIMEROS BANCOS PRIVADOS,800010401040,RG4_II - Resultados por Servicios / Activo (%),2.62,P,2026,1,2026-01,indicad
AA910,10 PRIMEROS BANCOS PRIVADOS,800010401050,RG5 - Gastos de Administración / Activo  (%),-6.77,P,2026,1,2026-01,indicad
AA910,10 PRIMEROS BANCOS PRIVADOS,800010401150,RG15 - Retorno sobre Activos (ROA) antes Imp. de Gcias (%),0.89,P,2026,1,2026-01,indicad
AA910,10 PRIMEROS BANCOS PRIVADOS,800010500010,"L1-Liquidez Tit c/cot, POS. CALL, LELIQ, LEFIs (netas) (%)",35.95,P,2026,1,2026-01,indicad
AA910,10 PRIMEROS BANCOS PRIVADOS,800010500080,L8_II - Liquidez con títulos con cotiz (%),35.54,P,2026,1,2026-01,indicad
AA910,10 PRIMEROS BANCOS PRIVADOS,800010500090,"L9 -Liq LELIQ, PASES y LEFIs (netos pases activos BCRA) (%)",31.42,P,2026,1,2026-01,indicad
00007,BANCO DE GALICIA Y BUENOS AIRES S.A.,310000000033,Cantidad de cuentas corrientes,663924.0,N,2026,1,2026-01,inf_adi
00007,BANCO DE GALICIA Y BUENOS AIRES S.A.,310000000043,Cantidad de cuentas de ahorro,10084506.0,N,2026,1,2026-01,inf_adi
00007,BANCO DE GALICIA Y BUENOS AIRES S.A.,310000000044,Cantidad de cajas de ahorro de ayuda social,79206.0,N,2026,1,2026-01,inf_adi
00007,BANCO DE GALICIA Y BUENOS AIRES S.A.,310000000045,Cantidad de cuentas previsionales,315419.0,N,2026,1,2026-01,inf_adi
00007,BANCO DE GALICIA Y BUENOS AIRES S.A.,310000000051,Cantidad de operaciones a plazo fijo Individuos,496239.0,N,2026,1,2026-01,inf_adi
00007,BANCO DE GALICIA Y BUENOS AIRES S.A.,310000000052,Cantidad de operaciones a plazo fijo Empresas,14107.0,N,2026,1,2026-01,inf_adi
00007,BANCO DE GALICIA Y BUENOS AIRES S.A.,310000000063,Cantidad de operaciones por préstamos hipotecarios,7131.0,N,2026,1,2026-01,inf_adi
00007,BANCO DE GALICIA Y BUENOS AIRES S.A.,310000000064,Cantidad de operaciones por préstamos prendarios,22820.0,N,2026,1,2026-01,inf_adi
00007,BANCO DE GALICIA Y BUENOS AIRES S.A.,310000000065,Cantidad de operaciones por otros préstamos,5873629.0,N,2026,1,2026-01,inf_adi
00007,BANCO DE GALICIA Y BUENOS AIRES S.A.,310000000070,Dotación de personal,6302.0,N,2026,1,2026-01,inf_adi
00007,BANCO DE GALICIA Y BUENOS AIRES S.A.,312100000011,Cantidad de titulares por tarjetas de crédito,3511027.0,N,2026,1,2026-01,inf_adi
00007,BANCO DE GALICIA Y BUENOS AIRES S.A.,312100000012,Cantidad de tarjetas de crédito (plásticos),5014189.0,N,2026,1,2026-01,inf_adi
00007,BANCO DE GALICIA Y BUENOS AIRES S.A.,318000100002,Cantidad de tarjetas de débito,7286249.0,N,2026,1,2026-01,inf_adi
00007,BANCO DE GALICIA Y BUENOS AIRES S.A.,400100001000,Cantidad de Cuentas,1608295.0,N,2026,1,2026-01,inf_adi
00007,BANCO DE GALICIA Y BUENOS AIRES S.A.,400100002000,Cantidad de Empresas,273161.0,N,2026,1,2026-01,inf_adi
00011,BANCO DE LA NACION ARGENTINA,310000000033,Cantidad de cuentas corrientes,368598.0,N,2026,1,2026-01,inf_adi
00011,BANCO DE LA NACION ARGENTINA,310000000043,Cantidad de cuentas de ahorro,21191133.0,N,2026,1,2026-01,inf_adi
00011,BANCO DE LA NACION ARGENTINA,310000000044,Cantidad de cajas de ahorro de ayuda social,7370931.0,N,2026,1,2026-01,inf_adi
00011,BANCO DE LA NACION ARGENTINA,310000000045,Cantidad de cuentas previsionales,5174830.0,N,2026,1,2026-01,inf_adi
00011,BANCO DE LA NACION ARGENTINA,310000000051,Cantidad de operaciones a plazo fijo Individuos,947888.0,N,2026,1,2026-01,inf_adi
00011,BANCO DE LA NACION ARGENTINA,310000000052,Cantidad de operaciones a plazo fijo Empresas,66977.0,N,2026,1,2026-01,inf_adi
00011,BANCO DE LA NACION ARGENTINA,310000000063,Cantidad de operaciones por préstamos hipotecarios,81696.0,N,2026,1,2026-01,inf_adi
00011,BANCO DE LA NACION ARGENTINA,310000000064,Cantidad de operaciones por préstamos prendarios,17198.0,N,2026,1,2026-01,inf_adi
00011,BANCO DE LA NACION ARGENTINA,310000000065,Cantidad de operaciones por otros préstamos,5517004.0,N,2026,1,2026-01,inf_adi
00011,BANCO DE LA NACION ARGENTINA,310000000070,Dotación de personal,15405.0,N,2026,1,2026-01,inf_adi
00011,BANCO DE LA NACION ARGENTINA,312100000011,Cantidad de titulares por tarjetas de crédito,2654471.0,N,2026,1,2026-01,inf_adi
00011,BANCO DE LA NACION ARGENTINA,312100000012,Cantidad de tarjetas de crédito (plásticos),5868760.0,N,2026,1,2026-01,inf_adi
00011,BANCO DE LA NACION ARGENTINA,318000100002,Cantidad de tarjetas de débito,21005564.0,N,2026,1,2026-01,inf_adi
00011,BANCO DE LA NACION ARGENTINA,400100001000,Cantidad de Cuentas,1107343.0,N,2026,1,2026-01,inf_adi
00011,BANCO DE LA NACION ARGENTINA,400100002000,Cantidad de Empresas,37158.0,N,2026,1,2026-01,inf_adi
00014,BANCO DE LA PROVINCIA DE BUENOS AIRES,310000000033,Cantidad de cuentas corrientes,1227438.0,N,2026,1,2026-01,inf_adi
00014,BANCO DE LA PROVINCIA DE BUENOS AIRES,310000000043,Cantidad de cuentas de ahorro,12456724.0,N,2026,1,2026-01,inf_adi
00014,BANCO DE LA PROVINCIA DE BUENOS AIRES,310000000044,Cantidad de cajas de ahorro de ayuda social,1183769.0,N,2026,1,2026-01,inf_adi
00014,BANCO DE LA PROVINCIA DE BUENOS AIRES,310000000045,Cantidad de cuentas previsionales,1251531.0,N,2026,1,2026-01,inf_adi
00014,BANCO DE LA PROVINCIA DE BUENOS AIRES,310000000051,Cantidad de operaciones a plazo fijo Individuos,449728.0,N,2026,1,2026-01,inf_adi
00014,BANCO DE LA PROVINCIA DE BUENOS AIRES,310000000052,Cantidad de operaciones a plazo fijo Empresas,50519.0,N,2026,1,2026-01,inf_adi
00014,BANCO DE LA PROVINCIA DE BUENOS AIRES,310000000063,Cantidad de operaciones por préstamos hipotecarios,23499.0,N,2026,1,2026-01,inf_adi
00014,BANCO DE LA PROVINCIA DE BUENOS AIRES,310000000064,Cantidad de operaciones por préstamos prendarios,4765.0,N,2026,1,2026-01,inf_adi
00014,BANCO DE LA PROVINCIA DE BUENOS AIRES,310000000065,Cantidad de operaciones por otros préstamos,5655930.0,N,2026,1,2026-01,inf_adi
00014,BANCO DE LA PROVINCIA DE BUENOS AIRES,310000000070,Dotación de personal,10093.0,N,2026,1,2026-01,inf_adi
00014,BANCO DE LA PROVINCIA DE BUENOS AIRES,312100000011,Cantidad de titulares por tarjetas de crédito,2276381.0,N,2026,1,2026-01,inf_adi
00014,BANCO DE LA PROVINCIA DE BUENOS AIRES,312100000012,Cantidad de tarjetas de crédito (plásticos),5112856.0,N,2026,1,2026-01,inf_adi
00014,BANCO DE LA PROVINCIA DE BUENOS AIRES,318000100002,Cantidad de tarjetas de débito,11543252.0,N,2026,1,2026-01,inf_adi
00014,BANCO DE LA PROVINCIA DE BUENOS AIRES,400100001000,Cantidad de Cuentas,1250576.0,N,2026,1,2026-01,inf_adi
00014,BANCO DE LA PROVINCIA DE BUENOS AIRES,400100002000,Cantidad de Empresas,21103.0,N,2026,1,2026-01,inf_adi
00015,INDUSTRIAL AND COMMERCIAL BANK OF CHINA (ARGENTINA) S.A.U.,310000000033,Cantidad de cuentas corrientes,142138.0,N,2026,1,2026-01,inf_adi
00015,INDUSTRIAL AND COMMERCIAL BANK OF CHINA (ARGENTINA) S.A.U.,310000000043,Cantidad de cuentas de ahorro,1962551.0,N,2026,1,2026-01,inf_adi
00015,INDUSTRIAL AND COMMERCIAL BANK OF CHINA (ARGENTINA) S.A.U.,310000000044,Cantidad de cajas de ahorro de ayuda social,0.0,N,2026,1,2026-01,inf_adi
00015,INDUSTRIAL AND COMMERCIAL BANK OF CHINA (ARGENTINA) S.A.U.,310000000045,Cantidad de cuentas previsionales,0.0,N,2026,1,2026-01,inf_adi
00015,INDUSTRIAL AND COMMERCIAL BANK OF CHINA (ARGENTINA) S.A.U.,310000000051,Cantidad de operaciones a plazo fijo Individuos,0.0,N,2026,1,2026-01,inf_adi
00015,INDUSTRIAL AND COMMERCIAL BANK OF CHINA (ARGENTINA) S.A.U.,310000000052,Cantidad de operaciones a plazo fijo Empresas,0.0,N,2026,1,2026-01,inf_adi
00015,INDUSTRIAL AND COMMERCIAL BANK OF CHINA (ARGENTINA) S.A.U.,310000000063,Cantidad de operaciones por préstamos hipotecarios,0.0,N,2026,1,2026-01,inf_adi
00015,INDUSTRIAL AND COMMERCIAL BANK OF CHINA (ARGENTINA) S.A.U.,310000000064,Cantidad de operaciones por préstamos prendarios,0.0,N,2026,1,2026-01,inf_adi
00015,INDUSTRIAL AND COMMERCIAL BANK OF CHINA (ARGENTINA) S.A.U.,310000000065,Cantidad de operaciones por otros préstamos,0.0,N,2026,1,2026-01,inf_adi
00015,INDUSTRIAL AND COMMERCIAL BANK OF CHINA (ARGENTINA) S.A.U.,310000000070,Dotación de personal,0.0,N,2026,1,2026-01,inf_adi
00015,INDUSTRIAL AND COMMERCIAL BANK OF CHINA (ARGENTINA) S.A.U.,312100000011,Cantidad de titulares por tarjetas de crédito,0.0,N,2026,1,2026-01,inf_adi
00015,INDUSTRIAL AND COMMERCIAL BANK OF CHINA (ARGENTINA) S.A.U.,312100000012,Cantidad de tarjetas de crédito (plásticos),0.0,N,2026,1,2026-01,inf_adi
00015,INDUSTRIAL AND COMMERCIAL BANK OF CHINA (ARGENTINA) S.A.U.,318000100002,Cantidad de tarjetas de débito,0.0,N,2026,1,2026-01,inf_adi
00015,INDUSTRIAL AND COMMERCIAL BANK OF CHINA (ARGENTINA) S.A.U.,400100001000,Cantidad de Cuentas,178078.0,N,2026,1,2026-01,inf_adi
00015,INDUSTRIAL AND COMMERCIAL BANK OF CHINA (ARGENTINA) S.A.U.,400100002000,Cantidad de Empresas,12282.0,N,2026,1,2026-01,inf_adi
00016,CITIBANK N.A.,310000000033,Cantidad de cuentas corrientes,2047.0,N,2026,1,2026-01,inf_adi
00016,CITIBANK N.A.,310000000043,Cantidad de cuentas de ahorro,730.0,N,2026,1,2026-01,inf_adi
00016,CITIBANK N.A.,310000000052,Cantidad de operaciones a plazo fijo Empresas,0.0,N,2026,1,2026-01,inf_adi
00016,CITIBANK N.A.,310000000063,Cantidad de operaciones por préstamos hipotecarios,33.0,N,2026,1,2026-01,inf_adi
00016,CITIBANK N.A.,310000000064,Cantidad de operaciones por préstamos prendarios,27.0,N,2026,1,2026-01,inf_adi
00016,CITIBANK N.A.,310000000065,Cantidad de operaciones por otros préstamos,1388.0,N,2026,1,2026-01,inf_adi
00016,CITIBANK N.A.,310000000070,Dotación de personal,1051.0,N,2026,1,2026-01,inf_adi
00017,BANCO BBVA ARGENTINA S.A.,310000000033,Cantidad de cuentas corrientes,2232705.0,N,2026,1,2026-01,inf_adi
00017,BANCO BBVA ARGENTINA S.A.,310000000043,Cantidad de cuentas de ahorro,6967131.0,N,2026,1,2026-01,inf_adi
00017,BANCO BBVA ARGENTINA S.A.,310000000044,Cantidad de cajas de ahorro de ayuda social,370851.0,N,2026,1,2026-01,inf_adi
00017,BANCO BBVA ARGENTINA S.A.,310000000045,Cantidad de cuentas previsionales,290416.0,N,2026,1,2026-01,inf_adi
00017,BANCO BBVA ARGENTINA S.A.,310000000051,Cantidad de operaciones a plazo fijo Individuos,242057.0,N,2026,1,2026-01,inf_adi
00017,BANCO BBVA ARGENTINA S.A.,310000000052,Cantidad de operaciones a plazo fijo Empresas,7503.0,N,2026,1,2026-01,inf_adi
00017,BANCO BBVA ARGENTINA S.A.,310000000063,Cantidad de operaciones por préstamos hipotecarios,6954.0,N,2026,1,2026-01,inf_adi
00017,BANCO BBVA ARGENTINA S.A.,310000000064,Cantidad de operaciones por préstamos prendarios,21355.0,N,2026,1,2026-01,inf_adi
00017,BANCO BBVA ARGENTINA S.A.,310000000065,Cantidad de operaciones por otros préstamos,3634274.0,N,2026,1,2026-01,inf_adi
00017,BANCO BBVA ARGENTINA S.A.,310000000070,Dotación de personal,6586.0,N,2026,1,2026-01,inf_adi
00017,BANCO BBVA ARGENTINA S.A.,312100000011,Cantidad de titulares por tarjetas de crédito,2038645.0,N,2026,1,2026-01,inf_adi
00017,BANCO BBVA ARGENTINA S.A.,312100000012,Cantidad de tarjetas de crédito (plásticos),4859546.0,N,2026,1,2026-01,inf_adi
00017,BANCO BBVA ARGENTINA S.A.,318000100002,Cantidad de tarjetas de débito,4294107.0,N,2026,1,2026-01,inf_adi
00017,BANCO BBVA ARGENTINA S.A.,400100001000,Cantidad de Cuentas,854997.0,N,2026,1,2026-01,inf_adi
00017,BANCO BBVA ARGENTINA S.A.,400100002000,Cantidad de Empresas,69672.0,N,2026,1,2026-01,inf_adi
00020,BANCO DE LA PROVINCIA DE CORDOBA S.A.,310000000033,Cantidad de cuentas corrientes,679983.0,N,2026,1,2026-01,inf_adi
00020,BANCO DE LA PROVINCIA DE CORDOBA S.A.,310000000043,Cantidad de cuentas de ahorro,2972779.0,N,2026,1,2026-01,inf_adi
00020,BANCO DE LA PROVINCIA DE CORDOBA S.A.,310000000044,Cantidad de cajas de ahorro de ayuda social,631660.0,N,2026,1,2026-01,inf_adi
00020,BANCO DE LA PROVINCIA DE CORDOBA S.A.,310000000045,Cantidad de cuentas previsionales,502177.0,N,2026,1,2026-01,inf_adi
00020,BANCO DE LA PROVINCIA DE CORDOBA S.A.,310000000051,Cantidad de operaciones a plazo fijo Individuos,180936.0,N,2026,1,2026-01,inf_adi
00020,BANCO DE LA PROVINCIA DE CORDOBA S.A.,310000000052,Cantidad de operaciones a plazo fijo Empresas,2809.0,N,2026,1,2026-01,inf_adi
00020,BANCO DE LA PROVINCIA DE CORDOBA S.A.,310000000063,Cantidad de operaciones por préstamos hipotecarios,8834.0,N,2026,1,2026-01,inf_adi
00020,BANCO DE LA PROVINCIA DE CORDOBA S.A.,310000000064,Cantidad de operaciones por préstamos prendarios,775.0,N,2026,1,2026-01,inf_adi
00020,BANCO DE LA PROVINCIA DE CORDOBA S.A.,310000000065,Cantidad de operaciones por otros préstamos,1298095.0,N,2026,1,2026-01,inf_adi
00020,BANCO DE LA PROVINCIA DE CORDOBA S.A.,310000000070,Dotación de personal,1784.0,N,2026,1,2026-01,inf_adi
00020,BANCO DE LA PROVINCIA DE CORDOBA S.A.,312100000011,Cantidad de titulares por tarjetas de crédito,692247.0,N,2026,1,2026-01,inf_adi
00020,BANCO DE LA PROVINCIA DE CORDOBA S.A.,312100000012,Cantidad de tarjetas de crédito (plásticos),1021213.0,N,2026,1,2026-01,inf_adi
00020,BANCO DE LA PROVINCIA DE CORDOBA S.A.,318000100002,Cantidad de tarjetas de débito,287391.0,N,2026,1,2026-01,inf_adi
00020,BANCO DE LA PROVINCIA DE CORDOBA S.A.,400100001000,Cantidad de Cuentas,195408.0,N,2026,1,2026-01,inf_adi
00020,BANCO DE LA PROVINCIA DE CORDOBA S.A.,400100002000,Cantidad de Empresas,1248.0,N,2026,1,2026-01,inf_adi
00027,BANCO SUPERVIELLE S.A.,310000000033,Cantidad de cuentas corrientes,39733.0,N,2026,1,2026-01,inf_adi
00027,BANCO SUPERVIELLE S.A.,310000000043,Cantidad de cuentas de ahorro,1888874.0,N,2026,1,2026-01,inf_adi
00027,BANCO SUPERVIELLE S.A.,310000000044,Cantidad de cajas de ahorro de ayuda social,415946.0,N,2026,1,2026-01,inf_adi
00027,BANCO SUPERVIELLE S.A.,310000000045,Cantidad de cuentas previsionales,596593.0,N,2026,1,2026-01,inf_adi
00027,BANCO SUPERVIELLE S.A.,310000000051,Cantidad de operaciones a plazo fijo Individuos,66631.0,N,2026,1,2026-01,inf_adi
00027,BANCO SUPERVIELLE S.A.,310000000052,Cantidad de operaciones a plazo fijo Empresas,2304.0,N,2026,1,2026-01,inf_adi
00027,BANCO SUPERVIELLE S.A.,310000000063,Cantidad de operaciones por préstamos hipotecarios,2373.0,N,2026,1,2026-01,inf_adi
00027,BANCO SUPERVIELLE S.A.,310000000064,Cantidad de operaciones por préstamos prendarios,33910.0,N,2026,1,2026-01,inf_adi
00027,BANCO SUPERVIELLE S.A.,310000000065,Cantidad de operaciones por otros préstamos,1781346.0,N,2026,1,2026-01,inf_adi
00027,BANCO SUPERVIELLE S.A.,310000000070,Dotación de personal,2916.0,N,2026,1,2026-01,inf_adi
00027,BANCO SUPERVIELLE S.A.,312100000011,Cantidad de titulares por tarjetas de crédito,680392.0,N,2026,1,2026-01,inf_adi
00027,BANCO SUPERVIELLE S.A.,312100000012,Cantidad de tarjetas de crédito (plásticos),806696.0,N,2026,1,2026-01,inf_adi
00027,BANCO SUPERVIELLE S.A.,318000100002,Cantidad de tarjetas de débito,2285096.0,N,2026,1,2026-01,inf_adi
00027,BANCO SUPERVIELLE S.A.,400100001000,Cantidad de Cuentas,97599.0,N,2026,1,2026-01,inf_adi
00027,BANCO SUPERVIELLE S.A.,400100002000,Cantidad de Empresas,11419.0,N,2026,1,2026-01,inf_adi
00029,BANCO DE LA CIUDAD DE BUENOS AIRES,310000000033,Cantidad de cuentas corrientes,55716.0,N,2026,1,2026-01,inf_adi
00029,BANCO DE LA CIUDAD DE BUENOS AIRES,310000000043,Cantidad de cuentas de ahorro,1263785.0,N,2026,1,2026-01,inf_adi
00029,BANCO DE LA CIUDAD DE BUENOS AIRES,310000000044,Cantidad de cajas de ahorro de ayuda social,76679.0,N,2026,1,2026-01,inf_adi
00029,BANCO DE LA CIUDAD DE BUENOS AIRES,310000000045,Cantidad de cuentas previsionales,176378.0,N,2026,1,2026-01,inf_adi
00029,BANCO DE LA CIUDAD DE BUENOS AIRES,310000000051,Cantidad de operaciones a plazo fijo Individuos,132573.0,N,2026,1,2026-01,inf_adi
00029,BANCO DE LA CIUDAD DE BUENOS AIRES,310000000052,Cantidad de operaciones a plazo fijo Empresas,2284.0,N,2026,1,2026-01,inf_adi
00029,BANCO DE LA CIUDAD DE BUENOS AIRES,310000000063,Cantidad de operaciones por préstamos hipotecarios,19438.0,N,2026,1,2026-01,inf_adi
00029,BANCO DE LA CIUDAD DE BUENOS AIRES,310000000064,Cantidad de operaciones por préstamos prendarios,186.0,N,2026,1,2026-01,inf_adi
00029,BANCO DE LA CIUDAD DE BUENOS AIRES,310000000065,Cantidad de operaciones por otros préstamos,170529.0,N,2026,1,2026-01,inf_adi
00029,BANCO DE LA CIUDAD DE BUENOS AIRES,310000000070,Dotación de personal,2408.0,N,2026,1,2026-01,inf_adi
00029,BANCO DE LA CIUDAD DE BUENOS AIRES,312100000011,Cantidad de titulares por tarjetas de crédito,789054.0,N,2026,1,2026-01,inf_adi
00029,BANCO DE LA CIUDAD DE BUENOS AIRES,312100000012,Cantidad de tarjetas de crédito (plásticos),946504.0,N,2026,1,2026-01,inf_adi
00029,BANCO DE LA CIUDAD DE BUENOS AIRES,318000100002,Cantidad de tarjetas de débito,1612195.0,N,2026,1,2026-01,inf_adi
00029,BANCO DE LA CIUDAD DE BUENOS AIRES,400100001000,Cantidad de Cuentas,255061.0,N,2026,1,2026-01,inf_adi
00029,BANCO DE LA CIUDAD DE BUENOS AIRES,400100002000,Cantidad de Empresas,3549.0,N,2026,1,2026-01,inf_adi
00034,BANCO PATAGONIA S.A.,310000000033,Cantidad de cuentas corrientes,163210.0,N,2026,1,2026-01,inf_adi
00034,BANCO PATAGONIA S.A.,310000000043,Cantidad de cuentas de ahorro,3538797.0,N,2026,1,2026-01,inf_adi
00034,BANCO PATAGONIA S.A.,310000000044,Cantidad de cajas de ahorro de ayuda social,42883.0,N,2026,1,2026-01,inf_adi
00034,BANCO PATAGONIA S.A.,310000000045,Cantidad de cuentas previsionales,226508.0,N,2026,1,2026-01,inf_adi
00034,BANCO PATAGONIA S.A.,310000000051,Cantidad de operaciones a plazo fijo Individuos,68456.0,N,2026,1,2026-01,inf_adi
00034,BANCO PATAGONIA S.A.,310000000052,Cantidad de operaciones a plazo fijo Empresas,2905.0,N,2026,1,2026-01,inf_adi
00034,BANCO PATAGONIA S.A.,310000000063,Cantidad de operaciones por préstamos hipotecarios,1519.0,N,2026,1,2026-01,inf_adi
00034,BANCO PATAGONIA S.A.,310000000065,Cantidad de operaciones por otros préstamos,997362.0,N,2026,1,2026-01,inf_adi
00034,BANCO PATAGONIA S.A.,310000000070,Dotación de personal,2828.0,N,2026,1,2026-01,inf_adi
00034,BANCO PATAGONIA S.A.,312100000011,Cantidad de titulares por tarjetas de crédito,629205.0,N,2026,1,2026-01,inf_adi
00034,BANCO PATAGONIA S.A.,312100000012,Cantidad de tarjetas de crédito (plásticos),929892.0,N,2026,1,2026-01,inf_adi
00034,BANCO PATAGONIA S.A.,318000100002,Cantidad de tarjetas de débito,2412297.0,N,2026,1,2026-01,inf_adi
00034,BANCO PATAGONIA S.A.,400100001000,Cantidad de Cuentas,261842.0,N,2026,1,2026-01,inf_adi
00034,BANCO PATAGONIA S.A.,400100002000,Cantidad de Empresas,10379.0,N,2026,1,2026-01,inf_adi
00044,BANCO HIPOTECARIO S.A.,310000000033,Cantidad de cuentas corrientes,8572.0,N,2026,1,2026-01,inf_adi
00044,BANCO HIPOTECARIO S.A.,310000000043,Cantidad de cuentas de ahorro,834613.0,N,2026,1,2026-01,inf_adi
00044,BANCO HIPOTECARIO S.A.,310000000044,Cantidad de cajas de ahorro de ayuda social,64695.0,N,2026,1,2026-01,inf_adi
00044,BANCO HIPOTECARIO S.A.,310000000051,Cantidad de operaciones a plazo fijo Individuos,62277.0,N,2026,1,2026-01,inf_adi
00044,BANCO HIPOTECARIO S.A.,310000000052,Cantidad de operaciones a plazo fijo Empresas,870.0,N,2026,1,2026-01,inf_adi
00044,BANCO HIPOTECARIO S.A.,310000000063,Cantidad de operaciones por préstamos hipotecarios,7679.0,N,2026,1,2026-01,inf_adi
00044,BANCO HIPOTECARIO S.A.,310000000064,Cantidad de operaciones por préstamos prendarios,10.0,N,2026,1,2026-01,inf_adi
00044,BANCO HIPOTECARIO S.A.,310000000065,Cantidad de operaciones por otros préstamos,313300.0,N,2026,1,2026-01,inf_adi
00044,BANCO HIPOTECARIO S.A.,310000000070,Dotación de personal,1405.0,N,2026,1,2026-01,inf_adi
00044,BANCO HIPOTECARIO S.A.,312100000011,Cantidad de titulares por tarjetas de crédito,322633.0,N,2026,1,2026-01,inf_adi
00044,BANCO HIPOTECARIO S.A.,312100000012,Cantidad de tarjetas de crédito (plásticos),334238.0,N,2026,1,2026-01,inf_adi
00044,BANCO HIPOTECARIO S.A.,318000100002,Cantidad de tarjetas de débito,892353.0,N,2026,1,2026-01,inf_adi
00044,BANCO HIPOTECARIO S.A.,400100001000,Cantidad de Cuentas,64418.0,N,2026,1,2026-01,inf_adi
00044,BANCO HIPOTECARIO S.A.,400100002000,Cantidad de Empresas,3274.0,N,2026,1,2026-01,inf_adi
00045,BANCO DE SAN JUAN S.A.,310000000033,Cantidad de cuentas corrientes,38472.0,N,2026,1,2026-01,inf_adi
00045,BANCO DE SAN JUAN S.A.,310000000043,Cantidad de cuentas de ahorro,535315.0,N,2026,1,2026-01,inf_adi
00045,BANCO DE SAN JUAN S.A.,310000000044,Cantidad de cajas de ahorro de ayuda social,106519.0,N,2026,1,2026-01,inf_adi
00045,BANCO DE SAN JUAN S.A.,310000000045,Cantidad de cuentas previsionales,161096.0,N,2026,1,2026-01,inf_adi
00045,BANCO DE SAN JUAN S.A.,310000000051,Cantidad de operaciones a plazo fijo Individuos,13012.0,N,2026,1,2026-01,inf_adi
00045,BANCO DE SAN JUAN S.A.,310000000052,Cantidad de operaciones a plazo fijo Empresas,391.0,N,2026,1,2026-01,inf_adi
00045,BANCO DE SAN JUAN S.A.,310000000063,Cantidad de operaciones por préstamos hipotecarios,35.0,N,2026,1,2026-01,inf_adi
00045,BANCO DE SAN JUAN S.A.,310000000064,Cantidad de operaciones por préstamos prendarios,74.0,N,2026,1,2026-01,inf_adi
00045,BANCO DE SAN JUAN S.A.,310000000065,Cantidad de operaciones por otros préstamos,180252.0,N,2026,1,2026-01,inf_adi
00045,BANCO DE SAN JUAN S.A.,310000000070,Dotación de personal,375.0,N,2026,1,2026-01,inf_adi
00045,BANCO DE SAN JUAN S.A.,312100000011,Cantidad de titulares por tarjetas de crédito,111079.0,N,2026,1,2026-01,inf_adi
00045,BANCO DE SAN JUAN S.A.,312100000012,Cantidad de tarjetas de crédito (plásticos),118262.0,N,2026,1,2026-01,inf_adi
00045,BANCO DE SAN JUAN S.A.,318000100002,Cantidad de tarjetas de débito,372970.0,N,2026,1,2026-01,inf_adi
00045,BANCO DE SAN JUAN S.A.,400100001000,Cantidad de Cuentas,59065.0,N,2026,1,2026-01,inf_adi
00045,BANCO DE SAN JUAN S.A.,400100002000,Cantidad de Empresas,675.0,N,2026,1,2026-01,inf_adi
00065,BANCO MUNICIPAL DE ROSARIO,310000000033,Cantidad de cuentas corrientes,3235.0,N,2026,1,2026-01,inf_adi
00065,BANCO MUNICIPAL DE ROSARIO,310000000043,Cantidad de cuentas de ahorro,313861.0,N,2026,1,2026-01,inf_adi
00065,BANCO MUNICIPAL DE ROSARIO,310000000044,Cantidad de cajas de ahorro de ayuda social,42488.0,N,2026,1,2026-01,inf_adi
00065,BANCO MUNICIPAL DE ROSARIO,310000000045,Cantidad de cuentas previsionales,93284.0,N,2026,1,2026-01,inf_adi
00065,BANCO MUNICIPAL DE ROSARIO,310000000051,Cantidad de operaciones a plazo fijo Individuos,12665.0,N,2026,1,2026-01,inf_adi
00065,BANCO MUNICIPAL DE ROSARIO,310000000052,Cantidad de operaciones a plazo fijo Empresas,13616.0,N,2026,1,2026-01,inf_adi
00065,BANCO MUNICIPAL DE ROSARIO,310000000063,Cantidad de operaciones por préstamos hipotecarios,422.0,N,2026,1,2026-01,inf_adi
00065,BANCO MUNICIPAL DE ROSARIO,310000000064,Cantidad de operaciones por préstamos prendarios,3027.0,N,2026,1,2026-01,inf_adi
00065,BANCO MUNICIPAL DE ROSARIO,310000000065,Cantidad de operaciones por otros préstamos,170544.0,N,2026,1,2026-01,inf_adi
00065,BANCO MUNICIPAL DE ROSARIO,310000000070,Dotación de personal,397.0,N,2026,1,2026-01,inf_adi
00065,BANCO MUNICIPAL DE ROSARIO,312100000011,Cantidad de titulares por tarjetas de crédito,63699.0,N,2026,1,2026-01,inf_adi
00065,BANCO MUNICIPAL DE ROSARIO,312100000012,Cantidad de tarjetas de crédito (plásticos),132540.0,N,2026,1,2026-01,inf_adi
00065,BANCO MUNICIPAL DE ROSARIO,318000100002,Cantidad de tarjetas de débito,125014.0,N,2026,1,2026-01,inf_adi
00065,BANCO MUNICIPAL DE ROSARIO,400100001000,Cantidad de Cuentas,19667.0,N,2026,1,2026-01,inf_adi
00065,BANCO MUNICIPAL DE ROSARIO,400100002000,Cantidad de Empresas,300.0,N,2026,1,2026-01,inf_adi
00072,BANCO SANTANDER ARGENTINA S.A.,310000000033,Cantidad de cuentas corrientes,975864.0,N,2026,1,2026-01,inf_adi
00072,BANCO SANTANDER ARGENTINA S.A.,310000000043,Cantidad de cuentas de ahorro,11014003.0,N,2026,1,2026-01,inf_adi
00072,BANCO SANTANDER ARGENTINA S.A.,310000000044,Cantidad de cajas de ahorro de ayuda social,383327.0,N,2026,1,2026-01,inf_adi
00072,BANCO SANTANDER ARGENTINA S.A.,310000000045,Cantidad de cuentas previsionales,289438.0,N,2026,1,2026-01,inf_adi
00072,BANCO SANTANDER ARGENTINA S.A.,310000000051,Cantidad de operaciones a plazo fijo Individuos,251824.0,N,2026,1,2026-01,inf_adi
00072,BANCO SANTANDER ARGENTINA S.A.,310000000052,Cantidad de operaciones a plazo fijo Empresas,7976.0,N,2026,1,2026-01,inf_adi
00072,BANCO SANTANDER ARGENTINA S.A.,310000000063,Cantidad de operaciones por préstamos hipotecarios,88156.0,N,2026,1,2026-01,inf_adi
00072,BANCO SANTANDER ARGENTINA S.A.,310000000064,Cantidad de operaciones por préstamos prendarios,135010.0,N,2026,1,2026-01,inf_adi
00072,BANCO SANTANDER ARGENTINA S.A.,310000000065,Cantidad de operaciones por otros préstamos,1178270.0,N,2026,1,2026-01,inf_adi
00072,BANCO SANTANDER ARGENTINA S.A.,310000000070,Dotación de personal,5685.0,N,2026,1,2026-01,inf_adi
00072,BANCO SANTANDER ARGENTINA S.A.,312100000011,Cantidad de titulares por tarjetas de crédito,1861086.0,N,2026,1,2026-01,inf_adi
00072,BANCO SANTANDER ARGENTINA S.A.,312100000012,Cantidad de tarjetas de crédito (plásticos),4823824.0,N,2026,1,2026-01,inf_adi
00072,BANCO SANTANDER ARGENTINA S.A.,318000100002,Cantidad de tarjetas de débito,6070615.0,N,2026,1,2026-01,inf_adi
00072,BANCO SANTANDER ARGENTINA S.A.,400100001000,Cantidad de Cuentas,1010172.0,N,2026,1,2026-01,inf_adi
00072,BANCO SANTANDER ARGENTINA S.A.,400100002000,Cantidad de Empresas,90560.0,N,2026,1,2026-01,inf_adi
00083,BANCO DEL CHUBUT S.A.,310000000033,Cantidad de cuentas corrientes,8535.0,N,2026,1,2026-01,inf_adi
00083,BANCO DEL CHUBUT S.A.,310000000043,Cantidad de cuentas de ahorro,323695.0,N,2026,1,2026-01,inf_adi
00083,BANCO DEL CHUBUT S.A.,310000000044,Cantidad de cajas de ahorro de ayuda social,16749.0,N,2026,1,2026-01,inf_adi
00083,BANCO DEL CHUBUT S.A.,310000000045,Cantidad de cuentas previsionales,37022.0,N,2026,1,2026-01,inf_adi
00083,BANCO DEL CHUBUT S.A.,310000000051,Cantidad de operaciones a plazo fijo Individuos,21289.0,N,2026,1,2026-01,inf_adi
00083,BANCO DEL CHUBUT S.A.,310000000052,Cantidad de operaciones a plazo fijo Empresas,1091.0,N,2026,1,2026-01,inf_adi
00083,BANCO DEL CHUBUT S.A.,310000000063,Cantidad de operaciones por préstamos hipotecarios,1323.0,N,2026,1,2026-01,inf_adi
00083,BANCO DEL CHUBUT S.A.,310000000064,Cantidad de operaciones por préstamos prendarios,3468.0,N,2026,1,2026-01,inf_adi
00083,BANCO DEL CHUBUT S.A.,310000000065,Cantidad de operaciones por otros préstamos,150689.0,N,2026,1,2026-01,inf_adi
00083,BANCO DEL CHUBUT S.A.,310000000070,Dotación de personal,736.0,N,2026,1,2026-01,inf_adi
00083,BANCO DEL CHUBUT S.A.,312100000011,Cantidad de titulares por tarjetas de crédito,95822.0,N,2026,1,2026-01,inf_adi
00083,BANCO DEL CHUBUT S.A.,312100000012,Cantidad de tarjetas de crédito (plásticos),141214.0,N,2026,1,2026-01,inf_adi
00083,BANCO DEL CHUBUT S.A.,318000100002,Cantidad de tarjetas de débito,306189.0,N,2026,1,2026-01,inf_adi
00083,BANCO DEL CHUBUT S.A.,400100001000,Cantidad de Cuentas,81077.0,N,2026,1,2026-01,inf_adi
00083,BANCO DEL CHUBUT S.A.,400100002000,Cantidad de Empresas,495.0,N,2026,1,2026-01,inf_adi
00086,BANCO DE SANTA CRUZ S.A.,310000000033,Cantidad de cuentas corrientes,22999.0,N,2026,1,2026-01,inf_adi
00086,BANCO DE SANTA CRUZ S.A.,310000000043,Cantidad de cuentas de ahorro,161370.0,N,2026,1,2026-01,inf_adi
00086,BANCO DE SANTA CRUZ S.A.,310000000044,Cantidad de cajas de ahorro de ayuda social,22650.0,N,2026,1,2026-01,inf_adi
00086,BANCO DE SANTA CRUZ S.A.,310000000045,Cantidad de cuentas previsionales,19876.0,N,2026,1,2026-01,inf_adi
00086,BANCO DE SANTA CRUZ S.A.,310000000051,Cantidad de operaciones a plazo fijo Individuos,7058.0,N,2026,1,2026-01,inf_adi
00086,BANCO DE SANTA CRUZ S.A.,310000000052,Cantidad de operaciones a plazo fijo Empresas,498.0,N,2026,1,2026-01,inf_adi
00086,BANCO DE SANTA CRUZ S.A.,310000000063,Cantidad de operaciones por préstamos hipotecarios,1.0,N,2026,1,2026-01,inf_adi
00086,BANCO DE SANTA CRUZ S.A.,310000000064,Cantidad de operaciones por préstamos prendarios,1.0,N,2026,1,2026-01,inf_adi
00086,BANCO DE SANTA CRUZ S.A.,310000000065,Cantidad de operaciones por otros préstamos,138402.0,N,2026,1,2026-01,inf_adi
00086,BANCO DE SANTA CRUZ S.A.,310000000070,Dotación de personal,257.0,N,2026,1,2026-01,inf_adi
00086,BANCO DE SANTA CRUZ S.A.,312100000011,Cantidad de titulares por tarjetas de crédito,43651.0,N,2026,1,2026-01,inf_adi
00086,BANCO DE SANTA CRUZ S.A.,312100000012,Cantidad de tarjetas de crédito (plásticos),69240.0,N,2026,1,2026-01,inf_adi
00086,BANCO DE SANTA CRUZ S.A.,318000100002,Cantidad de tarjetas de débito,165299.0,N,2026,1,2026-01,inf_adi
00086,BANCO DE SANTA CRUZ S.A.,400100001000,Cantidad de Cuentas,70877.0,N,2026,1,2026-01,inf_adi
00086,BANCO DE SANTA CRUZ S.A.,400100002000,Cantidad de Empresas,127.0,N,2026,1,2026-01,inf_adi
00093,BANCO DE LA PAMPA SA,310000000033,Cantidad de cuentas corrientes,70221.0,N,2026,1,2026-01,inf_adi
00093,BANCO DE LA PAMPA SA,310000000043,Cantidad de cuentas de ahorro,517093.0,N,2026,1,2026-01,inf_adi
00093,BANCO DE LA PAMPA SA,310000000044,Cantidad de cajas de ahorro de ayuda social,58893.0,N,2026,1,2026-01,inf_adi
00093,BANCO DE LA PAMPA SA,310000000045,Cantidad de cuentas previsionales,74761.0,N,2026,1,2026-01,inf_adi
00093,BANCO DE LA PAMPA SA,310000000051,Cantidad de operaciones a plazo fijo Individuos,36256.0,N,2026,1,2026-01,inf_adi
00093,BANCO DE LA PAMPA SA,310000000052,Cantidad de operaciones a plazo fijo Empresas,1893.0,N,2026,1,2026-01,inf_adi
00093,BANCO DE LA PAMPA SA,310000000063,Cantidad de operaciones por préstamos hipotecarios,333.0,N,2026,1,2026-01,inf_adi
00093,BANCO DE LA PAMPA SA,310000000064,Cantidad de operaciones por préstamos prendarios,7.0,N,2026,1,2026-01,inf_adi
00093,BANCO DE LA PAMPA SA,310000000065,Cantidad de operaciones por otros préstamos,336764.0,N,2026,1,2026-01,inf_adi
00093,BANCO DE LA PAMPA SA,310000000070,Dotación de personal,735.0,N,2026,1,2026-01,inf_adi
00093,BANCO DE LA PAMPA SA,312100000011,Cantidad de titulares por tarjetas de crédito,211300.0,N,2026,1,2026-01,inf_adi
00093,BANCO DE LA PAMPA SA,312100000012,Cantidad de tarjetas de crédito (plásticos),248966.0,N,2026,1,2026-01,inf_adi
00093,BANCO DE LA PAMPA SA,318000100002,Cantidad de tarjetas de débito,0.0,N,2026,1,2026-01,inf_adi
00093,BANCO DE LA PAMPA SA,400100001000,Cantidad de Cuentas,79326.0,N,2026,1,2026-01,inf_adi
00093,BANCO DE LA PAMPA SA,400100002000,Cantidad de Empresas,3519.0,N,2026,1,2026-01,inf_adi
00094,BANCO DE CORRIENTES S.A.,310000000033,Cantidad de cuentas corrientes,26794.0,N,2026,1,2026-01,inf_adi
00094,BANCO DE CORRIENTES S.A.,310000000043,Cantidad de cuentas de ahorro,814820.0,N,2026,1,2026-01,inf_adi
00094,BANCO DE CORRIENTES S.A.,310000000044,Cantidad de cajas de ahorro de ayuda social,199916.0,N,2026,1,2026-01,inf_adi
00094,BANCO DE CORRIENTES S.A.,310000000045,Cantidad de cuentas previsionales,174092.0,N,2026,1,2026-01,inf_adi
00094,BANCO DE CORRIENTES S.A.,310000000051,Cantidad de operaciones a plazo fijo Individuos,33357.0,N,2026,1,2026-01,inf_adi
00094,BANCO DE CORRIENTES S.A.,310000000052,Cantidad de operaciones a plazo fijo Empresas,601.0,N,2026,1,2026-01,inf_adi
00094,BANCO DE CORRIENTES S.A.,310000000063,Cantidad de operaciones por préstamos hipotecarios,387.0,N,2026,1,2026-01,inf_adi
00094,BANCO DE CORRIENTES S.A.,310000000064,Cantidad de operaciones por préstamos prendarios,74.0,N,2026,1,2026-01,inf_adi
00094,BANCO DE CORRIENTES S.A.,310000000065,Cantidad de operaciones por otros préstamos,138017.0,N,2026,1,2026-01,inf_adi
00094,BANCO DE CORRIENTES S.A.,310000000070,Dotación de personal,817.0,N,2026,1,2026-01,inf_adi
00094,BANCO DE CORRIENTES S.A.,312100000011,Cantidad de titulares por tarjetas de crédito,130940.0,N,2026,1,2026-01,inf_adi
00094,BANCO DE CORRIENTES S.A.,312100000012,Cantidad de tarjetas de crédito (plásticos),142645.0,N,2026,1,2026-01,inf_adi
00094,BANCO DE CORRIENTES S.A.,318000100002,Cantidad de tarjetas de débito,464720.0,N,2026,1,2026-01,inf_adi
00094,BANCO DE CORRIENTES S.A.,400100001000,Cantidad de Cuentas,307879.0,N,2026,1,2026-01,inf_adi
00094,BANCO DE CORRIENTES S.A.,400100002000,Cantidad de Empresas,892.0,N,2026,1,2026-01,inf_adi
00097,BANCO PROVINCIA DEL NEUQUÉN SOCIEDAD ANÓNIMA,310000000033,Cantidad de cuentas corrientes,74850.0,N,2026,1,2026-01,inf_adi
00097,BANCO PROVINCIA DEL NEUQUÉN SOCIEDAD ANÓNIMA,310000000043,Cantidad de cuentas de ahorro,480470.0,N,2026,1,2026-01,inf_adi
00097,BANCO PROVINCIA DEL NEUQUÉN SOCIEDAD ANÓNIMA,310000000044,Cantidad de cajas de ahorro de ayuda social,104340.0,N,2026,1,2026-01,inf_adi
00097,BANCO PROVINCIA DEL NEUQUÉN SOCIEDAD ANÓNIMA,310000000045,Cantidad de cuentas previsionales,92066.0,N,2026,1,2026-01,inf_adi
00097,BANCO PROVINCIA DEL NEUQUÉN SOCIEDAD ANÓNIMA,310000000051,Cantidad de operaciones a plazo fijo Individuos,22684.0,N,2026,1,2026-01,inf_adi
00097,BANCO PROVINCIA DEL NEUQUÉN SOCIEDAD ANÓNIMA,310000000052,Cantidad de operaciones a plazo fijo Empresas,859.0,N,2026,1,2026-01,inf_adi
00097,BANCO PROVINCIA DEL NEUQUÉN SOCIEDAD ANÓNIMA,310000000063,Cantidad de operaciones por préstamos hipotecarios,549.0,N,2026,1,2026-01,inf_adi
00097,BANCO PROVINCIA DEL NEUQUÉN SOCIEDAD ANÓNIMA,310000000064,Cantidad de operaciones por préstamos prendarios,405.0,N,2026,1,2026-01,inf_adi
00097,BANCO PROVINCIA DEL NEUQUÉN SOCIEDAD ANÓNIMA,310000000065,Cantidad de operaciones por otros préstamos,426193.0,N,2026,1,2026-01,inf_adi
00097,BANCO PROVINCIA DEL NEUQUÉN SOCIEDAD ANÓNIMA,310000000070,Dotación de personal,1148.0,N,2026,1,2026-01,inf_adi
00097,BANCO PROVINCIA DEL NEUQUÉN SOCIEDAD ANÓNIMA,312100000011,Cantidad de titulares por tarjetas de crédito,224140.0,N,2026,1,2026-01,inf_adi
00097,BANCO PROVINCIA DEL NEUQUÉN SOCIEDAD ANÓNIMA,312100000012,Cantidad de tarjetas de crédito (plásticos),240735.0,N,2026,1,2026-01,inf_adi
00097,BANCO PROVINCIA DEL NEUQUÉN SOCIEDAD ANÓNIMA,318000100002,Cantidad de tarjetas de débito,514276.0,N,2026,1,2026-01,inf_adi
00097,BANCO PROVINCIA DEL NEUQUÉN SOCIEDAD ANÓNIMA,400100001000,Cantidad de Cuentas,209112.0,N,2026,1,2026-01,inf_adi
00097,BANCO PROVINCIA DEL NEUQUÉN SOCIEDAD ANÓNIMA,400100002000,Cantidad de Empresas,2229.0,N,2026,1,2026-01,inf_adi
00131,BANK OF CHINA LIMITED SUCURSAL BUENOS AIRES,310000000043,Cantidad de cuentas de ahorro,51.0,N,2026,1,2026-01,inf_adi
00131,BANK OF CHINA LIMITED SUCURSAL BUENOS AIRES,310000000052,Cantidad de operaciones a plazo fijo Empresas,0.0,N,2026,1,2026-01,inf_adi
00131,BANK OF CHINA LIMITED SUCURSAL BUENOS AIRES,310000000065,Cantidad de operaciones por otros préstamos,0.0,N,2026,1,2026-01,inf_adi
00131,BANK OF CHINA LIMITED SUCURSAL BUENOS AIRES,310000000070,Dotación de personal,34.0,N,2026,1,2026-01,inf_adi
00143,BRUBANK S.A.U.,310000000033,Cantidad de cuentas corrientes,6743.0,N,2026,1,2026-01,inf_adi
00143,BRUBANK S.A.U.,310000000043,Cantidad de cuentas de ahorro,7244740.0,N,2026,1,2026-01,inf_adi
00143,BRUBANK S.A.U.,310000000044,Cantidad de cajas de ahorro de ayuda social,518588.0,N,2026,1,2026-01,inf_adi
00143,BRUBANK S.A.U.,310000000051,Cantidad de operaciones a plazo fijo Individuos,33252.0,N,2026,1,2026-01,inf_adi
00143,BRUBANK S.A.U.,310000000063,Cantidad de operaciones por préstamos hipotecarios,2.0,N,2026,1,2026-01,inf_adi
00143,BRUBANK S.A.U.,310000000065,Cantidad de operaciones por otros préstamos,13108.0,N,2026,1,2026-01,inf_adi
00143,BRUBANK S.A.U.,310000000070,Dotación de personal,318.0,N,2026,1,2026-01,inf_adi
00143,BRUBANK S.A.U.,312100000011,Cantidad de titulares por tarjetas de crédito,87141.0,N,2026,1,2026-01,inf_adi
00143,BRUBANK S.A.U.,312100000012,Cantidad de tarjetas de crédito (plásticos),92801.0,N,2026,1,2026-01,inf_adi
00143,BRUBANK S.A.U.,318000100002,Cantidad de tarjetas de débito,4283781.0,N,2026,1,2026-01,inf_adi
00143,BRUBANK S.A.U.,400100001000,Cantidad de Cuentas,17508.0,N,2026,1,2026-01,inf_adi
00143,BRUBANK S.A.U.,400100002000,Cantidad de Empresas,6971.0,N,2026,1,2026-01,inf_adi
00147,BIBANK S.A.,310000000033,Cantidad de cuentas corrientes,476.0,N,2026,1,2026-01,inf_adi
00147,BIBANK S.A.,310000000043,Cantidad de cuentas de ahorro,282.0,N,2026,1,2026-01,inf_adi
00147,BIBANK S.A.,310000000051,Cantidad de operaciones a plazo fijo Individuos,36.0,N,2026,1,2026-01,inf_adi
00147,BIBANK S.A.,310000000052,Cantidad de operaciones a plazo fijo Empresas,111.0,N,2026,1,2026-01,inf_adi
00147,BIBANK S.A.,310000000064,Cantidad de operaciones por préstamos prendarios,0.0,N,2026,1,2026-01,inf_adi
00147,BIBANK S.A.,310000000065,Cantidad de operaciones por otros préstamos,249.0,N,2026,1,2026-01,inf_adi
00147,BIBANK S.A.,310000000070,Dotación de personal,99.0,N,2026,1,2026-01,inf_adi
00165,"JPMORGAN CHASE BANK, NATIONAL ASSOCIATION (SUCURSAL BUENOS A",310000000033,Cantidad de cuentas corrientes,35.0,N,2026,1,2026-01,inf_adi
00165,"JPMORGAN CHASE BANK, NATIONAL ASSOCIATION (SUCURSAL BUENOS A",310000000043,Cantidad de cuentas de ahorro,85.0,N,2026,1,2026-01,inf_adi
00165,"JPMORGAN CHASE BANK, NATIONAL ASSOCIATION (SUCURSAL BUENOS A",310000000052,Cantidad de operaciones a plazo fijo Empresas,0.0,N,2026,1,2026-01,inf_adi
00165,"JPMORGAN CHASE BANK, NATIONAL ASSOCIATION (SUCURSAL BUENOS A",310000000065,Cantidad de operaciones por otros préstamos,3.0,N,2026,1,2026-01,inf_adi
00165,"JPMORGAN CHASE BANK, NATIONAL ASSOCIATION (SUCURSAL BUENOS A",310000000070,Dotación de personal,175.0,N,2026,1,2026-01,inf_adi
00191,BANCO CREDICOOP COOPERATIVO LIMITADO,310000000033,Cantidad de cuentas corrientes,400618.0,N,2026,1,2026-01,inf_adi
00191,BANCO CREDICOOP COOPERATIVO LIMITADO,310000000043,Cantidad de cuentas de ahorro,3518618.0,N,2026,1,2026-01,inf_adi
00191,BANCO CREDICOOP COOPERATIVO LIMITADO,310000000044,Cantidad de cajas de ahorro de ayuda social,53834.0,N,2026,1,2026-01,inf_adi
00191,BANCO CREDICOOP COOPERATIVO LIMITADO,310000000045,Cantidad de cuentas previsionales,382800.0,N,2026,1,2026-01,inf_adi
00191,BANCO CREDICOOP COOPERATIVO LIMITADO,310000000051,Cantidad de operaciones a plazo fijo Individuos,93460.0,N,2026,1,2026-01,inf_adi
00191,BANCO CREDICOOP COOPERATIVO LIMITADO,310000000052,Cantidad de operaciones a plazo fijo Empresas,9506.0,N,2026,1,2026-01,inf_adi
00191,BANCO CREDICOOP COOPERATIVO LIMITADO,310000000063,Cantidad de operaciones por préstamos hipotecarios,232.0,N,2026,1,2026-01,inf_adi
00191,BANCO CREDICOOP COOPERATIVO LIMITADO,310000000064,Cantidad de operaciones por préstamos prendarios,1963.0,N,2026,1,2026-01,inf_adi
00191,BANCO CREDICOOP COOPERATIVO LIMITADO,310000000065,Cantidad de operaciones por otros préstamos,702164.0,N,2026,1,2026-01,inf_adi
00191,BANCO CREDICOOP COOPERATIVO LIMITADO,310000000070,Dotación de personal,4543.0,N,2026,1,2026-01,inf_adi
00191,BANCO CREDICOOP COOPERATIVO LIMITADO,312100000011,Cantidad de titulares por tarjetas de crédito,641091.0,N,2026,1,2026-01,inf_adi
00191,BANCO CREDICOOP COOPERATIVO LIMITADO,312100000012,Cantidad de tarjetas de crédito (plásticos),1008345.0,N,2026,1,2026-01,inf_adi
00191,BANCO CREDICOOP COOPERATIVO LIMITADO,318000100002,Cantidad de tarjetas de débito,1296800.0,N,2026,1,2026-01,inf_adi
00191,BANCO CREDICOOP COOPERATIVO LIMITADO,400100001000,Cantidad de Cuentas,251397.0,N,2026,1,2026-01,inf_adi
00191,BANCO CREDICOOP COOPERATIVO LIMITADO,400100002000,Cantidad de Empresas,26129.0,N,2026,1,2026-01,inf_adi
00198,BANCO DE VALORES S.A.,310000000033,Cantidad de cuentas corrientes,1304.0,N,2026,1,2026-01,inf_adi
00198,BANCO DE VALORES S.A.,310000000043,Cantidad de cuentas de ahorro,2080.0,N,2026,1,2026-01,inf_adi
00198,BANCO DE VALORES S.A.,310000000051,Cantidad de operaciones a plazo fijo Individuos,12.0,N,2026,1,2026-01,inf_adi
00198,BANCO DE VALORES S.A.,310000000052,Cantidad de operaciones a plazo fijo Empresas,85.0,N,2026,1,2026-01,inf_adi
00198,BANCO DE VALORES S.A.,310000000063,Cantidad de operaciones por préstamos hipotecarios,34.0,N,2026,1,2026-01,inf_adi
00198,BANCO DE VALORES S.A.,310000000065,Cantidad de operaciones por otros préstamos,18691.0,N,2026,1,2026-01,inf_adi
00198,BANCO DE VALORES S.A.,310000000070,Dotación de personal,288.0,N,2026,1,2026-01,inf_adi
00247,BANCO ROELA S.A.,310000000033,Cantidad de cuentas corrientes,23571.0,N,2026,1,2026-01,inf_adi
00247,BANCO ROELA S.A.,310000000043,Cantidad de cuentas de ahorro,7591.0,N,2026,1,2026-01,inf_adi
00247,BANCO ROELA S.A.,310000000051,Cantidad de operaciones a plazo fijo Individuos,573.0,N,2026,1,2026-01,inf_adi
00247,BANCO ROELA S.A.,310000000052,Cantidad de operaciones a plazo fijo Empresas,377.0,N,2026,1,2026-01,inf_adi
00247,BANCO ROELA S.A.,310000000063,Cantidad de operaciones por préstamos hipotecarios,93.0,N,2026,1,2026-01,inf_adi
00247,BANCO ROELA S.A.,310000000064,Cantidad de operaciones por préstamos prendarios,12.0,N,2026,1,2026-01,inf_adi
00247,BANCO ROELA S.A.,310000000065,Cantidad de operaciones por otros préstamos,1728.0,N,2026,1,2026-01,inf_adi
00247,BANCO ROELA S.A.,310000000070,Dotación de personal,184.0,N,2026,1,2026-01,inf_adi
00247,BANCO ROELA S.A.,312100000011,Cantidad de titulares por tarjetas de crédito,517.0,N,2026,1,2026-01,inf_adi
00247,BANCO ROELA S.A.,312100000012,Cantidad de tarjetas de crédito (plásticos),668.0,N,2026,1,2026-01,inf_adi
00247,BANCO ROELA S.A.,318000100002,Cantidad de tarjetas de débito,7636.0,N,2026,1,2026-01,inf_adi
00247,BANCO ROELA S.A.,400100001000,Cantidad de Cuentas,3366.0,N,2026,1,2026-01,inf_adi
00247,BANCO ROELA S.A.,400100002000,Cantidad de Empresas,2095.0,N,2026,1,2026-01,inf_adi
00254,BANCO MARIVA S.A.,310000000033,Cantidad de cuentas corrientes,638.0,N,2026,1,2026-01,inf_adi
00254,BANCO MARIVA S.A.,310000000043,Cantidad de cuentas de ahorro,1628.0,N,2026,1,2026-01,inf_adi
00254,BANCO MARIVA S.A.,310000000051,Cantidad de operaciones a plazo fijo Individuos,327.0,N,2026,1,2026-01,inf_adi
00254,BANCO MARIVA S.A.,310000000052,Cantidad de operaciones a plazo fijo Empresas,85.0,N,2026,1,2026-01,inf_adi
00254,BANCO MARIVA S.A.,310000000064,Cantidad de operaciones por préstamos prendarios,6.0,N,2026,1,2026-01,inf_adi
00254,BANCO MARIVA S.A.,310000000065,Cantidad de operaciones por otros préstamos,346.0,N,2026,1,2026-01,inf_adi
00254,BANCO MARIVA S.A.,310000000070,Dotación de personal,216.0,N,2026,1,2026-01,inf_adi
00254,BANCO MARIVA S.A.,318000100002,Cantidad de tarjetas de débito,1301.0,N,2026,1,2026-01,inf_adi
00254,BANCO MARIVA S.A.,400100001000,Cantidad de Cuentas,195.0,N,2026,1,2026-01,inf_adi
00254,BANCO MARIVA S.A.,400100002000,Cantidad de Empresas,7.0,N,2026,1,2026-01,inf_adi
00266,BNP PARIBAS,310000000033,Cantidad de cuentas corrientes,64.0,N,2026,1,2026-01,inf_adi
00266,BNP PARIBAS,310000000043,Cantidad de cuentas de ahorro,16.0,N,2026,1,2026-01,inf_adi
00266,BNP PARIBAS,310000000052,Cantidad de operaciones a plazo fijo Empresas,2.0,N,2026,1,2026-01,inf_adi
00266,BNP PARIBAS,310000000065,Cantidad de operaciones por otros préstamos,1.0,N,2026,1,2026-01,inf_adi
00266,BNP PARIBAS,310000000070,Dotación de personal,80.0,N,2026,1,2026-01,inf_adi
00268,BANCO PROVINCIA DE TIERRA DEL FUEGO,310000000033,Cantidad de cuentas corrientes,1952.0,N,2026,1,2026-01,inf_adi
00268,BANCO PROVINCIA DE TIERRA DEL FUEGO,310000000043,Cantidad de cuentas de ahorro,83052.0,N,2026,1,2026-01,inf_adi
00268,BANCO PROVINCIA DE TIERRA DEL FUEGO,310000000044,Cantidad de cajas de ahorro de ayuda social,16907.0,N,2026,1,2026-01,inf_adi
00268,BANCO PROVINCIA DE TIERRA DEL FUEGO,310000000045,Cantidad de cuentas previsionales,12147.0,N,2026,1,2026-01,inf_adi
00268,BANCO PROVINCIA DE TIERRA DEL FUEGO,310000000051,Cantidad de operaciones a plazo fijo Individuos,5940.0,N,2026,1,2026-01,inf_adi
00268,BANCO PROVINCIA DE TIERRA DEL FUEGO,310000000052,Cantidad de operaciones a plazo fijo Empresas,476.0,N,2026,1,2026-01,inf_adi
00268,BANCO PROVINCIA DE TIERRA DEL FUEGO,310000000063,Cantidad de operaciones por préstamos hipotecarios,349.0,N,2026,1,2026-01,inf_adi
00268,BANCO PROVINCIA DE TIERRA DEL FUEGO,310000000064,Cantidad de operaciones por préstamos prendarios,18.0,N,2026,1,2026-01,inf_adi
00268,BANCO PROVINCIA DE TIERRA DEL FUEGO,310000000065,Cantidad de operaciones por otros préstamos,34083.0,N,2026,1,2026-01,inf_adi
00268,BANCO PROVINCIA DE TIERRA DEL FUEGO,310000000070,Dotación de personal,321.0,N,2026,1,2026-01,inf_adi
00268,BANCO PROVINCIA DE TIERRA DEL FUEGO,312100000011,Cantidad de titulares por tarjetas de crédito,29502.0,N,2026,1,2026-01,inf_adi
00268,BANCO PROVINCIA DE TIERRA DEL FUEGO,312100000012,Cantidad de tarjetas de crédito (plásticos),66940.0,N,2026,1,2026-01,inf_adi
00268,BANCO PROVINCIA DE TIERRA DEL FUEGO,318000100002,Cantidad de tarjetas de débito,76631.0,N,2026,1,2026-01,inf_adi
00268,BANCO PROVINCIA DE TIERRA DEL FUEGO,400100001000,Cantidad de Cuentas,40815.0,N,2026,1,2026-01,inf_adi
00268,BANCO PROVINCIA DE TIERRA DEL FUEGO,400100002000,Cantidad de Empresas,815.0,N,2026,1,2026-01,inf_adi
00269,BANCO DE LA REPUBLICA ORIENTAL DEL URUGUAY,310000000033,Cantidad de cuentas corrientes,45.0,N,2026,1,2026-01,inf_adi
00269,BANCO DE LA REPUBLICA ORIENTAL DEL URUGUAY,310000000043,Cantidad de cuentas de ahorro,2339.0,N,2026,1,2026-01,inf_adi
00269,BANCO DE LA REPUBLICA ORIENTAL DEL URUGUAY,310000000051,Cantidad de operaciones a plazo fijo Individuos,14.0,N,2026,1,2026-01,inf_adi
00269,BANCO DE LA REPUBLICA ORIENTAL DEL URUGUAY,310000000065,Cantidad de operaciones por otros préstamos,130.0,N,2026,1,2026-01,inf_adi
00269,BANCO DE LA REPUBLICA ORIENTAL DEL URUGUAY,310000000070,Dotación de personal,22.0,N,2026,1,2026-01,inf_adi
00269,BANCO DE LA REPUBLICA ORIENTAL DEL URUGUAY,312100000011,Cantidad de titulares por tarjetas de crédito,59.0,N,2026,1,2026-01,inf_adi
00269,BANCO DE LA REPUBLICA ORIENTAL DEL URUGUAY,312100000012,Cantidad de tarjetas de crédito (plásticos),114.0,N,2026,1,2026-01,inf_adi
00269,BANCO DE LA REPUBLICA ORIENTAL DEL URUGUAY,318000100002,Cantidad de tarjetas de débito,2614.0,N,2026,1,2026-01,inf_adi
00269,BANCO DE LA REPUBLICA ORIENTAL DEL URUGUAY,400100001000,Cantidad de Cuentas,36.0,N,2026,1,2026-01,inf_adi
00269,BANCO DE LA REPUBLICA ORIENTAL DEL URUGUAY,400100002000,Cantidad de Empresas,6.0,N,2026,1,2026-01,inf_adi
00277,BANCO SAENZ S.A.,310000000033,Cantidad de cuentas corrientes,157.0,N,2026,1,2026-01,inf_adi
00277,BANCO SAENZ S.A.,310000000043,Cantidad de cuentas de ahorro,534.0,N,2026,1,2026-01,inf_adi
00277,BANCO SAENZ S.A.,310000000051,Cantidad de operaciones a plazo fijo Individuos,28.0,N,2026,1,2026-01,inf_adi
00277,BANCO SAENZ S.A.,310000000052,Cantidad de operaciones a plazo fijo Empresas,31.0,N,2026,1,2026-01,inf_adi
00277,BANCO SAENZ S.A.,310000000065,Cantidad de operaciones por otros préstamos,62606.0,N,2026,1,2026-01,inf_adi
00277,BANCO SAENZ S.A.,310000000070,Dotación de personal,60.0,N,2026,1,2026-01,inf_adi
00277,BANCO SAENZ S.A.,312100000011,Cantidad de titulares por tarjetas de crédito,0.0,N,2026,1,2026-01,inf_adi
00277,BANCO SAENZ S.A.,312100000012,Cantidad de tarjetas de crédito (plásticos),0.0,N,2026,1,2026-01,inf_adi
00277,BANCO SAENZ S.A.,318000100002,Cantidad de tarjetas de débito,418.0,N,2026,1,2026-01,inf_adi
00277,BANCO SAENZ S.A.,400100001000,Cantidad de Cuentas,159.0,N,2026,1,2026-01,inf_adi
00277,BANCO SAENZ S.A.,400100002000,Cantidad de Empresas,1.0,N,2026,1,2026-01,inf_adi
00281,BANCO MERIDIAN S.A.,310000000033,Cantidad de cuentas corrientes,356.0,N,2026,1,2026-01,inf_adi
00281,BANCO MERIDIAN S.A.,310000000043,Cantidad de cuentas de ahorro,1196.0,N,2026,1,2026-01,inf_adi
00281,BANCO MERIDIAN S.A.,310000000051,Cantidad de operaciones a plazo fijo Individuos,1940.0,N,2026,1,2026-01,inf_adi
00281,BANCO MERIDIAN S.A.,310000000052,Cantidad de operaciones a plazo fijo Empresas,35.0,N,2026,1,2026-01,inf_adi
00281,BANCO MERIDIAN S.A.,310000000064,Cantidad de operaciones por préstamos prendarios,0.0,N,2026,1,2026-01,inf_adi
00281,BANCO MERIDIAN S.A.,310000000065,Cantidad de operaciones por otros préstamos,3474.0,N,2026,1,2026-01,inf_adi
00281,BANCO MERIDIAN S.A.,310000000070,Dotación de personal,76.0,N,2026,1,2026-01,inf_adi
00281,BANCO MERIDIAN S.A.,312100000011,Cantidad de titulares por tarjetas de crédito,447.0,N,2026,1,2026-01,inf_adi
00281,BANCO MERIDIAN S.A.,312100000012,Cantidad de tarjetas de crédito (plásticos),447.0,N,2026,1,2026-01,inf_adi
00281,BANCO MERIDIAN S.A.,318000100002,Cantidad de tarjetas de débito,1010.0,N,2026,1,2026-01,inf_adi
00281,BANCO MERIDIAN S.A.,400100001000,Cantidad de Cuentas,80.0,N,2026,1,2026-01,inf_adi
00281,BANCO MERIDIAN S.A.,400100002000,Cantidad de Empresas,11.0,N,2026,1,2026-01,inf_adi
00285,BANCO MACRO S.A.,310000000033,Cantidad de cuentas corrientes,890053.0,N,2026,1,2026-01,inf_adi
00285,BANCO MACRO S.A.,310000000043,Cantidad de cuentas de ahorro,8812189.0,N,2026,1,2026-01,inf_adi
00285,BANCO MACRO S.A.,310000000044,Cantidad de cajas de ahorro de ayuda social,1086197.0,N,2026,1,2026-01,inf_adi
00285,BANCO MACRO S.A.,310000000045,Cantidad de cuentas previsionales,1297255.0,N,2026,1,2026-01,inf_adi
00285,BANCO MACRO S.A.,310000000051,Cantidad de operaciones a plazo fijo Individuos,368826.0,N,2026,1,2026-01,inf_adi
00285,BANCO MACRO S.A.,310000000052,Cantidad de operaciones a plazo fijo Empresas,22368.0,N,2026,1,2026-01,inf_adi
00285,BANCO MACRO S.A.,310000000063,Cantidad de operaciones por préstamos hipotecarios,78634.0,N,2026,1,2026-01,inf_adi
00285,BANCO MACRO S.A.,310000000064,Cantidad de operaciones por préstamos prendarios,6568.0,N,2026,1,2026-01,inf_adi
00285,BANCO MACRO S.A.,310000000065,Cantidad de operaciones por otros préstamos,4396405.0,N,2026,1,2026-01,inf_adi
00285,BANCO MACRO S.A.,310000000070,Dotación de personal,8245.0,N,2026,1,2026-01,inf_adi
00285,BANCO MACRO S.A.,312100000011,Cantidad de titulares por tarjetas de crédito,2081728.0,N,2026,1,2026-01,inf_adi
00285,BANCO MACRO S.A.,312100000012,Cantidad de tarjetas de crédito (plásticos),3373794.0,N,2026,1,2026-01,inf_adi
00285,BANCO MACRO S.A.,318000100002,Cantidad de tarjetas de débito,6638673.0,N,2026,1,2026-01,inf_adi
00285,BANCO MACRO S.A.,400100001000,Cantidad de Cuentas,1088707.0,N,2026,1,2026-01,inf_adi
00285,BANCO MACRO S.A.,400100002000,Cantidad de Empresas,46079.0,N,2026,1,2026-01,inf_adi
00299,BANCO COMAFI SOCIEDAD ANONIMA,310000000033,Cantidad de cuentas corrientes,54563.0,N,2026,1,2026-01,inf_adi
00299,BANCO COMAFI SOCIEDAD ANONIMA,310000000043,Cantidad de cuentas de ahorro,438640.0,N,2026,1,2026-01,inf_adi
00299,BANCO COMAFI SOCIEDAD ANONIMA,310000000044,Cantidad de cajas de ahorro de ayuda social,90959.0,N,2026,1,2026-01,inf_adi
00299,BANCO COMAFI SOCIEDAD ANONIMA,310000000045,Cantidad de cuentas previsionales,43688.0,N,2026,1,2026-01,inf_adi
00299,BANCO COMAFI SOCIEDAD ANONIMA,310000000051,Cantidad de operaciones a plazo fijo Individuos,15903.0,N,2026,1,2026-01,inf_adi
00299,BANCO COMAFI SOCIEDAD ANONIMA,310000000052,Cantidad de operaciones a plazo fijo Empresas,661.0,N,2026,1,2026-01,inf_adi
00299,BANCO COMAFI SOCIEDAD ANONIMA,310000000063,Cantidad de operaciones por préstamos hipotecarios,139.0,N,2026,1,2026-01,inf_adi
00299,BANCO COMAFI SOCIEDAD ANONIMA,310000000064,Cantidad de operaciones por préstamos prendarios,66.0,N,2026,1,2026-01,inf_adi
00299,BANCO COMAFI SOCIEDAD ANONIMA,310000000065,Cantidad de operaciones por otros préstamos,171800.0,N,2026,1,2026-01,inf_adi
00299,BANCO COMAFI SOCIEDAD ANONIMA,310000000070,Dotación de personal,1417.0,N,2026,1,2026-01,inf_adi
00299,BANCO COMAFI SOCIEDAD ANONIMA,312100000011,Cantidad de titulares por tarjetas de crédito,122932.0,N,2026,1,2026-01,inf_adi
00299,BANCO COMAFI SOCIEDAD ANONIMA,312100000012,Cantidad de tarjetas de crédito (plásticos),199264.0,N,2026,1,2026-01,inf_adi
00299,BANCO COMAFI SOCIEDAD ANONIMA,318000100002,Cantidad de tarjetas de débito,211124.0,N,2026,1,2026-01,inf_adi
00299,BANCO COMAFI SOCIEDAD ANONIMA,400100001000,Cantidad de Cuentas,28425.0,N,2026,1,2026-01,inf_adi
00299,BANCO COMAFI SOCIEDAD ANONIMA,400100002000,Cantidad de Empresas,3423.0,N,2026,1,2026-01,inf_adi
00300,BANCO DE INVERSION Y COMERCIO EXTERIOR S.A.,310000000052,Cantidad de operaciones a plazo fijo Empresas,78.0,N,2026,1,2026-01,inf_adi
00300,BANCO DE INVERSION Y COMERCIO EXTERIOR S.A.,310000000063,Cantidad de operaciones por préstamos hipotecarios,1639.0,N,2026,1,2026-01,inf_adi
00300,BANCO DE INVERSION Y COMERCIO EXTERIOR S.A.,310000000064,Cantidad de operaciones por préstamos prendarios,61.0,N,2026,1,2026-01,inf_adi
00300,BANCO DE INVERSION Y COMERCIO EXTERIOR S.A.,310000000065,Cantidad de operaciones por otros préstamos,5130.0,N,2026,1,2026-01,inf_adi
00300,BANCO DE INVERSION Y COMERCIO EXTERIOR S.A.,310000000070,Dotación de personal,337.0,N,2026,1,2026-01,inf_adi
00301,BANCO PIANO S.A.,310000000033,Cantidad de cuentas corrientes,80900.0,N,2026,1,2026-01,inf_adi
00301,BANCO PIANO S.A.,310000000043,Cantidad de cuentas de ahorro,488861.0,N,2026,1,2026-01,inf_adi
00301,BANCO PIANO S.A.,310000000044,Cantidad de cajas de ahorro de ayuda social,83423.0,N,2026,1,2026-01,inf_adi
00301,BANCO PIANO S.A.,310000000045,Cantidad de cuentas previsionales,315154.0,N,2026,1,2026-01,inf_adi
00301,BANCO PIANO S.A.,310000000051,Cantidad de operaciones a plazo fijo Individuos,10199.0,N,2026,1,2026-01,inf_adi
00301,BANCO PIANO S.A.,310000000052,Cantidad de operaciones a plazo fijo Empresas,4.0,N,2026,1,2026-01,inf_adi
00301,BANCO PIANO S.A.,310000000065,Cantidad de operaciones por otros préstamos,15.0,N,2026,1,2026-01,inf_adi
00301,BANCO PIANO S.A.,310000000070,Dotación de personal,545.0,N,2026,1,2026-01,inf_adi
00301,BANCO PIANO S.A.,318000100002,Cantidad de tarjetas de débito,285423.0,N,2026,1,2026-01,inf_adi
00305,BANCO JULIO SOCIEDAD ANONIMA,310000000033,Cantidad de cuentas corrientes,519.0,N,2026,1,2026-01,inf_adi
00305,BANCO JULIO SOCIEDAD ANONIMA,310000000043,Cantidad de cuentas de ahorro,802.0,N,2026,1,2026-01,inf_adi
00305,BANCO JULIO SOCIEDAD ANONIMA,310000000051,Cantidad de operaciones a plazo fijo Individuos,81.0,N,2026,1,2026-01,inf_adi
00305,BANCO JULIO SOCIEDAD ANONIMA,310000000052,Cantidad de operaciones a plazo fijo Empresas,50.0,N,2026,1,2026-01,inf_adi
00305,BANCO JULIO SOCIEDAD ANONIMA,310000000063,Cantidad de operaciones por préstamos hipotecarios,3.0,N,2026,1,2026-01,inf_adi
00305,BANCO JULIO SOCIEDAD ANONIMA,310000000064,Cantidad de operaciones por préstamos prendarios,11.0,N,2026,1,2026-01,inf_adi
00305,BANCO JULIO SOCIEDAD ANONIMA,310000000065,Cantidad de operaciones por otros préstamos,630.0,N,2026,1,2026-01,inf_adi
00305,BANCO JULIO SOCIEDAD ANONIMA,310000000070,Dotación de personal,83.0,N,2026,1,2026-01,inf_adi
00309,BANCO RIOJA SOCIEDAD ANONIMA UNIPERSONAL,310000000033,Cantidad de cuentas corrientes,1517.0,N,2026,1,2026-01,inf_adi
00309,BANCO RIOJA SOCIEDAD ANONIMA UNIPERSONAL,310000000043,Cantidad de cuentas de ahorro,203838.0,N,2026,1,2026-01,inf_adi
00309,BANCO RIOJA SOCIEDAD ANONIMA UNIPERSONAL,310000000044,Cantidad de cajas de ahorro de ayuda social,34884.0,N,2026,1,2026-01,inf_adi
00309,BANCO RIOJA SOCIEDAD ANONIMA UNIPERSONAL,310000000045,Cantidad de cuentas previsionales,52182.0,N,2026,1,2026-01,inf_adi
00309,BANCO RIOJA SOCIEDAD ANONIMA UNIPERSONAL,310000000051,Cantidad de operaciones a plazo fijo Individuos,5277.0,N,2026,1,2026-01,inf_adi
00309,BANCO RIOJA SOCIEDAD ANONIMA UNIPERSONAL,310000000052,Cantidad de operaciones a plazo fijo Empresas,60.0,N,2026,1,2026-01,inf_adi
00309,BANCO RIOJA SOCIEDAD ANONIMA UNIPERSONAL,310000000063,Cantidad de operaciones por préstamos hipotecarios,28.0,N,2026,1,2026-01,inf_adi
00309,BANCO RIOJA SOCIEDAD ANONIMA UNIPERSONAL,310000000064,Cantidad de operaciones por préstamos prendarios,7.0,N,2026,1,2026-01,inf_adi
00309,BANCO RIOJA SOCIEDAD ANONIMA UNIPERSONAL,310000000065,Cantidad de operaciones por otros préstamos,77297.0,N,2026,1,2026-01,inf_adi
00309,BANCO RIOJA SOCIEDAD ANONIMA UNIPERSONAL,310000000070,Dotación de personal,346.0,N,2026,1,2026-01,inf_adi
00309,BANCO RIOJA SOCIEDAD ANONIMA UNIPERSONAL,312100000011,Cantidad de titulares por tarjetas de crédito,25448.0,N,2026,1,2026-01,inf_adi
00309,BANCO RIOJA SOCIEDAD ANONIMA UNIPERSONAL,312100000012,Cantidad de tarjetas de crédito (plásticos),25448.0,N,2026,1,2026-01,inf_adi
00309,BANCO RIOJA SOCIEDAD ANONIMA UNIPERSONAL,318000100002,Cantidad de tarjetas de débito,200390.0,N,2026,1,2026-01,inf_adi
00309,BANCO RIOJA SOCIEDAD ANONIMA UNIPERSONAL,400100001000,Cantidad de Cuentas,97643.0,N,2026,1,2026-01,inf_adi
00309,BANCO RIOJA SOCIEDAD ANONIMA UNIPERSONAL,400100002000,Cantidad de Empresas,229.0,N,2026,1,2026-01,inf_adi
00310,BANCO DEL SOL S.A.,310000000033,Cantidad de cuentas corrientes,1280.0,N,2026,1,2026-01,inf_adi
00310,BANCO DEL SOL S.A.,310000000043,Cantidad de cuentas de ahorro,200188.0,N,2026,1,2026-01,inf_adi
00310,BANCO DEL SOL S.A.,310000000051,Cantidad de operaciones a plazo fijo Individuos,8876.0,N,2026,1,2026-01,inf_adi
00310,BANCO DEL SOL S.A.,310000000052,Cantidad de operaciones a plazo fijo Empresas,84.0,N,2026,1,2026-01,inf_adi
00310,BANCO DEL SOL S.A.,310000000063,Cantidad de operaciones por préstamos hipotecarios,1.0,N,2026,1,2026-01,inf_adi
00310,BANCO DEL SOL S.A.,310000000064,Cantidad de operaciones por préstamos prendarios,17151.0,N,2026,1,2026-01,inf_adi
00310,BANCO DEL SOL S.A.,310000000065,Cantidad de operaciones por otros préstamos,160852.0,N,2026,1,2026-01,inf_adi
00310,BANCO DEL SOL S.A.,310000000070,Dotación de personal,282.0,N,2026,1,2026-01,inf_adi
00310,BANCO DEL SOL S.A.,312100000011,Cantidad de titulares por tarjetas de crédito,19278.0,N,2026,1,2026-01,inf_adi
00310,BANCO DEL SOL S.A.,312100000012,Cantidad de tarjetas de crédito (plásticos),18439.0,N,2026,1,2026-01,inf_adi
00310,BANCO DEL SOL S.A.,318000100002,Cantidad de tarjetas de débito,498983.0,N,2026,1,2026-01,inf_adi
00310,BANCO DEL SOL S.A.,400100001000,Cantidad de Cuentas,4309.0,N,2026,1,2026-01,inf_adi
00310,BANCO DEL SOL S.A.,400100002000,Cantidad de Empresas,439.0,N,2026,1,2026-01,inf_adi
00311,NUEVO BANCO DEL CHACO S. A.,310000000033,Cantidad de cuentas corrientes,6261.0,N,2026,1,2026-01,inf_adi
00311,NUEVO BANCO DEL CHACO S. A.,310000000043,Cantidad de cuentas de ahorro,926239.0,N,2026,1,2026-01,inf_adi
00311,NUEVO BANCO DEL CHACO S. A.,310000000044,Cantidad de cajas de ahorro de ayuda social,198216.0,N,2026,1,2026-01,inf_adi
00311,NUEVO BANCO DEL CHACO S. A.,310000000045,Cantidad de cuentas previsionales,269402.0,N,2026,1,2026-01,inf_adi
00311,NUEVO BANCO DEL CHACO S. A.,310000000051,Cantidad de operaciones a plazo fijo Individuos,28254.0,N,2026,1,2026-01,inf_adi
00311,NUEVO BANCO DEL CHACO S. A.,310000000052,Cantidad de operaciones a plazo fijo Empresas,702.0,N,2026,1,2026-01,inf_adi
00311,NUEVO BANCO DEL CHACO S. A.,310000000063,Cantidad de operaciones por préstamos hipotecarios,114.0,N,2026,1,2026-01,inf_adi
00311,NUEVO BANCO DEL CHACO S. A.,310000000064,Cantidad de operaciones por préstamos prendarios,6.0,N,2026,1,2026-01,inf_adi
00311,NUEVO BANCO DEL CHACO S. A.,310000000065,Cantidad de operaciones por otros préstamos,448320.0,N,2026,1,2026-01,inf_adi
00311,NUEVO BANCO DEL CHACO S. A.,310000000070,Dotación de personal,701.0,N,2026,1,2026-01,inf_adi
00311,NUEVO BANCO DEL CHACO S. A.,312100000011,Cantidad de titulares por tarjetas de crédito,240600.0,N,2026,1,2026-01,inf_adi
00311,NUEVO BANCO DEL CHACO S. A.,312100000012,Cantidad de tarjetas de crédito (plásticos),240600.0,N,2026,1,2026-01,inf_adi
00311,NUEVO BANCO DEL CHACO S. A.,318000100002,Cantidad de tarjetas de débito,693145.0,N,2026,1,2026-01,inf_adi
00311,NUEVO BANCO DEL CHACO S. A.,400100001000,Cantidad de Cuentas,174887.0,N,2026,1,2026-01,inf_adi
00311,NUEVO BANCO DEL CHACO S. A.,400100002000,Cantidad de Empresas,728.0,N,2026,1,2026-01,inf_adi
00312,BANCO VOII S.A.,310000000033,Cantidad de cuentas corrientes,78.0,N,2026,1,2026-01,inf_adi
00312,BANCO VOII S.A.,310000000043,Cantidad de cuentas de ahorro,716.0,N,2026,1,2026-01,inf_adi
00312,BANCO VOII S.A.,310000000051,Cantidad de operaciones a plazo fijo Individuos,10378.0,N,2026,1,2026-01,inf_adi
00312,BANCO VOII S.A.,310000000052,Cantidad de operaciones a plazo fijo Empresas,56.0,N,2026,1,2026-01,inf_adi
00312,BANCO VOII S.A.,310000000065,Cantidad de operaciones por otros préstamos,92203.0,N,2026,1,2026-01,inf_adi
00312,BANCO VOII S.A.,310000000070,Dotación de personal,67.0,N,2026,1,2026-01,inf_adi
00312,BANCO VOII S.A.,312100000012,Cantidad de tarjetas de crédito (plásticos),0.0,N,2026,1,2026-01,inf_adi
00312,BANCO VOII S.A.,318000100002,Cantidad de tarjetas de débito,87.0,N,2026,1,2026-01,inf_adi
00315,BANCO DE FORMOSA S.A.,310000000033,Cantidad de cuentas corrientes,35401.0,N,2026,1,2026-01,inf_adi
00315,BANCO DE FORMOSA S.A.,310000000043,Cantidad de cuentas de ahorro,513289.0,N,2026,1,2026-01,inf_adi
00315,BANCO DE FORMOSA S.A.,310000000044,Cantidad de cajas de ahorro de ayuda social,196423.0,N,2026,1,2026-01,inf_adi
00315,BANCO DE FORMOSA S.A.,310000000045,Cantidad de cuentas previsionales,344260.0,N,2026,1,2026-01,inf_adi
00315,BANCO DE FORMOSA S.A.,310000000051,Cantidad de operaciones a plazo fijo Individuos,7002.0,N,2026,1,2026-01,inf_adi
00315,BANCO DE FORMOSA S.A.,310000000052,Cantidad de operaciones a plazo fijo Empresas,117.0,N,2026,1,2026-01,inf_adi
00315,BANCO DE FORMOSA S.A.,310000000063,Cantidad de operaciones por préstamos hipotecarios,22.0,N,2026,1,2026-01,inf_adi
00315,BANCO DE FORMOSA S.A.,310000000064,Cantidad de operaciones por préstamos prendarios,2490.0,N,2026,1,2026-01,inf_adi
00315,BANCO DE FORMOSA S.A.,310000000065,Cantidad de operaciones por otros préstamos,167580.0,N,2026,1,2026-01,inf_adi
00315,BANCO DE FORMOSA S.A.,310000000070,Dotación de personal,550.0,N,2026,1,2026-01,inf_adi
00315,BANCO DE FORMOSA S.A.,312100000011,Cantidad de titulares por tarjetas de crédito,85635.0,N,2026,1,2026-01,inf_adi
00315,BANCO DE FORMOSA S.A.,312100000012,Cantidad de tarjetas de crédito (plásticos),85635.0,N,2026,1,2026-01,inf_adi
00315,BANCO DE FORMOSA S.A.,318000100002,Cantidad de tarjetas de débito,641955.0,N,2026,1,2026-01,inf_adi
00315,BANCO DE FORMOSA S.A.,400100001000,Cantidad de Cuentas,65693.0,N,2026,1,2026-01,inf_adi
00315,BANCO DE FORMOSA S.A.,400100002000,Cantidad de Empresas,285.0,N,2026,1,2026-01,inf_adi
00319,BANCO CMF S.A.,310000000033,Cantidad de cuentas corrientes,1336.0,N,2026,1,2026-01,inf_adi
00319,BANCO CMF S.A.,310000000043,Cantidad de cuentas de ahorro,2167.0,N,2026,1,2026-01,inf_adi
00319,BANCO CMF S.A.,310000000051,Cantidad de operaciones a plazo fijo Individuos,112.0,N,2026,1,2026-01,inf_adi
00319,BANCO CMF S.A.,310000000052,Cantidad de operaciones a plazo fijo Empresas,53.0,N,2026,1,2026-01,inf_adi
00319,BANCO CMF S.A.,310000000063,Cantidad de operaciones por préstamos hipotecarios,1.0,N,2026,1,2026-01,inf_adi
00319,BANCO CMF S.A.,310000000064,Cantidad de operaciones por préstamos prendarios,1.0,N,2026,1,2026-01,inf_adi
00319,BANCO CMF S.A.,310000000065,Cantidad de operaciones por otros préstamos,58.0,N,2026,1,2026-01,inf_adi
00319,BANCO CMF S.A.,310000000070,Dotación de personal,199.0,N,2026,1,2026-01,inf_adi
00319,BANCO CMF S.A.,312100000011,Cantidad de titulares por tarjetas de crédito,287.0,N,2026,1,2026-01,inf_adi
00319,BANCO CMF S.A.,312100000012,Cantidad de tarjetas de crédito (plásticos),287.0,N,2026,1,2026-01,inf_adi
00319,BANCO CMF S.A.,400100001000,Cantidad de Cuentas,3.0,N,2026,1,2026-01,inf_adi
00319,BANCO CMF S.A.,400100002000,Cantidad de Empresas,1.0,N,2026,1,2026-01,inf_adi
00321,BANCO DE SANTIAGO DEL ESTERO S.A.,310000000033,Cantidad de cuentas corrientes,10664.0,N,2026,1,2026-01,inf_adi
00321,BANCO DE SANTIAGO DEL ESTERO S.A.,310000000043,Cantidad de cuentas de ahorro,1256916.0,N,2026,1,2026-01,inf_adi
00321,BANCO DE SANTIAGO DEL ESTERO S.A.,310000000044,Cantidad de cajas de ahorro de ayuda social,0.0,N,2026,1,2026-01,inf_adi
00321,BANCO DE SANTIAGO DEL ESTERO S.A.,310000000045,Cantidad de cuentas previsionales,0.0,N,2026,1,2026-01,inf_adi
00321,BANCO DE SANTIAGO DEL ESTERO S.A.,310000000051,Cantidad de operaciones a plazo fijo Individuos,0.0,N,2026,1,2026-01,inf_adi
00321,BANCO DE SANTIAGO DEL ESTERO S.A.,310000000052,Cantidad de operaciones a plazo fijo Empresas,0.0,N,2026,1,2026-01,inf_adi
00321,BANCO DE SANTIAGO DEL ESTERO S.A.,310000000065,Cantidad de operaciones por otros préstamos,0.0,N,2026,1,2026-01,inf_adi
00321,BANCO DE SANTIAGO DEL ESTERO S.A.,310000000070,Dotación de personal,0.0,N,2026,1,2026-01,inf_adi
00321,BANCO DE SANTIAGO DEL ESTERO S.A.,312100000011,Cantidad de titulares por tarjetas de crédito,0.0,N,2026,1,2026-01,inf_adi
00321,BANCO DE SANTIAGO DEL ESTERO S.A.,312100000012,Cantidad de tarjetas de crédito (plásticos),0.0,N,2026,1,2026-01,inf_adi
00321,BANCO DE SANTIAGO DEL ESTERO S.A.,318000100002,Cantidad de tarjetas de débito,0.0,N,2026,1,2026-01,inf_adi
00321,BANCO DE SANTIAGO DEL ESTERO S.A.,400100001000,Cantidad de Cuentas,85826.0,N,2026,1,2026-01,inf_adi
00321,BANCO DE SANTIAGO DEL ESTERO S.A.,400100002000,Cantidad de Empresas,289.0,N,2026,1,2026-01,inf_adi
00322,BANCO INDUSTRIAL S.A.,310000000033,Cantidad de cuentas corrientes,23030.0,N,2026,1,2026-01,inf_adi
00322,BANCO INDUSTRIAL S.A.,310000000043,Cantidad de cuentas de ahorro,7856686.0,N,2026,1,2026-01,inf_adi
00322,BANCO INDUSTRIAL S.A.,310000000044,Cantidad de cajas de ahorro de ayuda social,64.0,N,2026,1,2026-01,inf_adi
00322,BANCO INDUSTRIAL S.A.,310000000045,Cantidad de cuentas previsionales,396.0,N,2026,1,2026-01,inf_adi
00322,BANCO INDUSTRIAL S.A.,310000000051,Cantidad de operaciones a plazo fijo Individuos,5.0,N,2026,1,2026-01,inf_adi
00322,BANCO INDUSTRIAL S.A.,310000000052,Cantidad de operaciones a plazo fijo Empresas,27.0,N,2026,1,2026-01,inf_adi
00322,BANCO INDUSTRIAL S.A.,310000000065,Cantidad de operaciones por otros préstamos,268336.0,N,2026,1,2026-01,inf_adi
00322,BANCO INDUSTRIAL S.A.,310000000070,Dotación de personal,651.0,N,2026,1,2026-01,inf_adi
00322,BANCO INDUSTRIAL S.A.,312100000011,Cantidad de titulares por tarjetas de crédito,6206.0,N,2026,1,2026-01,inf_adi
00322,BANCO INDUSTRIAL S.A.,312100000012,Cantidad de tarjetas de crédito (plásticos),9311.0,N,2026,1,2026-01,inf_adi
00322,BANCO INDUSTRIAL S.A.,318000100002,Cantidad de tarjetas de débito,328900.0,N,2026,1,2026-01,inf_adi
00322,BANCO INDUSTRIAL S.A.,400100001000,Cantidad de Cuentas,1484.0,N,2026,1,2026-01,inf_adi
00322,BANCO INDUSTRIAL S.A.,400100002000,Cantidad de Empresas,115.0,N,2026,1,2026-01,inf_adi
00330,NUEVO BANCO DE SANTA FE SOCIEDAD ANONIMA,310000000033,Cantidad de cuentas corrientes,68549.0,N,2026,1,2026-01,inf_adi
00330,NUEVO BANCO DE SANTA FE SOCIEDAD ANONIMA,310000000043,Cantidad de cuentas de ahorro,1327359.0,N,2026,1,2026-01,inf_adi
00330,NUEVO BANCO DE SANTA FE SOCIEDAD ANONIMA,310000000044,Cantidad de cajas de ahorro de ayuda social,313297.0,N,2026,1,2026-01,inf_adi
00330,NUEVO BANCO DE SANTA FE SOCIEDAD ANONIMA,310000000045,Cantidad de cuentas previsionales,1018573.0,N,2026,1,2026-01,inf_adi
00330,NUEVO BANCO DE SANTA FE SOCIEDAD ANONIMA,310000000051,Cantidad de operaciones a plazo fijo Individuos,58918.0,N,2026,1,2026-01,inf_adi
00330,NUEVO BANCO DE SANTA FE SOCIEDAD ANONIMA,310000000052,Cantidad de operaciones a plazo fijo Empresas,7324.0,N,2026,1,2026-01,inf_adi
00330,NUEVO BANCO DE SANTA FE SOCIEDAD ANONIMA,310000000063,Cantidad de operaciones por préstamos hipotecarios,653.0,N,2026,1,2026-01,inf_adi
00330,NUEVO BANCO DE SANTA FE SOCIEDAD ANONIMA,310000000064,Cantidad de operaciones por préstamos prendarios,1080.0,N,2026,1,2026-01,inf_adi
00330,NUEVO BANCO DE SANTA FE SOCIEDAD ANONIMA,310000000065,Cantidad de operaciones por otros préstamos,1012089.0,N,2026,1,2026-01,inf_adi
00330,NUEVO BANCO DE SANTA FE SOCIEDAD ANONIMA,310000000070,Dotación de personal,1475.0,N,2026,1,2026-01,inf_adi
00330,NUEVO BANCO DE SANTA FE SOCIEDAD ANONIMA,312100000011,Cantidad de titulares por tarjetas de crédito,455496.0,N,2026,1,2026-01,inf_adi
00330,NUEVO BANCO DE SANTA FE SOCIEDAD ANONIMA,312100000012,Cantidad de tarjetas de crédito (plásticos),696830.0,N,2026,1,2026-01,inf_adi
00330,NUEVO BANCO DE SANTA FE SOCIEDAD ANONIMA,318000100002,Cantidad de tarjetas de débito,1125688.0,N,2026,1,2026-01,inf_adi
00330,NUEVO BANCO DE SANTA FE SOCIEDAD ANONIMA,400100001000,Cantidad de Cuentas,241927.0,N,2026,1,2026-01,inf_adi
00330,NUEVO BANCO DE SANTA FE SOCIEDAD ANONIMA,400100002000,Cantidad de Empresas,2963.0,N,2026,1,2026-01,inf_adi
00331,BANCO CETELEM ARGENTINA S.A.,310000000070,Dotación de personal,5.0,N,2026,1,2026-01,inf_adi
00332,BANCO DE SERVICIOS FINANCIEROS S.A.,310000000043,Cantidad de cuentas de ahorro,0.0,N,2026,1,2026-01,inf_adi
00332,BANCO DE SERVICIOS FINANCIEROS S.A.,310000000052,Cantidad de operaciones a plazo fijo Empresas,0.0,N,2026,1,2026-01,inf_adi
00332,BANCO DE SERVICIOS FINANCIEROS S.A.,310000000065,Cantidad de operaciones por otros préstamos,570455.0,N,2026,1,2026-01,inf_adi
00332,BANCO DE SERVICIOS FINANCIEROS S.A.,310000000070,Dotación de personal,172.0,N,2026,1,2026-01,inf_adi
00332,BANCO DE SERVICIOS FINANCIEROS S.A.,312100000011,Cantidad de titulares por tarjetas de crédito,527751.0,N,2026,1,2026-01,inf_adi
00332,BANCO DE SERVICIOS FINANCIEROS S.A.,312100000012,Cantidad de tarjetas de crédito (plásticos),596479.0,N,2026,1,2026-01,inf_adi
00338,BANCO DE SERVICIOS Y TRANSACCIONES SAU,310000000033,Cantidad de cuentas corrientes,747.0,N,2026,1,2026-01,inf_adi
00338,BANCO DE SERVICIOS Y TRANSACCIONES SAU,310000000043,Cantidad de cuentas de ahorro,641.0,N,2026,1,2026-01,inf_adi
00338,BANCO DE SERVICIOS Y TRANSACCIONES SAU,310000000051,Cantidad de operaciones a plazo fijo Individuos,29.0,N,2026,1,2026-01,inf_adi
00338,BANCO DE SERVICIOS Y TRANSACCIONES SAU,310000000052,Cantidad de operaciones a plazo fijo Empresas,26.0,N,2026,1,2026-01,inf_adi
00338,BANCO DE SERVICIOS Y TRANSACCIONES SAU,310000000063,Cantidad de operaciones por préstamos hipotecarios,3.0,N,2026,1,2026-01,inf_adi
00338,BANCO DE SERVICIOS Y TRANSACCIONES SAU,310000000065,Cantidad de operaciones por otros préstamos,15136.0,N,2026,1,2026-01,inf_adi
00338,BANCO DE SERVICIOS Y TRANSACCIONES SAU,310000000070,Dotación de personal,148.0,N,2026,1,2026-01,inf_adi
00338,BANCO DE SERVICIOS Y TRANSACCIONES SAU,318000100002,Cantidad de tarjetas de débito,100.0,N,2026,1,2026-01,inf_adi
00338,BANCO DE SERVICIOS Y TRANSACCIONES SAU,400100001000,Cantidad de Cuentas,5.0,N,2026,1,2026-01,inf_adi
00338,BANCO DE SERVICIOS Y TRANSACCIONES SAU,400100002000,Cantidad de Empresas,2.0,N,2026,1,2026-01,inf_adi
00339,RCI BANQUE S.A.,310000000033,Cantidad de cuentas corrientes,3.0,N,2026,1,2026-01,inf_adi
00339,RCI BANQUE S.A.,310000000051,Cantidad de operaciones a plazo fijo Individuos,1.0,N,2026,1,2026-01,inf_adi
00339,RCI BANQUE S.A.,310000000052,Cantidad de operaciones a plazo fijo Empresas,1.0,N,2026,1,2026-01,inf_adi
00339,RCI BANQUE S.A.,310000000063,Cantidad de operaciones por préstamos hipotecarios,2.0,N,2026,1,2026-01,inf_adi
00339,RCI BANQUE S.A.,310000000065,Cantidad de operaciones por otros préstamos,22609.0,N,2026,1,2026-01,inf_adi
00339,RCI BANQUE S.A.,310000000070,Dotación de personal,19.0,N,2026,1,2026-01,inf_adi
00340,BACS BANCO DE CREDITO Y SECURITIZACION S.A.,310000000033,Cantidad de cuentas corrientes,1.0,N,2026,1,2026-01,inf_adi
00340,BACS BANCO DE CREDITO Y SECURITIZACION S.A.,310000000043,Cantidad de cuentas de ahorro,19.0,N,2026,1,2026-01,inf_adi
00340,BACS BANCO DE CREDITO Y SECURITIZACION S.A.,310000000052,Cantidad de operaciones a plazo fijo Empresas,39.0,N,2026,1,2026-01,inf_adi
00340,BACS BANCO DE CREDITO Y SECURITIZACION S.A.,310000000063,Cantidad de operaciones por préstamos hipotecarios,0.0,N,2026,1,2026-01,inf_adi
00340,BACS BANCO DE CREDITO Y SECURITIZACION S.A.,310000000064,Cantidad de operaciones por préstamos prendarios,1.0,N,2026,1,2026-01,inf_adi
00340,BACS BANCO DE CREDITO Y SECURITIZACION S.A.,310000000065,Cantidad de operaciones por otros préstamos,31070.0,N,2026,1,2026-01,inf_adi
00340,BACS BANCO DE CREDITO Y SECURITIZACION S.A.,310000000070,Dotación de personal,71.0,N,2026,1,2026-01,inf_adi
00341,BANCO MASVENTAS S.A.,310000000033,Cantidad de cuentas corrientes,278.0,N,2026,1,2026-01,inf_adi
00341,BANCO MASVENTAS S.A.,310000000043,Cantidad de cuentas de ahorro,7818.0,N,2026,1,2026-01,inf_adi
00341,BANCO MASVENTAS S.A.,310000000051,Cantidad de operaciones a plazo fijo Individuos,0.0,N,2026,1,2026-01,inf_adi
00341,BANCO MASVENTAS S.A.,310000000052,Cantidad de operaciones a plazo fijo Empresas,0.0,N,2026,1,2026-01,inf_adi
00341,BANCO MASVENTAS S.A.,310000000063,Cantidad de operaciones por préstamos hipotecarios,0.0,N,2026,1,2026-01,inf_adi
00341,BANCO MASVENTAS S.A.,310000000064,Cantidad de operaciones por préstamos prendarios,0.0,N,2026,1,2026-01,inf_adi
00341,BANCO MASVENTAS S.A.,310000000065,Cantidad de operaciones por otros préstamos,0.0,N,2026,1,2026-01,inf_adi
00341,BANCO MASVENTAS S.A.,310000000070,Dotación de personal,0.0,N,2026,1,2026-01,inf_adi
00341,BANCO MASVENTAS S.A.,312100000011,Cantidad de titulares por tarjetas de crédito,0.0,N,2026,1,2026-01,inf_adi
00341,BANCO MASVENTAS S.A.,312100000012,Cantidad de tarjetas de crédito (plásticos),0.0,N,2026,1,2026-01,inf_adi
00341,BANCO MASVENTAS S.A.,318000100002,Cantidad de tarjetas de débito,0.0,N,2026,1,2026-01,inf_adi
00341,BANCO MASVENTAS S.A.,400100001000,Cantidad de Cuentas,684.0,N,2026,1,2026-01,inf_adi
00341,BANCO MASVENTAS S.A.,400100002000,Cantidad de Empresas,40.0,N,2026,1,2026-01,inf_adi
00384,UALA BANK S.A.U.,310000000043,Cantidad de cuentas de ahorro,4665968.0,N,2026,1,2026-01,inf_adi
00384,UALA BANK S.A.U.,310000000051,Cantidad de operaciones a plazo fijo Individuos,120390.0,N,2026,1,2026-01,inf_adi
00384,UALA BANK S.A.U.,310000000052,Cantidad de operaciones a plazo fijo Empresas,18.0,N,2026,1,2026-01,inf_adi
00384,UALA BANK S.A.U.,310000000065,Cantidad de operaciones por otros préstamos,628378.0,N,2026,1,2026-01,inf_adi
00384,UALA BANK S.A.U.,310000000070,Dotación de personal,130.0,N,2026,1,2026-01,inf_adi
00384,UALA BANK S.A.U.,312100000011,Cantidad de titulares por tarjetas de crédito,200017.0,N,2026,1,2026-01,inf_adi
00384,UALA BANK S.A.U.,312100000012,Cantidad de tarjetas de crédito (plásticos),200017.0,N,2026,1,2026-01,inf_adi
00384,UALA BANK S.A.U.,318000100002,Cantidad de tarjetas de débito,0.0,N,2026,1,2026-01,inf_adi
00384,UALA BANK S.A.U.,400100001000,Cantidad de Cuentas,176.0,N,2026,1,2026-01,inf_adi
00384,UALA BANK S.A.U.,400100002000,Cantidad de Empresas,168.0,N,2026,1,2026-01,inf_adi
00386,NUEVO BANCO DE ENTRE RÍOS S.A.,310000000033,Cantidad de cuentas corrientes,36397.0,N,2026,1,2026-01,inf_adi
00386,NUEVO BANCO DE ENTRE RÍOS S.A.,310000000043,Cantidad de cuentas de ahorro,786982.0,N,2026,1,2026-01,inf_adi
00386,NUEVO BANCO DE ENTRE RÍOS S.A.,310000000044,Cantidad de cajas de ahorro de ayuda social,148199.0,N,2026,1,2026-01,inf_adi
00386,NUEVO BANCO DE ENTRE RÍOS S.A.,310000000045,Cantidad de cuentas previsionales,305460.0,N,2026,1,2026-01,inf_adi
00386,NUEVO BANCO DE ENTRE RÍOS S.A.,310000000051,Cantidad de operaciones a plazo fijo Individuos,31930.0,N,2026,1,2026-01,inf_adi
00386,NUEVO BANCO DE ENTRE RÍOS S.A.,310000000052,Cantidad de operaciones a plazo fijo Empresas,410.0,N,2026,1,2026-01,inf_adi
00386,NUEVO BANCO DE ENTRE RÍOS S.A.,310000000063,Cantidad de operaciones por préstamos hipotecarios,245.0,N,2026,1,2026-01,inf_adi
00386,NUEVO BANCO DE ENTRE RÍOS S.A.,310000000064,Cantidad de operaciones por préstamos prendarios,192.0,N,2026,1,2026-01,inf_adi
00386,NUEVO BANCO DE ENTRE RÍOS S.A.,310000000065,Cantidad de operaciones por otros préstamos,604015.0,N,2026,1,2026-01,inf_adi
00386,NUEVO BANCO DE ENTRE RÍOS S.A.,310000000070,Dotación de personal,724.0,N,2026,1,2026-01,inf_adi
00386,NUEVO BANCO DE ENTRE RÍOS S.A.,312100000011,Cantidad de titulares por tarjetas de crédito,220281.0,N,2026,1,2026-01,inf_adi
00386,NUEVO BANCO DE ENTRE RÍOS S.A.,312100000012,Cantidad de tarjetas de crédito (plásticos),281782.0,N,2026,1,2026-01,inf_adi
00386,NUEVO BANCO DE ENTRE RÍOS S.A.,318000100002,Cantidad de tarjetas de débito,819427.0,N,2026,1,2026-01,inf_adi
00386,NUEVO BANCO DE ENTRE RÍOS S.A.,400100001000,Cantidad de Cuentas,202004.0,N,2026,1,2026-01,inf_adi
00386,NUEVO BANCO DE ENTRE RÍOS S.A.,400100002000,Cantidad de Empresas,1290.0,N,2026,1,2026-01,inf_adi
00389,BANCO COLUMBIA S.A.,310000000033,Cantidad de cuentas corrientes,2155.0,N,2026,1,2026-01,inf_adi
00389,BANCO COLUMBIA S.A.,310000000043,Cantidad de cuentas de ahorro,346365.0,N,2026,1,2026-01,inf_adi
00389,BANCO COLUMBIA S.A.,310000000044,Cantidad de cajas de ahorro de ayuda social,159346.0,N,2026,1,2026-01,inf_adi
00389,BANCO COLUMBIA S.A.,310000000045,Cantidad de cuentas previsionales,138550.0,N,2026,1,2026-01,inf_adi
00389,BANCO COLUMBIA S.A.,310000000051,Cantidad de operaciones a plazo fijo Individuos,249702.0,N,2026,1,2026-01,inf_adi
00389,BANCO COLUMBIA S.A.,310000000052,Cantidad de operaciones a plazo fijo Empresas,626.0,N,2026,1,2026-01,inf_adi
00389,BANCO COLUMBIA S.A.,310000000064,Cantidad de operaciones por préstamos prendarios,5621.0,N,2026,1,2026-01,inf_adi
00389,BANCO COLUMBIA S.A.,310000000065,Cantidad de operaciones por otros préstamos,181155.0,N,2026,1,2026-01,inf_adi
00389,BANCO COLUMBIA S.A.,310000000070,Dotación de personal,660.0,N,2026,1,2026-01,inf_adi
00389,BANCO COLUMBIA S.A.,312100000011,Cantidad de titulares por tarjetas de crédito,220337.0,N,2026,1,2026-01,inf_adi
00389,BANCO COLUMBIA S.A.,312100000012,Cantidad de tarjetas de crédito (plásticos),282450.0,N,2026,1,2026-01,inf_adi
00389,BANCO COLUMBIA S.A.,318000100002,Cantidad de tarjetas de débito,398667.0,N,2026,1,2026-01,inf_adi
00389,BANCO COLUMBIA S.A.,400100001000,Cantidad de Cuentas,693.0,N,2026,1,2026-01,inf_adi
00389,BANCO COLUMBIA S.A.,400100002000,Cantidad de Empresas,85.0,N,2026,1,2026-01,inf_adi
00426,BANCO BICA S.A.,310000000033,Cantidad de cuentas corrientes,4510.0,N,2026,1,2026-01,inf_adi
00426,BANCO BICA S.A.,310000000043,Cantidad de cuentas de ahorro,62472.0,N,2026,1,2026-01,inf_adi
00426,BANCO BICA S.A.,310000000051,Cantidad de operaciones a plazo fijo Individuos,1577.0,N,2026,1,2026-01,inf_adi
00426,BANCO BICA S.A.,310000000052,Cantidad de operaciones a plazo fijo Empresas,5903.0,N,2026,1,2026-01,inf_adi
00426,BANCO BICA S.A.,310000000063,Cantidad de operaciones por préstamos hipotecarios,5.0,N,2026,1,2026-01,inf_adi
00426,BANCO BICA S.A.,310000000064,Cantidad de operaciones por préstamos prendarios,11.0,N,2026,1,2026-01,inf_adi
00426,BANCO BICA S.A.,310000000065,Cantidad de operaciones por otros préstamos,220626.0,N,2026,1,2026-01,inf_adi
00426,BANCO BICA S.A.,310000000070,Dotación de personal,190.0,N,2026,1,2026-01,inf_adi
00426,BANCO BICA S.A.,312100000011,Cantidad de titulares por tarjetas de crédito,5248.0,N,2026,1,2026-01,inf_adi
00426,BANCO BICA S.A.,312100000012,Cantidad de tarjetas de crédito (plásticos),10978.0,N,2026,1,2026-01,inf_adi
00426,BANCO BICA S.A.,318000100002,Cantidad de tarjetas de débito,56157.0,N,2026,1,2026-01,inf_adi
00426,BANCO BICA S.A.,400100001000,Cantidad de Cuentas,1723.0,N,2026,1,2026-01,inf_adi
00426,BANCO BICA S.A.,400100002000,Cantidad de Empresas,232.0,N,2026,1,2026-01,inf_adi
00431,BANCO COINAG S.A.,310000000033,Cantidad de cuentas corrientes,4347.0,N,2026,1,2026-01,inf_adi
00431,BANCO COINAG S.A.,310000000043,Cantidad de cuentas de ahorro,19174.0,N,2026,1,2026-01,inf_adi
00431,BANCO COINAG S.A.,310000000044,Cantidad de cajas de ahorro de ayuda social,151.0,N,2026,1,2026-01,inf_adi
00431,BANCO COINAG S.A.,310000000051,Cantidad de operaciones a plazo fijo Individuos,1270.0,N,2026,1,2026-01,inf_adi
00431,BANCO COINAG S.A.,310000000052,Cantidad de operaciones a plazo fijo Empresas,351.0,N,2026,1,2026-01,inf_adi
00431,BANCO COINAG S.A.,310000000064,Cantidad de operaciones por préstamos prendarios,0.0,N,2026,1,2026-01,inf_adi
00431,BANCO COINAG S.A.,310000000065,Cantidad de operaciones por otros préstamos,32104.0,N,2026,1,2026-01,inf_adi
00431,BANCO COINAG S.A.,310000000070,Dotación de personal,187.0,N,2026,1,2026-01,inf_adi
00431,BANCO COINAG S.A.,312100000011,Cantidad de titulares por tarjetas de crédito,6708.0,N,2026,1,2026-01,inf_adi
00431,BANCO COINAG S.A.,312100000012,Cantidad de tarjetas de crédito (plásticos),9167.0,N,2026,1,2026-01,inf_adi
00431,BANCO COINAG S.A.,318000100002,Cantidad de tarjetas de débito,18756.0,N,2026,1,2026-01,inf_adi
00431,BANCO COINAG S.A.,400100001000,Cantidad de Cuentas,2857.0,N,2026,1,2026-01,inf_adi
00431,BANCO COINAG S.A.,400100002000,Cantidad de Empresas,140.0,N,2026,1,2026-01,inf_adi
00432,BANCO DE COMERCIO S.A.,310000000033,Cantidad de cuentas corrientes,1278.0,N,2026,1,2026-01,inf_adi
00432,BANCO DE COMERCIO S.A.,310000000043,Cantidad de cuentas de ahorro,1125.0,N,2026,1,2026-01,inf_adi
00432,BANCO DE COMERCIO S.A.,310000000051,Cantidad de operaciones a plazo fijo Individuos,72.0,N,2026,1,2026-01,inf_adi
00432,BANCO DE COMERCIO S.A.,310000000052,Cantidad de operaciones a plazo fijo Empresas,94.0,N,2026,1,2026-01,inf_adi
00432,BANCO DE COMERCIO S.A.,310000000063,Cantidad de operaciones por préstamos hipotecarios,5.0,N,2026,1,2026-01,inf_adi
00432,BANCO DE COMERCIO S.A.,310000000064,Cantidad de operaciones por préstamos prendarios,9.0,N,2026,1,2026-01,inf_adi
00432,BANCO DE COMERCIO S.A.,310000000065,Cantidad de operaciones por otros préstamos,44366.0,N,2026,1,2026-01,inf_adi
00432,BANCO DE COMERCIO S.A.,310000000070,Dotación de personal,117.0,N,2026,1,2026-01,inf_adi
00432,BANCO DE COMERCIO S.A.,312100000011,Cantidad de titulares por tarjetas de crédito,386.0,N,2026,1,2026-01,inf_adi
00432,BANCO DE COMERCIO S.A.,312100000012,Cantidad de tarjetas de crédito (plásticos),463.0,N,2026,1,2026-01,inf_adi
00432,BANCO DE COMERCIO S.A.,318000100002,Cantidad de tarjetas de débito,1911.0,N,2026,1,2026-01,inf_adi
00432,BANCO DE COMERCIO S.A.,400100001000,Cantidad de Cuentas,37.0,N,2026,1,2026-01,inf_adi
00432,BANCO DE COMERCIO S.A.,400100002000,Cantidad de Empresas,4.0,N,2026,1,2026-01,inf_adi
00435,BANCO SUCREDITO REGIONAL S.A.U.,310000000033,Cantidad de cuentas corrientes,97.0,N,2026,1,2026-01,inf_adi
00435,BANCO SUCREDITO REGIONAL S.A.U.,310000000043,Cantidad de cuentas de ahorro,1672.0,N,2026,1,2026-01,inf_adi
00435,BANCO SUCREDITO REGIONAL S.A.U.,310000000051,Cantidad de operaciones a plazo fijo Individuos,17.0,N,2026,1,2026-01,inf_adi
00435,BANCO SUCREDITO REGIONAL S.A.U.,310000000052,Cantidad de operaciones a plazo fijo Empresas,0.0,N,2026,1,2026-01,inf_adi
00435,BANCO SUCREDITO REGIONAL S.A.U.,310000000065,Cantidad de operaciones por otros préstamos,829.0,N,2026,1,2026-01,inf_adi
00435,BANCO SUCREDITO REGIONAL S.A.U.,310000000070,Dotación de personal,15.0,N,2026,1,2026-01,inf_adi
00435,BANCO SUCREDITO REGIONAL S.A.U.,400100001000,Cantidad de Cuentas,178.0,N,2026,1,2026-01,inf_adi
00435,BANCO SUCREDITO REGIONAL S.A.U.,400100002000,Cantidad de Empresas,1.0,N,2026,1,2026-01,inf_adi
00448,BANCO DINO S.A.,310000000033,Cantidad de cuentas corrientes,1032.0,N,2026,1,2026-01,inf_adi
00448,BANCO DINO S.A.,310000000043,Cantidad de cuentas de ahorro,7271.0,N,2026,1,2026-01,inf_adi
00448,BANCO DINO S.A.,310000000051,Cantidad de operaciones a plazo fijo Individuos,398.0,N,2026,1,2026-01,inf_adi
00448,BANCO DINO S.A.,310000000052,Cantidad de operaciones a plazo fijo Empresas,7.0,N,2026,1,2026-01,inf_adi
00448,BANCO DINO S.A.,310000000063,Cantidad de operaciones por préstamos hipotecarios,17.0,N,2026,1,2026-01,inf_adi
00448,BANCO DINO S.A.,310000000065,Cantidad de operaciones por otros préstamos,249948.0,N,2026,1,2026-01,inf_adi
00448,BANCO DINO S.A.,310000000070,Dotación de personal,32.0,N,2026,1,2026-01,inf_adi
00448,BANCO DINO S.A.,312100000011,Cantidad de titulares por tarjetas de crédito,4850.0,N,2026,1,2026-01,inf_adi
00448,BANCO DINO S.A.,312100000012,Cantidad de tarjetas de crédito (plásticos),7279.0,N,2026,1,2026-01,inf_adi
00448,BANCO DINO S.A.,318000100002,Cantidad de tarjetas de débito,7386.0,N,2026,1,2026-01,inf_adi
00448,BANCO DINO S.A.,400100001000,Cantidad de Cuentas,1690.0,N,2026,1,2026-01,inf_adi
00448,BANCO DINO S.A.,400100002000,Cantidad de Empresas,23.0,N,2026,1,2026-01,inf_adi
44077,COMPAÑIA FINANCIERA ARGENTINA S.A.,310000000043,Cantidad de cuentas de ahorro,216438.0,N,2026,1,2026-01,inf_adi
44077,COMPAÑIA FINANCIERA ARGENTINA S.A.,310000000044,Cantidad de cajas de ahorro de ayuda social,86646.0,N,2026,1,2026-01,inf_adi
44077,COMPAÑIA FINANCIERA ARGENTINA S.A.,310000000045,Cantidad de cuentas previsionales,211222.0,N,2026,1,2026-01,inf_adi
44077,COMPAÑIA FINANCIERA ARGENTINA S.A.,310000000051,Cantidad de operaciones a plazo fijo Individuos,1902.0,N,2026,1,2026-01,inf_adi
44077,COMPAÑIA FINANCIERA ARGENTINA S.A.,310000000052,Cantidad de operaciones a plazo fijo Empresas,5.0,N,2026,1,2026-01,inf_adi
44077,COMPAÑIA FINANCIERA ARGENTINA S.A.,310000000064,Cantidad de operaciones por préstamos prendarios,0.0,N,2026,1,2026-01,inf_adi
44077,COMPAÑIA FINANCIERA ARGENTINA S.A.,310000000065,Cantidad de operaciones por otros préstamos,103330.0,N,2026,1,2026-01,inf_adi
44077,COMPAÑIA FINANCIERA ARGENTINA S.A.,310000000070,Dotación de personal,325.0,N,2026,1,2026-01,inf_adi
44077,COMPAÑIA FINANCIERA ARGENTINA S.A.,312100000011,Cantidad de titulares por tarjetas de crédito,11191.0,N,2026,1,2026-01,inf_adi
44077,COMPAÑIA FINANCIERA ARGENTINA S.A.,312100000012,Cantidad de tarjetas de crédito (plásticos),14712.0,N,2026,1,2026-01,inf_adi
44077,COMPAÑIA FINANCIERA ARGENTINA S.A.,318000100002,Cantidad de tarjetas de débito,193775.0,N,2026,1,2026-01,inf_adi
44077,COMPAÑIA FINANCIERA ARGENTINA S.A.,400100001000,Cantidad de Cuentas,160.0,N,2026,1,2026-01,inf_adi
44077,COMPAÑIA FINANCIERA ARGENTINA S.A.,400100002000,Cantidad de Empresas,2.0,N,2026,1,2026-01,inf_adi
44088,VOLKSWAGEN FINANCIAL SERVICES COMPAÑIA FINANCIERA S.A.,310000000052,Cantidad de operaciones a plazo fijo Empresas,3.0,N,2026,1,2026-01,inf_adi
44088,VOLKSWAGEN FINANCIAL SERVICES COMPAÑIA FINANCIERA S.A.,310000000064,Cantidad de operaciones por préstamos prendarios,18585.0,N,2026,1,2026-01,inf_adi
44088,VOLKSWAGEN FINANCIAL SERVICES COMPAÑIA FINANCIERA S.A.,310000000065,Cantidad de operaciones por otros préstamos,13314.0,N,2026,1,2026-01,inf_adi
44088,VOLKSWAGEN FINANCIAL SERVICES COMPAÑIA FINANCIERA S.A.,310000000070,Dotación de personal,46.0,N,2026,1,2026-01,inf_adi
44092,FCA COMPAÑIA FINANCIERA S.A.,310000000052,Cantidad de operaciones a plazo fijo Empresas,31.0,N,2026,1,2026-01,inf_adi
44092,FCA COMPAÑIA FINANCIERA S.A.,310000000064,Cantidad de operaciones por préstamos prendarios,29038.0,N,2026,1,2026-01,inf_adi
44092,FCA COMPAÑIA FINANCIERA S.A.,310000000065,Cantidad de operaciones por otros préstamos,25862.0,N,2026,1,2026-01,inf_adi
44092,FCA COMPAÑIA FINANCIERA S.A.,310000000070,Dotación de personal,40.0,N,2026,1,2026-01,inf_adi
44093,GPAT COMPAÑIA FINANCIERA S.A.U.,310000000043,Cantidad de cuentas de ahorro,0.0,N,2026,1,2026-01,inf_adi
44093,GPAT COMPAÑIA FINANCIERA S.A.U.,310000000064,Cantidad de operaciones por préstamos prendarios,24752.0,N,2026,1,2026-01,inf_adi
44093,GPAT COMPAÑIA FINANCIERA S.A.U.,310000000065,Cantidad de operaciones por otros préstamos,4611.0,N,2026,1,2026-01,inf_adi
44093,GPAT COMPAÑIA FINANCIERA S.A.U.,310000000070,Dotación de personal,48.0,N,2026,1,2026-01,inf_adi
44094,MERCEDES-BENZ COMPAÑÍA FINANCIERA ARGENTINA S.A.,310000000043,Cantidad de cuentas de ahorro,2.0,N,2026,1,2026-01,inf_adi
44094,MERCEDES-BENZ COMPAÑÍA FINANCIERA ARGENTINA S.A.,310000000052,Cantidad de operaciones a plazo fijo Empresas,0.0,N,2026,1,2026-01,inf_adi
44094,MERCEDES-BENZ COMPAÑÍA FINANCIERA ARGENTINA S.A.,310000000064,Cantidad de operaciones por préstamos prendarios,1070.0,N,2026,1,2026-01,inf_adi
44094,MERCEDES-BENZ COMPAÑÍA FINANCIERA ARGENTINA S.A.,310000000065,Cantidad de operaciones por otros préstamos,46.0,N,2026,1,2026-01,inf_adi
44094,MERCEDES-BENZ COMPAÑÍA FINANCIERA ARGENTINA S.A.,310000000070,Dotación de personal,47.0,N,2026,1,2026-01,inf_adi
44095,ROMBO COMPAÑÍA FINANCIERA S.A.,310000000064,Cantidad de operaciones por préstamos prendarios,38433.0,N,2026,1,2026-01,inf_adi
44095,ROMBO COMPAÑÍA FINANCIERA S.A.,310000000065,Cantidad de operaciones por otros préstamos,6639.0,N,2026,1,2026-01,inf_adi
44095,ROMBO COMPAÑÍA FINANCIERA S.A.,310000000070,Dotación de personal,30.0,N,2026,1,2026-01,inf_adi
44096,JOHN DEERE CREDIT COMPAÑÍA FINANCIERA S.A.,310000000063,Cantidad de operaciones por préstamos hipotecarios,2.0,N,2026,1,2026-01,inf_adi
44096,JOHN DEERE CREDIT COMPAÑÍA FINANCIERA S.A.,310000000064,Cantidad de operaciones por préstamos prendarios,2933.0,N,2026,1,2026-01,inf_adi
44096,JOHN DEERE CREDIT COMPAÑÍA FINANCIERA S.A.,310000000065,Cantidad de operaciones por otros préstamos,38.0,N,2026,1,2026-01,inf_adi
44096,JOHN DEERE CREDIT COMPAÑÍA FINANCIERA S.A.,310000000070,Dotación de personal,72.0,N,2026,1,2026-01,inf_adi
44098,PSA FINANCE ARGENTINA COMPAÑÍA FINANCIERA S.A.,310000000052,Cantidad de operaciones a plazo fijo Empresas,0.0,N,2026,1,2026-01,inf_adi
44098,PSA FINANCE ARGENTINA COMPAÑÍA FINANCIERA S.A.,310000000064,Cantidad de operaciones por préstamos prendarios,35193.0,N,2026,1,2026-01,inf_adi
44098,PSA FINANCE ARGENTINA COMPAÑÍA FINANCIERA S.A.,310000000065,Cantidad de operaciones por otros préstamos,8772.0,N,2026,1,2026-01,inf_adi
44098,PSA FINANCE ARGENTINA COMPAÑÍA FINANCIERA S.A.,310000000070,Dotación de personal,41.0,N,2026,1,2026-01,inf_adi
44099,TOYOTA COMPAÑÍA FINANCIERA DE ARGENTINA S.A.,310000000043,Cantidad de cuentas de ahorro,1.0,N,2026,1,2026-01,inf_adi
44099,TOYOTA COMPAÑÍA FINANCIERA DE ARGENTINA S.A.,310000000052,Cantidad de operaciones a plazo fijo Empresas,30.0,N,2026,1,2026-01,inf_adi
44099,TOYOTA COMPAÑÍA FINANCIERA DE ARGENTINA S.A.,310000000064,Cantidad de operaciones por préstamos prendarios,11447.0,N,2026,1,2026-01,inf_adi
44099,TOYOTA COMPAÑÍA FINANCIERA DE ARGENTINA S.A.,310000000065,Cantidad de operaciones por otros préstamos,1017.0,N,2026,1,2026-01,inf_adi
44099,TOYOTA COMPAÑÍA FINANCIERA DE ARGENTINA S.A.,310000000070,Dotación de personal,61.0,N,2026,1,2026-01,inf_adi
45030,NARANJA DIGITAL COMPAÑÍA FINANCIERA S.A.U.,310000000043,Cantidad de cuentas de ahorro,24630434.0,N,2026,1,2026-01,inf_adi
45030,NARANJA DIGITAL COMPAÑÍA FINANCIERA S.A.U.,310000000051,Cantidad de operaciones a plazo fijo Individuos,646387.0,N,2026,1,2026-01,inf_adi
45030,NARANJA DIGITAL COMPAÑÍA FINANCIERA S.A.U.,310000000052,Cantidad de operaciones a plazo fijo Empresas,0.0,N,2026,1,2026-01,inf_adi
45030,NARANJA DIGITAL COMPAÑÍA FINANCIERA S.A.U.,310000000065,Cantidad de operaciones por otros préstamos,3302191.0,N,2026,1,2026-01,inf_adi
45030,NARANJA DIGITAL COMPAÑÍA FINANCIERA S.A.U.,310000000070,Dotación de personal,87.0,N,2026,1,2026-01,inf_adi
45030,NARANJA DIGITAL COMPAÑÍA FINANCIERA S.A.U.,318000100002,Cantidad de tarjetas de débito,6224055.0,N,2026,1,2026-01,inf_adi
45056,MONTEMAR COMPAÑIA FINANCIERA S.A.,310000000043,Cantidad de cuentas de ahorro,67848.0,N,2026,1,2026-01,inf_adi
45056,MONTEMAR COMPAÑIA FINANCIERA S.A.,310000000051,Cantidad de operaciones a plazo fijo Individuos,7013.0,N,2026,1,2026-01,inf_adi
45056,MONTEMAR COMPAÑIA FINANCIERA S.A.,310000000052,Cantidad de operaciones a plazo fijo Empresas,46.0,N,2026,1,2026-01,inf_adi
45056,MONTEMAR COMPAÑIA FINANCIERA S.A.,310000000063,Cantidad de operaciones por préstamos hipotecarios,0.0,N,2026,1,2026-01,inf_adi
45056,MONTEMAR COMPAÑIA FINANCIERA S.A.,310000000064,Cantidad de operaciones por préstamos prendarios,54.0,N,2026,1,2026-01,inf_adi
45056,MONTEMAR COMPAÑIA FINANCIERA S.A.,310000000065,Cantidad de operaciones por otros préstamos,44805.0,N,2026,1,2026-01,inf_adi
45056,MONTEMAR COMPAÑIA FINANCIERA S.A.,310000000070,Dotación de personal,253.0,N,2026,1,2026-01,inf_adi
45056,MONTEMAR COMPAÑIA FINANCIERA S.A.,312100000011,Cantidad de titulares por tarjetas de crédito,184147.0,N,2026,1,2026-01,inf_adi
45056,MONTEMAR COMPAÑIA FINANCIERA S.A.,312100000012,Cantidad de tarjetas de crédito (plásticos),30532.0,N,2026,1,2026-01,inf_adi
45056,MONTEMAR COMPAÑIA FINANCIERA S.A.,400100001000,Cantidad de Cuentas,419.0,N,2026,1,2026-01,inf_adi
45056,MONTEMAR COMPAÑIA FINANCIERA S.A.,400100002000,Cantidad de Empresas,11.0,N,2026,1,2026-01,inf_adi
45072,REBA COMPAÑIA FINANCIERA S.A.,310000000043,Cantidad de cuentas de ahorro,825421.0,N,2026,1,2026-01,inf_adi
45072,REBA COMPAÑIA FINANCIERA S.A.,310000000051,Cantidad de operaciones a plazo fijo Individuos,11054.0,N,2026,1,2026-01,inf_adi
45072,REBA COMPAÑIA FINANCIERA S.A.,310000000052,Cantidad de operaciones a plazo fijo Empresas,47.0,N,2026,1,2026-01,inf_adi
45072,REBA COMPAÑIA FINANCIERA S.A.,310000000065,Cantidad de operaciones por otros préstamos,32268.0,N,2026,1,2026-01,inf_adi
45072,REBA COMPAÑIA FINANCIERA S.A.,310000000070,Dotación de personal,159.0,N,2026,1,2026-01,inf_adi
45072,REBA COMPAÑIA FINANCIERA S.A.,312100000011,Cantidad de titulares por tarjetas de crédito,50852.0,N,2026,1,2026-01,inf_adi
45072,REBA COMPAÑIA FINANCIERA S.A.,312100000012,Cantidad de tarjetas de crédito (plásticos),50852.0,N,2026,1,2026-01,inf_adi
45072,REBA COMPAÑIA FINANCIERA S.A.,400100001000,Cantidad de Cuentas,16.0,N,2026,1,2026-01,inf_adi
45072,REBA COMPAÑIA FINANCIERA S.A.,400100002000,Cantidad de Empresas,1.0,N,2026,1,2026-01,inf_adi
65203,CRÉDITO REGIONAL COMPAÑÍA FINANCIERA S.A.U.,310000000043,Cantidad de cuentas de ahorro,796.0,N,2026,1,2026-01,inf_adi
65203,CRÉDITO REGIONAL COMPAÑÍA FINANCIERA S.A.U.,310000000051,Cantidad de operaciones a plazo fijo Individuos,478.0,N,2026,1,2026-01,inf_adi
65203,CRÉDITO REGIONAL COMPAÑÍA FINANCIERA S.A.U.,310000000052,Cantidad de operaciones a plazo fijo Empresas,6.0,N,2026,1,2026-01,inf_adi
65203,CRÉDITO REGIONAL COMPAÑÍA FINANCIERA S.A.U.,310000000065,Cantidad de operaciones por otros préstamos,9460.0,N,2026,1,2026-01,inf_adi
65203,CRÉDITO REGIONAL COMPAÑÍA FINANCIERA S.A.U.,310000000070,Dotación de personal,82.0,N,2026,1,2026-01,inf_adi
65203,CRÉDITO REGIONAL COMPAÑÍA FINANCIERA S.A.U.,312100000011,Cantidad de titulares por tarjetas de crédito,0.0,N,2026,1,2026-01,inf_adi
65203,CRÉDITO REGIONAL COMPAÑÍA FINANCIERA S.A.U.,312100000012,Cantidad de tarjetas de crédito (plásticos),0.0,N,2026,1,2026-01,inf_adi
65203,CRÉDITO REGIONAL COMPAÑÍA FINANCIERA S.A.U.,318000100002,Cantidad de tarjetas de débito,273.0,N,2026,1,2026-01,inf_adi
65203,CRÉDITO REGIONAL COMPAÑÍA FINANCIERA S.A.U.,400100001000,Cantidad de Cuentas,11.0,N,2026,1,2026-01,inf_adi
65203,CRÉDITO REGIONAL COMPAÑÍA FINANCIERA S.A.U.,400100002000,Cantidad de Empresas,1.0,N,2026,1,2026-01,inf_adi
AA000,SISTEMA FINANCIERO,110000000001,CANTIDAD ENTIDADES FINANCIERAS,73.0,N,2026,1,2026-01,inf_adi
AA000,SISTEMA FINANCIERO,110000000002,Bancos,60.0,N,2026,1,2026-01,inf_adi
AA000,SISTEMA FINANCIERO,110000000003,Bancos Públicos,14.0,N,2026,1,2026-01,inf_adi
AA000,SISTEMA FINANCIERO,110000000004,Bancos Privados,46.0,N,2026,1,2026-01,inf_adi
AA000,SISTEMA FINANCIERO,110000000005,Bancos Locales de Capital Nacional,34.0,N,2026,1,2026-01,inf_adi
AA000,SISTEMA FINANCIERO,110000000006,Bancos Locales de Capital extranjero,6.0,N,2026,1,2026-01,inf_adi
AA000,SISTEMA FINANCIERO,110000000007,Bancos Sucursales de Entidades Financieras del Exter,6.0,N,2026,1,2026-01,inf_adi
AA000,SISTEMA FINANCIERO,110000000008,Compañías Financieras,13.0,N,2026,1,2026-01,inf_adi
AA000,SISTEMA FINANCIERO,110000000009,Compañías Financieras de Capital Nacional,5.0,N,2026,1,2026-01,inf_adi
AA000,SISTEMA FINANCIERO,110000000010,Compañías Financieras de Capital Extranjero,8.0,N,2026,1,2026-01,inf_adi
AA000,SISTEMA FINANCIERO,310000000033,Cantidad de cuentas corrientes,8465989.0,N,2026,1,2026-01,inf_adi
AA000,SISTEMA FINANCIERO,310000000043,Cantidad de cuentas de ahorro,141852799.0,N,2026,1,2026-01,inf_adi
AA000,SISTEMA FINANCIERO,310000000044,Cantidad de cajas de ahorro de ayuda social,14752213.0,N,2026,1,2026-01,inf_adi
AA000,SISTEMA FINANCIERO,310000000045,Cantidad de cuentas previsionales,14286997.0,N,2026,1,2026-01,inf_adi
AA000,SISTEMA FINANCIERO,310000000051,Cantidad de operaciones a plazo fijo Individuos,4885736.0,N,2026,1,2026-01,inf_adi
AA000,SISTEMA FINANCIERO,310000000052,Cantidad de operaciones a plazo fijo Empresas,231184.0,N,2026,1,2026-01,inf_adi
AA000,SISTEMA FINANCIERO,310000000063,Cantidad de operaciones por préstamos hipotecarios,332737.0,N,2026,1,2026-01,inf_adi
AA000,SISTEMA FINANCIERO,310000000064,Cantidad de operaciones por préstamos prendarios,462115.0,N,2026,1,2026-01,inf_adi
AA000,SISTEMA FINANCIERO,310000000065,Cantidad de operaciones por otros préstamos,43426867.0,N,2026,1,2026-01,inf_adi
AA000,SISTEMA FINANCIERO,310000000070,Dotación de personal,90167.0,N,2026,1,2026-01,inf_adi
AA000,SISTEMA FINANCIERO,312100000011,Cantidad de titulares por tarjetas de crédito,22926534.0,N,2026,1,2026-01,inf_adi
AA000,SISTEMA FINANCIERO,312100000012,Cantidad de tarjetas de crédito (plásticos),39903747.0,N,2026,1,2026-01,inf_adi
AA000,SISTEMA FINANCIERO,318000100002,Cantidad de tarjetas de débito,86174766.0,N,2026,1,2026-01,inf_adi
AA000,SISTEMA FINANCIERO,400100001000,Cantidad de Cuentas,10023905.0,N,2026,1,2026-01,inf_adi
AA000,SISTEMA FINANCIERO,400100002000,Cantidad de Empresas,634628.0,N,2026,1,2026-01,inf_adi
AA100,BANCOS,310000000033,Cantidad de cuentas corrientes,8465989.0,N,2026,1,2026-01,inf_adi
AA100,BANCOS,310000000043,Cantidad de cuentas de ahorro,116111859.0,N,2026,1,2026-01,inf_adi
AA100,BANCOS,310000000044,Cantidad de cajas de ahorro de ayuda social,14665567.0,N,2026,1,2026-01,inf_adi
AA100,BANCOS,310000000045,Cantidad de cuentas previsionales,14075775.0,N,2026,1,2026-01,inf_adi
AA100,BANCOS,310000000051,Cantidad de operaciones a plazo fijo Individuos,4218902.0,N,2026,1,2026-01,inf_adi
AA100,BANCOS,310000000052,Cantidad de operaciones a plazo fijo Empresas,231016.0,N,2026,1,2026-01,inf_adi
AA100,BANCOS,310000000063,Cantidad de operaciones por préstamos hipotecarios,332735.0,N,2026,1,2026-01,inf_adi
AA100,BANCOS,310000000064,Cantidad de operaciones por préstamos prendarios,300610.0,N,2026,1,2026-01,inf_adi
AA100,BANCOS,310000000065,Cantidad de operaciones por otros préstamos,39874514.0,N,2026,1,2026-01,inf_adi
AA100,BANCOS,310000000070,Dotación de personal,88876.0,N,2026,1,2026-01,inf_adi
AA100,BANCOS,312100000011,Cantidad de titulares por tarjetas de crédito,22680344.0,N,2026,1,2026-01,inf_adi
AA100,BANCOS,312100000012,Cantidad de tarjetas de crédito (plásticos),39807651.0,N,2026,1,2026-01,inf_adi
AA100,BANCOS,318000100002,Cantidad de tarjetas de débito,79756663.0,N,2026,1,2026-01,inf_adi
AA100,BANCOS,400100001000,Cantidad de Cuentas,10023299.0,N,2026,1,2026-01,inf_adi
AA100,BANCOS,400100002000,Cantidad de Empresas,634613.0,N,2026,1,2026-01,inf_adi
AA110,BANCOS PÚBLICOS,310000000033,Cantidad de cuentas corrientes,2560501.0,N,2026,1,2026-01,inf_adi
AA110,BANCOS PÚBLICOS,310000000043,Cantidad de cuentas de ahorro,42060778.0,N,2026,1,2026-01,inf_adi
AA110,BANCOS PÚBLICOS,310000000044,Cantidad de cajas de ahorro de ayuda social,10131855.0,N,2026,1,2026-01,inf_adi
AA110,BANCOS PÚBLICOS,310000000045,Cantidad de cuentas previsionales,8254132.0,N,2026,1,2026-01,inf_adi
AA110,BANCOS PÚBLICOS,310000000051,Cantidad de operaciones a plazo fijo Individuos,1883849.0,N,2026,1,2026-01,inf_adi
AA110,BANCOS PÚBLICOS,310000000052,Cantidad de operaciones a plazo fijo Empresas,142082.0,N,2026,1,2026-01,inf_adi
AA110,BANCOS PÚBLICOS,310000000063,Cantidad de operaciones por préstamos hipotecarios,138633.0,N,2026,1,2026-01,inf_adi
AA110,BANCOS PÚBLICOS,310000000064,Cantidad de operaciones por préstamos prendarios,32487.0,N,2026,1,2026-01,inf_adi
AA110,BANCOS PÚBLICOS,310000000065,Cantidad de operaciones por otros préstamos,14596175.0,N,2026,1,2026-01,inf_adi
AA110,BANCOS PÚBLICOS,310000000070,Dotación de personal,35778.0,N,2026,1,2026-01,inf_adi
AA110,BANCOS PÚBLICOS,312100000011,Cantidad de titulares por tarjetas de crédito,7519239.0,N,2026,1,2026-01,inf_adi
AA110,BANCOS PÚBLICOS,312100000012,Cantidad de tarjetas de crédito (plásticos),14274056.0,N,2026,1,2026-01,inf_adi
AA110,BANCOS PÚBLICOS,318000100002,Cantidad de tarjetas de débito,37470722.0,N,2026,1,2026-01,inf_adi
AA110,BANCOS PÚBLICOS,400100001000,Cantidad de Cuentas,3884487.0,N,2026,1,2026-01,inf_adi
AA110,BANCOS PÚBLICOS,400100002000,Cantidad de Empresas,72550.0,N,2026,1,2026-01,inf_adi
AA120,BANCOS PRIVADOS,310000000033,Cantidad de cuentas corrientes,5905488.0,N,2026,1,2026-01,inf_adi
AA120,BANCOS PRIVADOS,310000000043,Cantidad de cuentas de ahorro,74051081.0,N,2026,1,2026-01,inf_adi
AA120,BANCOS PRIVADOS,310000000044,Cantidad de cajas de ahorro de ayuda social,4533712.0,N,2026,1,2026-01,inf_adi
AA120,BANCOS PRIVADOS,310000000045,Cantidad de cuentas previsionales,5821643.0,N,2026,1,2026-01,inf_adi
AA120,BANCOS PRIVADOS,310000000051,Cantidad de operaciones a plazo fijo Individuos,2335053.0,N,2026,1,2026-01,inf_adi
AA120,BANCOS PRIVADOS,310000000052,Cantidad de operaciones a plazo fijo Empresas,88934.0,N,2026,1,2026-01,inf_adi
AA120,BANCOS PRIVADOS,310000000063,Cantidad de operaciones por préstamos hipotecarios,194102.0,N,2026,1,2026-01,inf_adi
AA120,BANCOS PRIVADOS,310000000064,Cantidad de operaciones por préstamos prendarios,268123.0,N,2026,1,2026-01,inf_adi
AA120,BANCOS PRIVADOS,310000000065,Cantidad de operaciones por otros préstamos,25278339.0,N,2026,1,2026-01,inf_adi
AA120,BANCOS PRIVADOS,310000000070,Dotación de personal,53098.0,N,2026,1,2026-01,inf_adi
AA120,BANCOS PRIVADOS,312100000011,Cantidad de titulares por tarjetas de crédito,15161105.0,N,2026,1,2026-01,inf_adi
AA120,BANCOS PRIVADOS,312100000012,Cantidad de tarjetas de crédito (plásticos),25533595.0,N,2026,1,2026-01,inf_adi
AA120,BANCOS PRIVADOS,318000100002,Cantidad de tarjetas de débito,42285941.0,N,2026,1,2026-01,inf_adi
AA120,BANCOS PRIVADOS,400100001000,Cantidad de Cuentas,6138812.0,N,2026,1,2026-01,inf_adi
AA120,BANCOS PRIVADOS,400100002000,Cantidad de Empresas,562063.0,N,2026,1,2026-01,inf_adi
AA121,BANCOS LOCALES DE CAPITAL NACIONAL,310000000033,Cantidad de cuentas corrientes,2389377.0,N,2026,1,2026-01,inf_adi
AA121,BANCOS LOCALES DE CAPITAL NACIONAL,310000000043,Cantidad de cuentas de ahorro,50565378.0,N,2026,1,2026-01,inf_adi
AA121,BANCOS LOCALES DE CAPITAL NACIONAL,310000000044,Cantidad de cajas de ahorro de ayuda social,3653925.0,N,2026,1,2026-01,inf_adi
AA121,BANCOS LOCALES DE CAPITAL NACIONAL,310000000045,Cantidad de cuentas previsionales,4999242.0,N,2026,1,2026-01,inf_adi
AA121,BANCOS LOCALES DE CAPITAL NACIONAL,310000000051,Cantidad de operaciones a plazo fijo Individuos,1675355.0,N,2026,1,2026-01,inf_adi
AA121,BANCOS LOCALES DE CAPITAL NACIONAL,310000000052,Cantidad de operaciones a plazo fijo Empresas,67177.0,N,2026,1,2026-01,inf_adi
AA121,BANCOS LOCALES DE CAPITAL NACIONAL,310000000063,Cantidad de operaciones por préstamos hipotecarios,97288.0,N,2026,1,2026-01,inf_adi
AA121,BANCOS LOCALES DE CAPITAL NACIONAL,310000000064,Cantidad de operaciones por préstamos prendarios,89508.0,N,2026,1,2026-01,inf_adi
AA121,BANCOS LOCALES DE CAPITAL NACIONAL,310000000065,Cantidad de operaciones por otros préstamos,17831853.0,N,2026,1,2026-01,inf_adi
AA121,BANCOS LOCALES DE CAPITAL NACIONAL,310000000070,Dotación de personal,33009.0,N,2026,1,2026-01,inf_adi
AA121,BANCOS LOCALES DE CAPITAL NACIONAL,312100000011,Cantidad de titulares por tarjetas de crédito,8905579.0,N,2026,1,2026-01,inf_adi
AA121,BANCOS LOCALES DE CAPITAL NACIONAL,312100000012,Cantidad de tarjetas de crédito (plásticos),12756188.0,N,2026,1,2026-01,inf_adi
AA121,BANCOS LOCALES DE CAPITAL NACIONAL,318000100002,Cantidad de tarjetas de débito,27800106.0,N,2026,1,2026-01,inf_adi
AA121,BANCOS LOCALES DE CAPITAL NACIONAL,400100001000,Cantidad de Cuentas,3833687.0,N,2026,1,2026-01,inf_adi
AA121,BANCOS LOCALES DE CAPITAL NACIONAL,400100002000,Cantidad de Empresas,379164.0,N,2026,1,2026-01,inf_adi
AA123,BANCOS LOCALES DE CAPITAL EXTRANJERO,310000000033,Cantidad de cuentas corrientes,3513917.0,N,2026,1,2026-01,inf_adi
AA123,BANCOS LOCALES DE CAPITAL EXTRANJERO,310000000043,Cantidad de cuentas de ahorro,23482482.0,N,2026,1,2026-01,inf_adi
AA123,BANCOS LOCALES DE CAPITAL EXTRANJERO,310000000044,Cantidad de cajas de ahorro de ayuda social,879787.0,N,2026,1,2026-01,inf_adi
AA123,BANCOS LOCALES DE CAPITAL EXTRANJERO,310000000045,Cantidad de cuentas previsionales,822401.0,N,2026,1,2026-01,inf_adi
AA123,BANCOS LOCALES DE CAPITAL EXTRANJERO,310000000051,Cantidad de operaciones a plazo fijo Individuos,659683.0,N,2026,1,2026-01,inf_adi
AA123,BANCOS LOCALES DE CAPITAL EXTRANJERO,310000000052,Cantidad de operaciones a plazo fijo Empresas,21754.0,N,2026,1,2026-01,inf_adi
AA123,BANCOS LOCALES DE CAPITAL EXTRANJERO,310000000063,Cantidad de operaciones por préstamos hipotecarios,96779.0,N,2026,1,2026-01,inf_adi
AA123,BANCOS LOCALES DE CAPITAL EXTRANJERO,310000000064,Cantidad de operaciones por préstamos prendarios,178588.0,N,2026,1,2026-01,inf_adi
AA123,BANCOS LOCALES DE CAPITAL EXTRANJERO,310000000065,Cantidad de operaciones por otros préstamos,7422355.0,N,2026,1,2026-01,inf_adi
AA123,BANCOS LOCALES DE CAPITAL EXTRANJERO,310000000070,Dotación de personal,18708.0,N,2026,1,2026-01,inf_adi
AA123,BANCOS LOCALES DE CAPITAL EXTRANJERO,312100000011,Cantidad de titulares por tarjetas de crédito,6255467.0,N,2026,1,2026-01,inf_adi
AA123,BANCOS LOCALES DE CAPITAL EXTRANJERO,312100000012,Cantidad de tarjetas de crédito (plásticos),12777293.0,N,2026,1,2026-01,inf_adi
AA123,BANCOS LOCALES DE CAPITAL EXTRANJERO,318000100002,Cantidad de tarjetas de débito,14483221.0,N,2026,1,2026-01,inf_adi
AA123,BANCOS LOCALES DE CAPITAL EXTRANJERO,400100001000,Cantidad de Cuentas,2305089.0,N,2026,1,2026-01,inf_adi
AA123,BANCOS LOCALES DE CAPITAL EXTRANJERO,400100002000,Cantidad de Empresas,182893.0,N,2026,1,2026-01,inf_adi
AA124,BANCOS SUCURSALES ENTIDADES FINANCIERAS DEL EXTERIOR,310000000033,Cantidad de cuentas corrientes,2194.0,N,2026,1,2026-01,inf_adi
AA124,BANCOS SUCURSALES ENTIDADES FINANCIERAS DEL EXTERIOR,310000000043,Cantidad de cuentas de ahorro,3221.0,N,2026,1,2026-01,inf_adi
AA124,BANCOS SUCURSALES ENTIDADES FINANCIERAS DEL EXTERIOR,310000000051,Cantidad de operaciones a plazo fijo Individuos,15.0,N,2026,1,2026-01,inf_adi
AA124,BANCOS SUCURSALES ENTIDADES FINANCIERAS DEL EXTERIOR,310000000052,Cantidad de operaciones a plazo fijo Empresas,3.0,N,2026,1,2026-01,inf_adi
AA124,BANCOS SUCURSALES ENTIDADES FINANCIERAS DEL EXTERIOR,310000000063,Cantidad de operaciones por préstamos hipotecarios,35.0,N,2026,1,2026-01,inf_adi
AA124,BANCOS SUCURSALES ENTIDADES FINANCIERAS DEL EXTERIOR,310000000064,Cantidad de operaciones por préstamos prendarios,27.0,N,2026,1,2026-01,inf_adi
AA124,BANCOS SUCURSALES ENTIDADES FINANCIERAS DEL EXTERIOR,310000000065,Cantidad de operaciones por otros préstamos,24131.0,N,2026,1,2026-01,inf_adi
AA124,BANCOS SUCURSALES ENTIDADES FINANCIERAS DEL EXTERIOR,310000000070,Dotación de personal,1381.0,N,2026,1,2026-01,inf_adi
AA124,BANCOS SUCURSALES ENTIDADES FINANCIERAS DEL EXTERIOR,312100000011,Cantidad de titulares por tarjetas de crédito,59.0,N,2026,1,2026-01,inf_adi
AA124,BANCOS SUCURSALES ENTIDADES FINANCIERAS DEL EXTERIOR,312100000012,Cantidad de tarjetas de crédito (plásticos),114.0,N,2026,1,2026-01,inf_adi
AA124,BANCOS SUCURSALES ENTIDADES FINANCIERAS DEL EXTERIOR,318000100002,Cantidad de tarjetas de débito,2614.0,N,2026,1,2026-01,inf_adi
AA124,BANCOS SUCURSALES ENTIDADES FINANCIERAS DEL EXTERIOR,400100001000,Cantidad de Cuentas,36.0,N,2026,1,2026-01,inf_adi
AA124,BANCOS SUCURSALES ENTIDADES FINANCIERAS DEL EXTERIOR,400100002000,Cantidad de Empresas,6.0,N,2026,1,2026-01,inf_adi
AA200,COMPAÑÍAS FINANCIERAS,310000000043,Cantidad de cuentas de ahorro,25740940.0,N,2026,1,2026-01,inf_adi
AA200,COMPAÑÍAS FINANCIERAS,310000000044,Cantidad de cajas de ahorro de ayuda social,86646.0,N,2026,1,2026-01,inf_adi
AA200,COMPAÑÍAS FINANCIERAS,310000000045,Cantidad de cuentas previsionales,211222.0,N,2026,1,2026-01,inf_adi
AA200,COMPAÑÍAS FINANCIERAS,310000000051,Cantidad de operaciones a plazo fijo Individuos,666834.0,N,2026,1,2026-01,inf_adi
AA200,COMPAÑÍAS FINANCIERAS,310000000052,Cantidad de operaciones a plazo fijo Empresas,168.0,N,2026,1,2026-01,inf_adi
AA200,COMPAÑÍAS FINANCIERAS,310000000063,Cantidad de operaciones por préstamos hipotecarios,2.0,N,2026,1,2026-01,inf_adi
AA200,COMPAÑÍAS FINANCIERAS,310000000064,Cantidad de operaciones por préstamos prendarios,161505.0,N,2026,1,2026-01,inf_adi
AA200,COMPAÑÍAS FINANCIERAS,310000000065,Cantidad de operaciones por otros préstamos,3552353.0,N,2026,1,2026-01,inf_adi
AA200,COMPAÑÍAS FINANCIERAS,310000000070,Dotación de personal,1291.0,N,2026,1,2026-01,inf_adi
AA200,COMPAÑÍAS FINANCIERAS,312100000011,Cantidad de titulares por tarjetas de crédito,246190.0,N,2026,1,2026-01,inf_adi
AA200,COMPAÑÍAS FINANCIERAS,312100000012,Cantidad de tarjetas de crédito (plásticos),96096.0,N,2026,1,2026-01,inf_adi
AA200,COMPAÑÍAS FINANCIERAS,318000100002,Cantidad de tarjetas de débito,6418103.0,N,2026,1,2026-01,inf_adi
AA200,COMPAÑÍAS FINANCIERAS,400100001000,Cantidad de Cuentas,606.0,N,2026,1,2026-01,inf_adi
AA200,COMPAÑÍAS FINANCIERAS,400100002000,Cantidad de Empresas,15.0,N,2026,1,2026-01,inf_adi
AA210,COMPAÑÍAS FINANCIERAS DE CAPITAL NACIONAL,310000000043,Cantidad de cuentas de ahorro,25740937.0,N,2026,1,2026-01,inf_adi
AA210,COMPAÑÍAS FINANCIERAS DE CAPITAL NACIONAL,310000000044,Cantidad de cajas de ahorro de ayuda social,86646.0,N,2026,1,2026-01,inf_adi
AA210,COMPAÑÍAS FINANCIERAS DE CAPITAL NACIONAL,310000000045,Cantidad de cuentas previsionales,211222.0,N,2026,1,2026-01,inf_adi
AA210,COMPAÑÍAS FINANCIERAS DE CAPITAL NACIONAL,310000000051,Cantidad de operaciones a plazo fijo Individuos,666834.0,N,2026,1,2026-01,inf_adi
AA210,COMPAÑÍAS FINANCIERAS DE CAPITAL NACIONAL,310000000052,Cantidad de operaciones a plazo fijo Empresas,104.0,N,2026,1,2026-01,inf_adi
AA210,COMPAÑÍAS FINANCIERAS DE CAPITAL NACIONAL,310000000063,Cantidad de operaciones por préstamos hipotecarios,0.0,N,2026,1,2026-01,inf_adi
AA210,COMPAÑÍAS FINANCIERAS DE CAPITAL NACIONAL,310000000064,Cantidad de operaciones por préstamos prendarios,54.0,N,2026,1,2026-01,inf_adi
AA210,COMPAÑÍAS FINANCIERAS DE CAPITAL NACIONAL,310000000065,Cantidad de operaciones por otros préstamos,3492054.0,N,2026,1,2026-01,inf_adi
AA210,COMPAÑÍAS FINANCIERAS DE CAPITAL NACIONAL,310000000070,Dotación de personal,906.0,N,2026,1,2026-01,inf_adi
AA210,COMPAÑÍAS FINANCIERAS DE CAPITAL NACIONAL,312100000011,Cantidad de titulares por tarjetas de crédito,246190.0,N,2026,1,2026-01,inf_adi
AA210,COMPAÑÍAS FINANCIERAS DE CAPITAL NACIONAL,312100000012,Cantidad de tarjetas de crédito (plásticos),96096.0,N,2026,1,2026-01,inf_adi
AA210,COMPAÑÍAS FINANCIERAS DE CAPITAL NACIONAL,318000100002,Cantidad de tarjetas de débito,6418103.0,N,2026,1,2026-01,inf_adi
AA210,COMPAÑÍAS FINANCIERAS DE CAPITAL NACIONAL,400100001000,Cantidad de Cuentas,606.0,N,2026,1,2026-01,inf_adi
AA210,COMPAÑÍAS FINANCIERAS DE CAPITAL NACIONAL,400100002000,Cantidad de Empresas,15.0,N,2026,1,2026-01,inf_adi
AA220,COMPAÑÍAS FINANCIERAS  DE CAPITAL EXTRANJERO,310000000043,Cantidad de cuentas de ahorro,3.0,N,2026,1,2026-01,inf_adi
AA220,COMPAÑÍAS FINANCIERAS  DE CAPITAL EXTRANJERO,310000000052,Cantidad de operaciones a plazo fijo Empresas,64.0,N,2026,1,2026-01,inf_adi
AA220,COMPAÑÍAS FINANCIERAS  DE CAPITAL EXTRANJERO,310000000063,Cantidad de operaciones por préstamos hipotecarios,2.0,N,2026,1,2026-01,inf_adi
AA220,COMPAÑÍAS FINANCIERAS  DE CAPITAL EXTRANJERO,310000000064,Cantidad de operaciones por préstamos prendarios,161451.0,N,2026,1,2026-01,inf_adi
AA220,COMPAÑÍAS FINANCIERAS  DE CAPITAL EXTRANJERO,310000000065,Cantidad de operaciones por otros préstamos,60299.0,N,2026,1,2026-01,inf_adi
AA220,COMPAÑÍAS FINANCIERAS  DE CAPITAL EXTRANJERO,310000000070,Dotación de personal,385.0,N,2026,1,2026-01,inf_adi
AA910,10 PRIMEROS BANCOS PRIVADOS,310000000033,Cantidad de cuentas corrientes,5578841.0,N,2026,1,2026-01,inf_adi
AA910,10 PRIMEROS BANCOS PRIVADOS,310000000043,Cantidad de cuentas de ahorro,49114758.0,N,2026,1,2026-01,inf_adi
AA910,10 PRIMEROS BANCOS PRIVADOS,310000000044,Cantidad de cajas de ahorro de ayuda social,2828267.0,N,2026,1,2026-01,inf_adi
AA910,10 PRIMEROS BANCOS PRIVADOS,310000000045,Cantidad de cuentas previsionales,4433041.0,N,2026,1,2026-01,inf_adi
AA910,10 PRIMEROS BANCOS PRIVADOS,310000000051,Cantidad de operaciones a plazo fijo Individuos,1743757.0,N,2026,1,2026-01,inf_adi
AA910,10 PRIMEROS BANCOS PRIVADOS,310000000052,Cantidad de operaciones a plazo fijo Empresas,77363.0,N,2026,1,2026-01,inf_adi
AA910,10 PRIMEROS BANCOS PRIVADOS,310000000063,Cantidad de operaciones por préstamos hipotecarios,185835.0,N,2026,1,2026-01,inf_adi
AA910,10 PRIMEROS BANCOS PRIVADOS,310000000064,Cantidad de operaciones por préstamos prendarios,244956.0,N,2026,1,2026-01,inf_adi
AA910,10 PRIMEROS BANCOS PRIVADOS,310000000065,Cantidad de operaciones por otros préstamos,20618921.0,N,2026,1,2026-01,inf_adi
AA910,10 PRIMEROS BANCOS PRIVADOS,310000000070,Dotación de personal,43063.0,N,2026,1,2026-01,inf_adi
AA910,10 PRIMEROS BANCOS PRIVADOS,312100000011,Cantidad de titulares por tarjetas de crédito,13097450.0,N,2026,1,2026-01,inf_adi
AA910,10 PRIMEROS BANCOS PRIVADOS,312100000012,Cantidad de tarjetas de crédito (plásticos),23080668.0,N,2026,1,2026-01,inf_adi
AA910,10 PRIMEROS BANCOS PRIVADOS,318000100002,Cantidad de tarjetas de débito,33115727.0,N,2026,1,2026-01,inf_adi
AA910,10 PRIMEROS BANCOS PRIVADOS,400100001000,Cantidad de Cuentas,5593014.0,N,2026,1,2026-01,inf_adi
AA910,10 PRIMEROS BANCOS PRIVADOS,400100002000,Cantidad de Empresas,542644.0,N,2026,1,2026-01,inf_adi
